NCT_ID,drug,novel_indication,indication_ctgov,overall_status,P_fail_overall_raw,P_fail_overall_calibrated,P_fail_efficacy_calibrated,P_fail_safety_calibrated,predicted_label,model_prediction,lock_date
NCT05815485,Azeliragon,COVID-19,COVID-19,ACTIVE_NOT_RECRUITING,0.9972,0.9232,0.9133,0.0206,FAIL,FAIL_EFFICACY,2026-06-21
NCT04661358,fenofibrate,Diabetic Retinopathy,Diabetic Retinopathy,RECRUITING,0.9962,0.8684,0.2845,0.4203,FAIL,FAIL_SAFETY,2026-06-21
NCT06852222,azacitidine,"Leukemia, Myeloid, Acute","Leukemia, Myeloid, Acute",RECRUITING,0.9965,0.8391,0.9595,0.0315,FAIL,FAIL_EFFICACY,2026-06-21
NCT04090736,azacitidine,"Leukemia, Myeloid, Acute","Leukemia, Myeloid, Acute",ACTIVE_NOT_RECRUITING,0.995,0.7723,0.9341,0.0315,FAIL,FAIL_EFFICACY,2026-06-21
NCT06439524,norethindrone acetate,Endometriosis,Endometriosis,RECRUITING,0.9915,0.7458,0.2622,0.4553,FAIL,FAIL_SAFETY,2026-06-21
NCT06439524,norethindrone,Endometriosis,Endometriosis,RECRUITING,0.9915,0.7458,0.2622,0.3992,FAIL,FAIL_SAFETY,2026-06-21
NCT05066633,metoprolol,"Muscular Dystrophy, Duchenne","Muscular Dystrophy, Duchenne",RECRUITING,0.9939,0.7448,0.643,0.0548,FAIL,FAIL_EFFICACY,2026-06-21
NCT07387549,Elafibranor,Primary Sclerosing Cholangitis,Primary Sclerosing Cholangitis,RECRUITING,0.9927,0.7432,0.8163,0.0548,FAIL,FAIL_EFFICACY,2026-06-21
NCT03127267,riluzole,Amyotrophic Lateral Sclerosis,Amyotrophic Lateral Sclerosis,RECRUITING,0.9902,0.6836,0.7238,0.3647,FAIL,FAIL_EFFICACY,2026-06-21
NCT06257966,metformin,Type2 Diabetes Mellitus,Type2 Diabetes Mellitus,ACTIVE_NOT_RECRUITING,0.9902,0.6638,0.8272,0.0332,FAIL,FAIL_EFFICACY,2026-06-21
NCT03768063,Cobimetinib,Cancer,Cancer,ACTIVE_NOT_RECRUITING,0.9869,0.6456,0.2584,0.1039,FAIL,FAIL_EFFICACY,2026-06-21
NCT03768063,alectinib,Cancer,Cancer,ACTIVE_NOT_RECRUITING,0.9878,0.6454,0.2609,0.3748,FAIL,FAIL_SAFETY,2026-06-21
NCT03768063,niraparib,Cancer,Cancer,ACTIVE_NOT_RECRUITING,0.9872,0.6435,0.2584,0.6015,FAIL,FAIL_SAFETY,2026-06-21
NCT07335562,nintedanib,Systemic Sclerosis,Systemic Sclerosis,RECRUITING,0.9899,0.6415,0.2334,0.4457,FAIL,FAIL_SAFETY,2026-06-21
NCT03768063,vemurafenib,Cancer,Cancer,ACTIVE_NOT_RECRUITING,0.9837,0.6409,0.2609,0.1257,FAIL,FAIL_EFFICACY,2026-06-21
NCT03768063,cabozantinib,Cancer,Cancer,ACTIVE_NOT_RECRUITING,0.9836,0.6403,0.2622,0.411,FAIL,FAIL_SAFETY,2026-06-21
NCT03768063,sunitinib,Cancer,Cancer,ACTIVE_NOT_RECRUITING,0.9836,0.6403,0.2469,0.4441,FAIL,FAIL_SAFETY,2026-06-21
NCT03768063,enzalutamide,Cancer,Cancer,ACTIVE_NOT_RECRUITING,0.9833,0.6134,0.2447,0.0053,FAIL,FAIL_EFFICACY,2026-06-21
NCT06545526,metformin,Familial adenomatous polyposis,Familial Adenomatous Polyposis,RECRUITING,0.9807,0.6046,0.574,0.0332,FAIL,FAIL_EFFICACY,2026-06-21
NCT05843643,upadacitinib,Systemic Lupus Erythematosus,Systemic Lupus Erythematosus,ACTIVE_NOT_RECRUITING,0.9847,0.6034,0.8058,0.0351,FAIL,FAIL_EFFICACY,2026-06-21
NCT06545526,celecoxib,Familial adenomatous polyposis,Familial Adenomatous Polyposis,RECRUITING,0.9828,0.6023,0.7138,0.0357,FAIL,FAIL_EFFICACY,2026-06-21
NCT06852222,venetoclax,"Leukemia, Myeloid, Acute","Leukemia, Myeloid, Acute",RECRUITING,0.978,0.5977,0.9024,0.0376,FAIL,FAIL_EFFICACY,2026-06-21
NCT06446960,lidocaine,Stroke,Stroke,RECRUITING,0.9848,0.5862,0.5612,0.0344,FAIL,FAIL_EFFICACY,2026-06-21
NCT07419295,paclitaxel,Bladder Cancer,Bladder Cancer,RECRUITING,0.9781,0.5728,0.2215,0.2031,FAIL,FAIL_EFFICACY,2026-06-21
NCT06134388,sulfasalazine,Metastatic Colorectal Cancer,Metastatic Colorectal Cancer,RECRUITING,0.978,0.5701,0.6504,0.1209,FAIL,FAIL_EFFICACY,2026-06-21
NCT05157698,naltrexone,obesity,Obesity,ACTIVE_NOT_RECRUITING,0.9738,0.5696,0.5758,0.1152,FAIL,FAIL_EFFICACY,2026-06-21
NCT05876585,metoclopramide,Gastroenteritis,Gastroenteritis,NOT_YET_RECRUITING,0.9713,0.5663,0.6838,0.0206,FAIL,FAIL_EFFICACY,2026-06-21
NCT05201547,paclitaxel,Endometrial Cancer,Endometrial Cancer,ACTIVE_NOT_RECRUITING,0.9746,0.5543,0.5215,0.0182,FAIL,FAIL_EFFICACY,2026-06-21
NCT03503136,capecitabine,Nasopharyngeal Carcinoma,Nasopharyngeal Carcinoma,NOT_YET_RECRUITING,0.9699,0.5511,0.6093,0.178,FAIL,FAIL_EFFICACY,2026-06-21
NCT03503136,fluorouracil,Nasopharyngeal Carcinoma,Nasopharyngeal Carcinoma,NOT_YET_RECRUITING,0.9699,0.5511,0.6093,0.4297,FAIL,FAIL_EFFICACY,2026-06-21
NCT06364904,trilaciclib,Bladder Cancer,Bladder Cancer,NOT_YET_RECRUITING,0.975,0.5467,0.2145,0.7628,FAIL,FAIL_SAFETY,2026-06-21
NCT06919835,cilostazol,Stroke,Stroke,NOT_YET_RECRUITING,0.9709,0.5377,0.6638,0.0581,FAIL,FAIL_EFFICACY,2026-06-21
NCT06952504,paclitaxel,Endometrial Cancer,Endometrial Cancer,RECRUITING,0.9445,0.5239,0.4881,0.0182,FAIL,FAIL_EFFICACY,2026-06-21
NCT06486441,paclitaxel,Endometrial Cancer,Endometrial Cancer,ACTIVE_NOT_RECRUITING,0.9499,0.5195,0.4881,0.0182,FAIL,FAIL_EFFICACY,2026-06-21
NCT06132958,paclitaxel,Endometrial Cancer,Endometrial Cancer,ACTIVE_NOT_RECRUITING,0.9473,0.515,0.4881,0.0182,FAIL,FAIL_EFFICACY,2026-06-21
NCT06340568,paclitaxel,Endometrial Cancer,Endometrial Cancer,RECRUITING,0.9494,0.5114,0.4815,0.0182,FAIL,FAIL_EFFICACY,2026-06-21
NCT06118333,capecitabine,Nasopharyngeal Carcinoma,Nasopharyngeal Carcinoma,ACTIVE_NOT_RECRUITING,0.9454,0.4951,0.556,0.178,PASS,PASS,2026-06-21
NCT06118333,gemcitabine,Nasopharyngeal Carcinoma,Nasopharyngeal Carcinoma,ACTIVE_NOT_RECRUITING,0.9454,0.4951,0.556,0.4504,PASS,PASS_WITH_SIDE_EFFECT_RISK,2026-06-21
NCT05489848,paclitaxel,Endometrial Cancer,Endometrial Cancer,NOT_YET_RECRUITING,0.9436,0.4926,0.3039,0.0182,PASS,PASS,2026-06-21
NCT02460887,gemcitabine,Nasopharyngeal Carcinoma,Nasopharyngeal Carcinoma,ACTIVE_NOT_RECRUITING,0.9463,0.469,0.5758,0.4504,PASS,PASS_WITH_SIDE_EFFECT_RISK,2026-06-21
NCT06239727,gemcitabine,Nasopharyngeal Carcinoma,Nasopharyngeal Carcinoma,RECRUITING,0.9337,0.4575,0.4879,0.4504,PASS,PASS_WITH_SIDE_EFFECT_RISK,2026-06-21
NCT06239727,capecitabine,Nasopharyngeal Carcinoma,Nasopharyngeal Carcinoma,RECRUITING,0.9337,0.4575,0.4879,0.178,PASS,PASS,2026-06-21
NCT05854849,gemcitabine,Nasopharyngeal Carcinoma,Nasopharyngeal Carcinoma,RECRUITING,0.9276,0.452,0.3982,0.4504,PASS,PASS_WITH_SIDE_EFFECT_RISK,2026-06-21
NCT04907370,gemcitabine,Nasopharyngeal Carcinoma,Nasopharyngeal Carcinoma,ACTIVE_NOT_RECRUITING,0.9051,0.4512,0.484,0.4504,PASS,PASS_WITH_SIDE_EFFECT_RISK,2026-06-21
NCT06629597,gemcitabine,Nasopharyngeal Carcinoma,Nasopharyngeal Carcinoma,RECRUITING,0.9125,0.4431,0.4376,0.4504,PASS,PASS_WITH_SIDE_EFFECT_RISK,2026-06-21
NCT06629597,capecitabine,Nasopharyngeal Carcinoma,Nasopharyngeal Carcinoma,RECRUITING,0.9125,0.4431,0.4376,0.178,PASS,PASS,2026-06-21
NCT06987383,vibegron,obesity,Obesity,NOT_YET_RECRUITING,0.9455,0.4419,0.3694,0.068,PASS,PASS,2026-06-21
NCT04437329,fluorouracil,Nasopharyngeal Carcinoma,Nasopharyngeal Carcinoma,RECRUITING,0.9194,0.4408,0.4714,0.4297,PASS,PASS_WITH_SIDE_EFFECT_RISK,2026-06-21
NCT06989112,paclitaxel,Endometrial Cancer,Endometrial Cancer,RECRUITING,0.9364,0.4399,0.4923,0.0182,PASS,PASS,2026-06-21
NCT05527470,gemcitabine,Nasopharyngeal Carcinoma,Nasopharyngeal Carcinoma,RECRUITING,0.9178,0.4375,0.4376,0.4504,PASS,PASS_WITH_SIDE_EFFECT_RISK,2026-06-21
NCT05342792,capecitabine,Nasopharyngeal Carcinoma,Nasopharyngeal Carcinoma,RECRUITING,0.9178,0.4375,0.4376,0.178,PASS,PASS,2026-06-21
NCT05979961,gemcitabine,Nasopharyngeal Carcinoma,Nasopharyngeal Carcinoma,RECRUITING,0.9196,0.4374,0.4376,0.4504,PASS,PASS_WITH_SIDE_EFFECT_RISK,2026-06-21
NCT06975865,Rilzabrutinib,Sickle Cell Disease,Sickle Cell Disease,RECRUITING,0.9255,0.4366,0.6247,0.0337,PASS,PASS,2026-06-21
NCT07540390,gemcitabine,Nasopharyngeal Carcinoma,Nasopharyngeal Carcinoma,NOT_YET_RECRUITING,0.8886,0.4284,0.3265,0.4504,PASS,PASS_WITH_SIDE_EFFECT_RISK,2026-06-21
NCT05157698,bupropion,obesity,Obesity,ACTIVE_NOT_RECRUITING,0.9316,0.4255,0.4156,0.1032,PASS,PASS,2026-06-21
NCT05255653,olaparib,Endometrial Cancer,Endometrial Cancer,RECRUITING,0.9317,0.4175,0.5697,0.0179,PASS,PASS,2026-06-21
NCT05577988,clopidogrel,Myocardial Infarction,MYOCARDIAL INFARCTION,RECRUITING,0.9215,0.4166,0.5758,0.0344,PASS,PASS,2026-06-21
NCT05535946,ABX464,Ulcerative Colitis,Ulcerative Colitis,ACTIVE_NOT_RECRUITING,0.9208,0.4163,0.5824,0.0344,PASS,PASS,2026-06-21
NCT04939935,metformin,Autosomal Dominant Polycystic Kidney Disease,Autosomal Dominant Polycystic Kidney Disease,RECRUITING,0.8936,0.4143,0.4587,0.0332,PASS,PASS,2026-06-21
NCT05867849,cannabidiol,Bipolar Disorder,Bipolar Disorder,RECRUITING,0.9187,0.4122,0.5665,0.0276,PASS,PASS,2026-06-21
NCT06026878,gemcitabine,Nasopharyngeal Carcinoma,Nasopharyngeal Carcinoma,RECRUITING,0.9156,0.4097,0.3338,0.4504,PASS,PASS_WITH_SIDE_EFFECT_RISK,2026-06-21
NCT07656415,mitapivat,Sickle Cell Disease,Sickle Cell Disease,NOT_YET_RECRUITING,0.8937,0.3937,0.5758,0.0332,PASS,PASS,2026-06-21
NCT06613035,selinexor,Acute Myeloid Leukemia,Acute Myeloid Leukemia,NOT_YET_RECRUITING,0.9158,0.3927,0.4342,0.1152,PASS,PASS,2026-06-21
NCT05195775,tadalafil,Duchenne Muscular Dystrophy,Duchenne Muscular Dystrophy,ACTIVE_NOT_RECRUITING,0.9257,0.3847,0.5993,0.0174,PASS,PASS,2026-06-21
NCT06733038,leucovorin,Colorectal Cancer,Colorectal Cancer,RECRUITING,0.9038,0.3816,0.5297,0.0308,PASS,PASS,2026-06-21
NCT04624659,Etavopivat,Sickle Cell Disease,Sickle Cell Disease,ACTIVE_NOT_RECRUITING,0.8837,0.381,0.5758,0.0206,PASS,PASS,2026-06-21
NCT07265479,tapinarof,Atopic Dermatitis,Atopic Dermatitis,RECRUITING,0.8542,0.3774,0.2657,0.0179,PASS,PASS,2026-06-21
NCT05611931,selinexor,Endometrial Cancer,Endometrial Cancer,ACTIVE_NOT_RECRUITING,0.9114,0.3768,0.34,0.0337,PASS,PASS,2026-06-21
NCT04304625,tranexamic acid,postpartum hemorrhage,Postpartum Hemorrhage,RECRUITING,0.8981,0.3722,0.3338,0.0179,PASS,PASS,2026-06-21
NCT06989567,L-citrulline,Sickle Cell Disease,Sickle Cell Disease,NOT_YET_RECRUITING,0.8754,0.3716,0.603,0.0179,PASS,PASS,2026-06-21
NCT07065357,empagliflozin,Metabolic Syndrome,Metabolic Syndrome,ENROLLING_BY_INVITATION,0.8351,0.3695,0.2392,0.0179,PASS,PASS,2026-06-21
NCT07280585,dapagliflozin,"Polycystic Kidney, Autosomal Dominant","Polycystic Kidney, Autosomal Dominant",RECRUITING,0.8307,0.3622,0.2873,0.0182,PASS,PASS,2026-06-21
NCT06612268,Etavopivat,Sickle Cell Disease,Sickle Cell Disease,RECRUITING,0.8686,0.3616,0.603,0.0206,PASS,PASS,2026-06-21
NCT03725059,cyclophosphamide,Breast Cancer,Breast Cancer,ACTIVE_NOT_RECRUITING,0.8583,0.3578,0.2879,0.0206,PASS,PASS,2026-06-21
NCT05873881,colchicine,Heart Failure,Heart Failure,RECRUITING,0.88,0.3562,0.3338,0.0206,PASS,PASS,2026-06-21
NCT07338175,minocycline,intracerebral hemorrhage,Intracerebral Hemorrhage,RECRUITING,0.8111,0.3557,0.7138,0.0337,PASS,PASS,2026-06-21
NCT05179876,macitentan,"Hypertension, Pulmonary","Hypertension, Pulmonary",RECRUITING,0.8455,0.3536,0.049,0.1209,PASS,PASS,2026-06-21
NCT06441565,fluorouracil,Colorectal Cancer,Colorectal Cancer,RECRUITING,0.8182,0.3532,0.3952,0.0344,PASS,PASS,2026-06-21
NCT04562766,Rilzabrutinib,immune thrombocytopenia,Immune Thrombocytopenia,ACTIVE_NOT_RECRUITING,0.834,0.3492,0.2535,0.0337,PASS,PASS,2026-06-21
NCT06979141,lidocaine,Cough,Cough,RECRUITING,0.8407,0.3487,0.5772,0.0308,PASS,PASS,2026-06-21
NCT05945901,fluorouracil,Colorectal Cancer,Colorectal Cancer,ACTIVE_NOT_RECRUITING,0.8157,0.3483,0.315,0.0344,PASS,PASS,2026-06-21
NCT07351500,prednisolone,Influenza,Influenza,NOT_YET_RECRUITING,0.8165,0.346,0.4342,0.0179,PASS,PASS,2026-06-21
NCT07351500,methylprednisolone,Influenza,Influenza,NOT_YET_RECRUITING,0.8165,0.346,0.4342,0.0179,PASS,PASS,2026-06-21
NCT04512235,cyclophosphamide,AL Amyloidosis,AL Amyloidosis,ACTIVE_NOT_RECRUITING,0.8285,0.346,0.2218,0.283,PASS,PASS,2026-06-21
NCT06953999,paclitaxel,Pancreatic Cancer,Pancreatic Cancer,RECRUITING,0.8215,0.346,0.1839,0.1152,PASS,PASS,2026-06-21
NCT04504825,cyclophosphamide,AL Amyloidosis,AL Amyloidosis,ACTIVE_NOT_RECRUITING,0.8285,0.346,0.2218,0.283,PASS,PASS,2026-06-21
NCT07383922,paclitaxel,Pancreatic Cancer,Pancreatic Cancer,NOT_YET_RECRUITING,0.8532,0.346,0.2145,0.1152,PASS,PASS,2026-06-21
NCT06496997,methylprednisolone,acute respiratory distress syndrome,Acute Respiratory Distress Syndrome,RECRUITING,0.8085,0.3445,0.7073,0.035,PASS,PASS,2026-06-21
NCT06496997,prednisolone,acute respiratory distress syndrome,Acute Respiratory Distress Syndrome,RECRUITING,0.8085,0.3445,0.7073,0.0351,PASS,PASS,2026-06-21
NCT06496997,dexamethasone,acute respiratory distress syndrome,Acute Respiratory Distress Syndrome,RECRUITING,0.8085,0.3445,0.7073,0.0206,PASS,PASS,2026-06-21
NCT04504825,dexamethasone,AL Amyloidosis,AL Amyloidosis,ACTIVE_NOT_RECRUITING,0.8124,0.3445,0.2214,0.21,PASS,PASS,2026-06-21
NCT05699746,capecitabine,Colorectal Cancer,Colorectal Cancer,NOT_YET_RECRUITING,0.7834,0.3445,0.2657,0.0308,PASS,PASS,2026-06-21
NCT04512235,dexamethasone,AL Amyloidosis,AL Amyloidosis,ACTIVE_NOT_RECRUITING,0.8124,0.3445,0.2214,0.21,PASS,PASS,2026-06-21
NCT06913374,dexamethasone,Thrombocytopenia,Thrombocytopenia,NOT_YET_RECRUITING,0.8056,0.3445,0.1938,0.0179,PASS,PASS,2026-06-21
NCT06440967,tamoxifen,hot flashes,Hot Flashes,ACTIVE_NOT_RECRUITING,0.802,0.3437,0.1995,0.0308,PASS,PASS,2026-06-21
NCT05031780,mitapivat,Sickle Cell Disease,Sickle Cell Disease,ACTIVE_NOT_RECRUITING,0.8106,0.3433,0.3694,0.0332,PASS,PASS,2026-06-21
NCT07079228,paclitaxel,Pancreatic Cancer,Pancreatic Cancer,RECRUITING,0.8028,0.3432,0.1934,0.1152,PASS,PASS,2026-06-21
NCT07335562,cyclophosphamide,Systemic Sclerosis,Systemic Sclerosis,RECRUITING,0.7844,0.3418,0.2145,0.2789,PASS,PASS,2026-06-21
NCT05357690,bupivacaine,atrial fibrillation,Atrial Fibrillation,RECRUITING,0.8002,0.3377,0.4064,0.0376,PASS,PASS,2026-06-21
NCT06446960,bupivacaine,Stroke,Stroke,RECRUITING,0.8013,0.3363,0.449,0.1032,PASS,PASS,2026-06-21
NCT06188455,Apatinib,Ovarian Cancer,Ovarian Cancer,NOT_YET_RECRUITING,0.8051,0.3344,0.2052,0.178,PASS,PASS,2026-06-21
NCT06711185,dapagliflozin,Breast Cancer,Breast Cancer,RECRUITING,0.7845,0.3339,0.3011,0.0337,PASS,PASS,2026-06-21
NCT05873881,Thiamine,Heart Failure,Heart Failure,RECRUITING,0.7944,0.3325,0.3405,0.0182,PASS,PASS,2026-06-21
NCT07272109,paclitaxel,Pancreatic Cancer,Pancreatic Cancer,NOT_YET_RECRUITING,0.7762,0.3297,0.1312,0.1152,PASS,PASS,2026-06-21
NCT05257395,anastrozole,Advanced Breast Cancer,Advanced Breast Cancer,ACTIVE_NOT_RECRUITING,0.7352,0.3288,0.2227,0.0344,PASS,PASS,2026-06-21
NCT06613035,melphalan,Acute Myeloid Leukemia,Acute Myeloid Leukemia,NOT_YET_RECRUITING,0.7043,0.3253,0.445,0.0934,PASS,PASS,2026-06-21
NCT06780462,rivaroxaban,Behcet syndrome,Behcet Syndrome,RECRUITING,0.7282,0.3248,0.1585,0.0179,PASS,PASS,2026-06-21
NCT07362914,cyclophosphamide,Breast Cancer,Breast Cancer,RECRUITING,0.7458,0.3226,0.2218,0.0206,PASS,PASS,2026-06-21
NCT03519971,carboplatin,Non-Small Cell Lung Cancer,Non-Small Cell Lung Cancer,ACTIVE_NOT_RECRUITING,0.7388,0.3214,0.3687,0.0274,PASS,PASS,2026-06-21
NCT04351555,carboplatin,Non-Small Cell Lung Cancer,Non-Small Cell Lung Cancer,ACTIVE_NOT_RECRUITING,0.7127,0.3214,0.3138,0.0274,PASS,PASS,2026-06-21
NCT06012240,upadacitinib,Alopecia Areata,Alopecia Areata,RECRUITING,0.7575,0.3182,0.4691,0.0182,PASS,PASS,2026-06-21
NCT04520074,cyclophosphamide,Ovarian Cancer,Ovarian Cancer,RECRUITING,0.733,0.318,0.215,0.0357,PASS,PASS,2026-06-21
NCT04520074,carboplatin,Ovarian Cancer,Ovarian Cancer,RECRUITING,0.733,0.318,0.215,0.1152,PASS,PASS,2026-06-21
NCT07590687,ketamine,critical illness,Critical Illness,NOT_YET_RECRUITING,0.7392,0.3168,0.2984,0.04,PASS,PASS,2026-06-21
NCT07136987,metformin,Tuberculosis,Tuberculosis,NOT_YET_RECRUITING,0.7039,0.3166,0.0506,0.0205,PASS,PASS,2026-06-21
NCT07136987,acetylcysteine,Tuberculosis,Tuberculosis,NOT_YET_RECRUITING,0.7039,0.3166,0.0506,0.0179,PASS,PASS,2026-06-21
NCT07023302,upadacitinib,Alopecia Areata,Alopecia Areata,RECRUITING,0.7818,0.3155,0.4736,0.0182,PASS,PASS,2026-06-21
NCT06201065,leucovorin,Hepatocellular Carcinoma,Hepatocellular Carcinoma,RECRUITING,0.6987,0.3137,0.5702,0.0182,PASS,PASS,2026-06-21
NCT06733038,fluorouracil,Colorectal Cancer,Colorectal Cancer,RECRUITING,0.7328,0.3119,0.2857,0.0344,PASS,PASS,2026-06-21
NCT06519422,tranexamic acid,anemia,Anemia,NOT_YET_RECRUITING,0.6514,0.3044,0.1839,0.0205,PASS,PASS,2026-06-21
NCT04965298,lansoprazole,Idiopathic Pulmonary Fibrosis,Idiopathic Pulmonary Fibrosis,RECRUITING,0.6757,0.3033,0.0743,0.0344,PASS,PASS,2026-06-21
NCT03768063,paclitaxel,Cancer,Cancer,ACTIVE_NOT_RECRUITING,0.6723,0.301,0.2535,0.2031,PASS,PASS,2026-06-21
NCT04133792,simvastatin,Primary Sclerosing Cholangitis,Primary Sclerosing Cholangitis,ACTIVE_NOT_RECRUITING,0.6677,0.2997,0.4048,0.0344,PASS,PASS,2026-06-21
NCT04008030,fluorouracil,Metastatic Colorectal Cancer,Metastatic Colorectal Cancer,ACTIVE_NOT_RECRUITING,0.6716,0.2978,0.3304,0.1217,PASS,PASS,2026-06-21
NCT03800134,carboplatin,Non-Small Cell Lung Cancer,Non-Small Cell Lung Cancer,ACTIVE_NOT_RECRUITING,0.712,0.2977,0.3138,0.0274,PASS,PASS,2026-06-21
NCT06528444,dexamethasone,Influenza,Influenza,RECRUITING,0.7179,0.297,0.3405,0.0179,PASS,PASS,2026-06-21
NCT06236438,carboplatin,Non-Small Cell Lung Cancer,Non-Small Cell Lung Cancer,RECRUITING,0.6376,0.2963,0.3103,0.0274,PASS,PASS,2026-06-21
NCT05562609,tranexamic acid,postpartum hemorrhage,Postpartum Hemorrhage,RECRUITING,0.6301,0.2902,0.2385,0.0179,PASS,PASS,2026-06-21
NCT06118411,upadacitinib,Vitiligo,Vitiligo,ACTIVE_NOT_RECRUITING,0.55,0.2891,0.1781,0.0182,PASS,PASS,2026-06-21
NCT03768063,rucaparib,Cancer,Cancer,ACTIVE_NOT_RECRUITING,0.7349,0.2849,0.233,0.3384,PASS,PASS_WITH_SIDE_EFFECT_RISK,2026-06-21
NCT07007962,Rilzabrutinib,immune thrombocytopenia,Immune Thrombocytopenia,RECRUITING,0.6328,0.2822,0.2145,0.0337,PASS,PASS,2026-06-21
NCT02763566,anastrozole,Breast Cancer,Breast Cancer,ACTIVE_NOT_RECRUITING,0.6141,0.278,0.2227,0.0581,PASS,PASS,2026-06-21
NCT00433420,cyclophosphamide,Breast Cancer,Breast Cancer,ACTIVE_NOT_RECRUITING,0.6767,0.2769,0.2334,0.0206,PASS,PASS,2026-06-21
NCT04765059,carboplatin,Non-Small Cell Lung Cancer,Non-small Cell Lung Cancer,ACTIVE_NOT_RECRUITING,0.5585,0.2767,0.2622,0.0274,PASS,PASS,2026-06-21
NCT04293562,mitoxantrone,Acute Myeloid Leukemia,Acute Myeloid Leukemia,RECRUITING,0.6343,0.2758,0.6106,0.0977,PASS,PASS,2026-06-21
NCT05116462,carboplatin,Non-Small Cell Lung Cancer,Non-Small Cell Lung Cancer,ACTIVE_NOT_RECRUITING,0.5154,0.2755,0.2622,0.0274,PASS,PASS,2026-06-21
NCT04137653,carboplatin,Breast Cancer,Breast Cancer,RECRUITING,0.6154,0.2655,0.2186,0.0454,PASS,PASS,2026-06-21
NCT05255653,medroxyprogesterone acetate,Endometrial Cancer,Endometrial Cancer,RECRUITING,0.6204,0.2653,0.315,0.0351,PASS,PASS,2026-06-21
NCT03768063,venetoclax,Cancer,Cancer,ACTIVE_NOT_RECRUITING,0.612,0.2653,0.234,0.1217,PASS,PASS,2026-06-21
NCT00268476,metformin,Prostate Cancer,Prostate Cancer,ACTIVE_NOT_RECRUITING,0.6002,0.2599,0.1934,0.0454,PASS,PASS,2026-06-21
NCT06440694,colchicine,venous thromboembolism,Venous Thromboembolism,RECRUITING,0.5706,0.2598,0.1665,0.0206,PASS,PASS,2026-06-21
NCT06382116,carboplatin,Non-Small Cell Lung Cancer,Non-small Cell Lung Cancer,ACTIVE_NOT_RECRUITING,0.4734,0.2589,0.2573,0.0274,PASS,PASS,2026-06-21
NCT07340567,capecitabine,Colorectal Cancer,Colorectal Cancer,NOT_YET_RECRUITING,0.5501,0.2587,0.2383,0.0308,PASS,PASS,2026-06-21
NCT03178552,vemurafenib,Non-Small Cell Lung Cancer,Non-Small Cell Lung Cancer,ACTIVE_NOT_RECRUITING,0.5854,0.2582,0.3297,0.0179,PASS,PASS,2026-06-21
NCT06486142,afatinib,Non-Small Cell Lung Cancer,Non-Small Cell Lung Cancer,RECRUITING,0.5441,0.2578,0.3332,0.0182,PASS,PASS,2026-06-21
NCT07574060,allopurinol,Depression,Depression,NOT_YET_RECRUITING,0.6035,0.2569,0.2657,0.0344,PASS,PASS,2026-06-21
NCT00070564,cyclophosphamide,Breast Cancer,Breast Cancer,ACTIVE_NOT_RECRUITING,0.5913,0.2555,0.2388,0.0206,PASS,PASS,2026-06-21
NCT05469737,azacitidine,Myelodysplastic Syndromes,Myelodysplastic Syndromes,ACTIVE_NOT_RECRUITING,0.6216,0.2536,0.3303,0.0308,PASS,PASS,2026-06-21
NCT03706365,abemaciclib,Prostate Cancer,Prostate Cancer,ACTIVE_NOT_RECRUITING,0.6119,0.2518,0.2145,0.1217,PASS,PASS,2026-06-21
NCT03178552,Cobimetinib,Non-Small Cell Lung Cancer,Non-Small Cell Lung Cancer,ACTIVE_NOT_RECRUITING,0.5312,0.2517,0.3016,0.0179,PASS,PASS,2026-06-21
NCT06217042,capecitabine,Pancreatic Cancer,Pancreatic Cancer,NOT_YET_RECRUITING,0.5519,0.2515,0.1012,0.0548,PASS,PASS,2026-06-21
NCT06217042,fluorouracil,Pancreatic Cancer,Pancreatic Cancer,NOT_YET_RECRUITING,0.5519,0.2515,0.1012,0.1209,PASS,PASS,2026-06-21
NCT05664789,acetylcysteine,autism spectrum disorder,Autism Spectrum Disorder,RECRUITING,0.4389,0.2465,0.2657,0.0179,PASS,PASS,2026-06-21
NCT05058404,bendamustine,Follicular Lymphoma,Follicular Lymphoma,ACTIVE_NOT_RECRUITING,0.4991,0.2427,0.2145,0.0308,PASS,PASS,2026-06-21
NCT05780567,anastrozole,Breast Cancer,Breast Cancer,ACTIVE_NOT_RECRUITING,0.516,0.2413,0.2009,0.0581,PASS,PASS,2026-06-21
NCT02344472,eribulin,Metastatic Breast Cancer,Metastatic Breast Cancer,ACTIVE_NOT_RECRUITING,0.5534,0.2413,0.0435,0.1257,PASS,PASS,2026-06-21
NCT02246621,anastrozole,Breast Cancer,Breast Cancer,ACTIVE_NOT_RECRUITING,0.5383,0.2413,0.1991,0.0581,PASS,PASS,2026-06-21
NCT07057427,carboplatin,Breast Cancer,Breast Cancer,RECRUITING,0.5702,0.2413,0.2109,0.0454,PASS,PASS,2026-06-21
NCT06754644,carboplatin,NSCLC,NSCLC,RECRUITING,0.5405,0.2413,0.3762,0.0206,PASS,PASS,2026-06-21
NCT07309419,capecitabine,Hepatocellular Carcinoma,Hepatocellular Carcinoma,NOT_YET_RECRUITING,0.4725,0.2373,0.2496,0.0179,PASS,PASS,2026-06-21
NCT06870448,prednisolone,Acute Ischemic Stroke,Acute Ischemic Stroke,NOT_YET_RECRUITING,0.4917,0.2351,0.1763,0.0182,PASS,PASS,2026-06-21
NCT06870448,methylprednisolone,Acute Ischemic Stroke,Acute Ischemic Stroke,NOT_YET_RECRUITING,0.4917,0.2351,0.1763,0.0182,PASS,PASS,2026-06-21
NCT05687266,carboplatin,NSCLC,NSCLC,ACTIVE_NOT_RECRUITING,0.4845,0.2313,0.3219,0.0206,PASS,PASS,2026-06-21
NCT04290793,cyclophosphamide,Breast Cancer,Breast Cancer,ACTIVE_NOT_RECRUITING,0.5758,0.2313,0.1938,0.0206,PASS,PASS,2026-06-21
NCT04906395,anastrozole,Breast Cancer,Breast Cancer,ACTIVE_NOT_RECRUITING,0.42,0.231,0.1289,0.0581,PASS,PASS,2026-06-21
NCT06093672,givinostat,Polycythemia Vera,Polycythemia Vera,RECRUITING,0.4762,0.231,0.2584,0.0344,PASS,PASS,2026-06-21
NCT07216079,Rilzabrutinib,immune thrombocytopenia,Immune Thrombocytopenia,ACTIVE_NOT_RECRUITING,0.4627,0.2307,0.1705,0.0337,PASS,PASS,2026-06-21
NCT06660693,upadacitinib,"Colitis, Ulcerative","Colitis, Ulcerative",RECRUITING,0.4508,0.2296,0.1111,0.0182,PASS,PASS,2026-06-21
NCT01674140,anastrozole,Breast Cancer,Breast Cancer,ACTIVE_NOT_RECRUITING,0.4544,0.2296,0.1991,0.0581,PASS,PASS,2026-06-21
NCT06769204,lidocaine,"Infertility, Female","Infertility, Female",NOT_YET_RECRUITING,0.4498,0.2276,0.2609,0.0179,PASS,PASS,2026-06-21
NCT06769204,prilocaine,"Infertility, Female","Infertility, Female",NOT_YET_RECRUITING,0.4498,0.2276,0.2609,0.0206,PASS,PASS,2026-06-21
NCT06474039,umeclidinium,COPD,COPD,RECRUITING,0.4836,0.2227,0.084,0.0276,PASS,PASS,2026-06-21
NCT02763566,abemaciclib,Breast Cancer,Breast Cancer,ACTIVE_NOT_RECRUITING,0.4378,0.2227,0.171,0.0581,PASS,PASS,2026-06-21
NCT07309419,Apatinib,Hepatocellular Carcinoma,Hepatocellular Carcinoma,NOT_YET_RECRUITING,0.4247,0.2227,0.2186,0.068,PASS,PASS,2026-06-21
NCT06952803,prednisolone,Prostate Cancer,Prostate Cancer,RECRUITING,0.5089,0.2227,0.2031,0.0454,PASS,PASS,2026-06-21
NCT01057069,carboplatin,Breast Cancer,Breast Cancer,ACTIVE_NOT_RECRUITING,0.53,0.2221,0.2186,0.0454,PASS,PASS,2026-06-21
NCT05159193,carboplatin,Breast Cancer,Breast Cancer,RECRUITING,0.4868,0.2221,0.2109,0.0454,PASS,PASS,2026-06-21
NCT01057069,cyclophosphamide,Breast Cancer,Breast Cancer,ACTIVE_NOT_RECRUITING,0.53,0.2221,0.2186,0.0206,PASS,PASS,2026-06-21
NCT05159193,cyclophosphamide,Breast Cancer,Breast Cancer,RECRUITING,0.4868,0.2221,0.2109,0.0206,PASS,PASS,2026-06-21
NCT00268476,celecoxib,Prostate Cancer,Prostate Cancer,ACTIVE_NOT_RECRUITING,0.376,0.2217,0.2334,0.0589,PASS,PASS,2026-06-21
NCT03150576,carboplatin,Breast Cancer,Breast Cancer,RECRUITING,0.4638,0.2204,0.2145,0.0454,PASS,PASS,2026-06-21
NCT06999343,metformin,COPD,COPD,NOT_YET_RECRUITING,0.4269,0.2201,0.0893,0.0205,PASS,PASS,2026-06-21
NCT06380751,anastrozole,Advanced Breast Cancer,Advanced Breast Cancer,RECRUITING,0.4024,0.2193,0.2031,0.0344,PASS,PASS,2026-06-21
NCT06103864,carboplatin,Breast Cancer,Breast Cancer,RECRUITING,0.4257,0.2193,0.1665,0.0454,PASS,PASS,2026-06-21
NCT07227454,esketamine,"Depressive Disorder, Major","Depressive Disorder, Major",RECRUITING,0.4956,0.2187,0.2657,0.0344,PASS,PASS,2026-06-21
NCT03800134,gemcitabine,Non-Small Cell Lung Cancer,Non-Small Cell Lung Cancer,ACTIVE_NOT_RECRUITING,0.3772,0.2181,0.2367,0.0206,PASS,PASS,2026-06-21
NCT03800134,pemetrexed,Non-Small Cell Lung Cancer,Non-Small Cell Lung Cancer,ACTIVE_NOT_RECRUITING,0.3772,0.2181,0.2367,0.018,PASS,PASS,2026-06-21
NCT05201547,carboplatin,Endometrial Cancer,Endometrial Cancer,ACTIVE_NOT_RECRUITING,0.5124,0.2178,0.2584,0.0332,PASS,PASS,2026-06-21
NCT04193059,carboplatin,Breast Cancer,Breast Cancer,ACTIVE_NOT_RECRUITING,0.4419,0.216,0.2109,0.0454,PASS,PASS,2026-06-21
NCT04193059,cyclophosphamide,Breast Cancer,Breast Cancer,ACTIVE_NOT_RECRUITING,0.4419,0.216,0.2109,0.0206,PASS,PASS,2026-06-21
NCT07432178,cyclophosphamide,Breast Cancer,Breast Cancer,NOT_YET_RECRUITING,0.449,0.216,0.1665,0.0206,PASS,PASS,2026-06-21
NCT03800134,paclitaxel,Non-Small Cell Lung Cancer,Non-Small Cell Lung Cancer,ACTIVE_NOT_RECRUITING,0.4639,0.2147,0.2302,0.0293,PASS,PASS,2026-06-21
NCT06201065,fluorouracil,Hepatocellular Carcinoma,Hepatocellular Carcinoma,RECRUITING,0.4525,0.2141,0.3897,0.0206,PASS,PASS,2026-06-21
NCT03519971,etoposide,Non-Small Cell Lung Cancer,Non-Small Cell Lung Cancer,ACTIVE_NOT_RECRUITING,0.408,0.2128,0.2388,0.0206,PASS,PASS,2026-06-21
NCT03519971,pemetrexed,Non-Small Cell Lung Cancer,Non-Small Cell Lung Cancer,ACTIVE_NOT_RECRUITING,0.408,0.2128,0.2514,0.018,PASS,PASS,2026-06-21
NCT04293562,methotrexate,Acute Myeloid Leukemia,Acute Myeloid Leukemia,RECRUITING,0.4671,0.2127,0.2691,0.0934,PASS,PASS,2026-06-21
NCT06702124,rivastigmine,Alzheimer disease,Alzheimer Disease,RECRUITING,0.4004,0.211,0.2383,0.0179,PASS,PASS,2026-06-21
NCT01646034,carboplatin,Breast Cancer,Breast Cancer,ACTIVE_NOT_RECRUITING,0.423,0.211,0.1759,0.0454,PASS,PASS,2026-06-21
NCT05646862,omeprazole,Breast Cancer,Breast Cancer,ACTIVE_NOT_RECRUITING,0.4252,0.211,0.2447,0.0357,PASS,PASS,2026-06-21
NCT01646034,cyclophosphamide,Breast Cancer,Breast Cancer,ACTIVE_NOT_RECRUITING,0.423,0.211,0.1759,0.0206,PASS,PASS,2026-06-21
NCT06996093,cyclophosphamide,Breast Cancer,Breast Cancer,NOT_YET_RECRUITING,0.3559,0.211,0.1368,0.0206,PASS,PASS,2026-06-21
NCT05374512,carboplatin,Breast Cancer,Breast Cancer,ACTIVE_NOT_RECRUITING,0.3928,0.211,0.1665,0.0454,PASS,PASS,2026-06-21
NCT07309419,thalidomide,Hepatocellular Carcinoma,Hepatocellular Carcinoma,NOT_YET_RECRUITING,0.3861,0.2107,0.1897,0.0182,PASS,PASS,2026-06-21
NCT07634471,cyclophosphamide,Follicular Lymphoma,Follicular Lymphoma,NOT_YET_RECRUITING,0.4333,0.2099,0.2145,0.0179,PASS,PASS,2026-06-21
NCT07634471,bendamustine,Follicular Lymphoma,Follicular Lymphoma,NOT_YET_RECRUITING,0.4333,0.2099,0.2145,0.0308,PASS,PASS,2026-06-21
NCT05976568,capecitabine,Hepatocellular Carcinoma,Hepatocellular Carcinoma,NOT_YET_RECRUITING,0.3285,0.209,0.2447,0.0179,PASS,PASS,2026-06-21
NCT04351555,pemetrexed,Non-Small Cell Lung Cancer,Non-Small Cell Lung Cancer,ACTIVE_NOT_RECRUITING,0.3853,0.2076,0.2367,0.018,PASS,PASS,2026-06-21
NCT07520110,metformin,Idiopathic Pulmonary Fibrosis,Idiopathic Pulmonary Fibrosis,NOT_YET_RECRUITING,0.4639,0.206,0.0509,0.0205,PASS,PASS,2026-06-21
NCT06828354,gemcitabine,Ovarian Cancer,Ovarian Cancer,RECRUITING,0.445,0.2042,0.1513,0.0682,PASS,PASS,2026-06-21
NCT07141303,prednisolone,Acute Ischemic Stroke,Acute Ischemic Stroke,RECRUITING,0.4183,0.2029,0.1759,0.0182,PASS,PASS,2026-06-21
NCT07141303,methylprednisolone,Acute Ischemic Stroke,Acute Ischemic Stroke,RECRUITING,0.4183,0.2029,0.1759,0.0182,PASS,PASS,2026-06-21
NCT05198609,Apatinib,Hepatocellular Carcinoma,Hepatocellular Carcinoma,ACTIVE_NOT_RECRUITING,0.3618,0.2018,0.2195,0.068,PASS,PASS,2026-06-21
NCT03519971,paclitaxel,Non-Small Cell Lung Cancer,Non-Small Cell Lung Cancer,ACTIVE_NOT_RECRUITING,0.4456,0.1992,0.2302,0.0293,PASS,PASS,2026-06-21
NCT06571461,capecitabine,Pancreatic Cancer,Pancreatic Cancer,NOT_YET_RECRUITING,0.3535,0.1992,0.0907,0.0548,PASS,PASS,2026-06-21
NCT06955260,empagliflozin,congenital heart disease,Congenital Heart Disease,NOT_YET_RECRUITING,0.4255,0.1986,0.2691,0.0179,PASS,PASS,2026-06-21
NCT07362914,dexamethasone,Breast Cancer,Breast Cancer,RECRUITING,0.4487,0.1975,0.1399,0.0206,PASS,PASS,2026-06-21
NCT05757869,apixaban,atrial fibrillation,Atrial Fibrillation,ACTIVE_NOT_RECRUITING,0.3902,0.1968,0.2302,0.0179,PASS,PASS,2026-06-21
NCT03819101,atorvastatin,Prostate Cancer,Prostate Cancer,RECRUITING,0.3506,0.1958,0.1723,0.0934,PASS,PASS,2026-06-21
NCT05320692,Apatinib,Hepatocellular Carcinoma,Hepatocellular Carcinoma,ACTIVE_NOT_RECRUITING,0.4016,0.1929,0.2109,0.068,PASS,PASS,2026-06-21
NCT05748483,topiramate,migraine,Migraine,ACTIVE_NOT_RECRUITING,0.3882,0.1929,0.1111,0.0293,PASS,PASS,2026-06-21
NCT05799378,hydroxychloroquine,Systemic Lupus Erythematosus,Systemic Lupus Erythematosus,RECRUITING,0.3738,0.1925,0.4709,0.0947,PASS,PASS,2026-06-21
NCT02344472,ribociclib,Metastatic Breast Cancer,Metastatic Breast Cancer,ACTIVE_NOT_RECRUITING,0.3189,0.1894,0.0124,0.1152,PASS,PASS,2026-06-21
NCT03298451,Sorafenib,Hepatocellular Carcinoma,Hepatocellular Carcinoma,ACTIVE_NOT_RECRUITING,0.3239,0.1883,0.1218,0.018,PASS,PASS,2026-06-21
NCT03976063,nifedipine,Preterm premature rupture of membranes,Preterm Premature Rupture of Membrane,ACTIVE_NOT_RECRUITING,0.3451,0.1875,0.2622,0.0206,PASS,PASS,2026-06-21
NCT05800015,carboplatin,Non-Small Cell Lung Cancer,Non-small Cell Lung Cancer,ACTIVE_NOT_RECRUITING,0.3637,0.1845,0.2761,0.0274,PASS,PASS,2026-06-21
NCT06018883,gemcitabine,Metastatic Pancreatic Adenocarcinoma,Metastatic Pancreatic Adenocarcinoma,ACTIVE_NOT_RECRUITING,0.3583,0.1843,0.2195,0.0223,PASS,PASS,2026-06-21
NCT04963296,acetaminophen,Systemic Lupus Erythematosus,Systemic Lupus Erythematosus,ACTIVE_NOT_RECRUITING,0.3363,0.1841,0.2691,0.0206,PASS,PASS,2026-06-21
NCT06851078,levetiracetam,Septic Shock,Septic Shock,NOT_YET_RECRUITING,0.3233,0.1836,0.1171,0.0206,PASS,PASS,2026-06-21
NCT06476184,carboplatin,Ovarian Cancer,Ovarian Cancer,RECRUITING,0.3431,0.1836,0.1674,0.1152,PASS,PASS,2026-06-21
NCT06022939,melphalan,AL Amyloidosis,AL Amyloidosis,RECRUITING,0.3964,0.1826,0.2218,0.3404,PASS,PASS_WITH_SIDE_EFFECT_RISK,2026-06-21
NCT06022939,cyclophosphamide,AL Amyloidosis,AL Amyloidosis,RECRUITING,0.3964,0.1826,0.2218,0.283,PASS,PASS,2026-06-21
NCT06383767,eribulin,Metastatic Breast Cancer,Metastatic Breast Cancer,RECRUITING,0.297,0.1819,0.049,0.1257,PASS,PASS,2026-06-21
NCT06081959,eribulin,Metastatic Breast Cancer,Metastatic Breast Cancer,RECRUITING,0.2884,0.1819,0.049,0.1257,PASS,PASS,2026-06-21
NCT05284656,folic acid,Chronic Kidney Disease,Chronic Kidney Diseases,ACTIVE_NOT_RECRUITING,0.3542,0.1819,0.1368,0.0206,PASS,PASS,2026-06-21
NCT05427500,bupivacaine,PTSD,PTSD,ENROLLING_BY_INVITATION,0.325,0.1814,0.35,0.0344,PASS,PASS,2026-06-21
NCT06112379,carboplatin,Breast Cancer,Breast Cancer,ACTIVE_NOT_RECRUITING,0.315,0.1806,0.1938,0.0454,PASS,PASS,2026-06-21
NCT06112379,cyclophosphamide,Breast Cancer,Breast Cancer,ACTIVE_NOT_RECRUITING,0.315,0.1806,0.1938,0.0206,PASS,PASS,2026-06-21
NCT05489848,carboplatin,Endometrial Cancer,Endometrial Cancer,NOT_YET_RECRUITING,0.3365,0.1803,0.215,0.0332,PASS,PASS,2026-06-21
NCT06952504,carboplatin,Endometrial Cancer,Endometrial Cancer,RECRUITING,0.324,0.1803,0.2609,0.0332,PASS,PASS,2026-06-21
NCT04221477,acetaminophen,Lupus Nephritis,Lupus Nephritis,ACTIVE_NOT_RECRUITING,0.3481,0.1794,0.116,0.0179,PASS,PASS,2026-06-21
NCT05092984,spironolactone,Rheumatoid Arthritis,Rheumatoid Arthritis,RECRUITING,0.3076,0.178,0.1295,0.0308,PASS,PASS,2026-06-21
NCT07131319,carboplatin,Non-Small Cell Lung Cancer,Non-Small Cell Lung Cancer,RECRUITING,0.3238,0.1765,0.2145,0.0274,PASS,PASS,2026-06-21
NCT04008030,leucovorin,Metastatic Colorectal Cancer,Metastatic Colorectal Cancer,ACTIVE_NOT_RECRUITING,0.3836,0.1764,0.3756,0.116,PASS,PASS,2026-06-21
NCT06223698,anastrozole,Breast Cancer,Breast Cancer,NOT_YET_RECRUITING,0.255,0.1749,0.1337,0.0581,PASS,PASS,2026-06-21
NCT06022939,dexamethasone,AL Amyloidosis,AL Amyloidosis,RECRUITING,0.3534,0.1743,0.2227,0.21,PASS,PASS,2026-06-21
NCT03108846,citalopram,Dementia,Dementia,ACTIVE_NOT_RECRUITING,0.34,0.174,0.2657,0.0344,PASS,PASS,2026-06-21
NCT04293562,etoposide,Acute Myeloid Leukemia,Acute Myeloid Leukemia,RECRUITING,0.3009,0.1739,0.3594,0.0454,PASS,PASS,2026-06-21
NCT04520074,etoposide,Ovarian Cancer,Ovarian Cancer,RECRUITING,0.3226,0.1732,0.1328,0.0385,PASS,PASS,2026-06-21
NCT07145333,topotecan,SCLC,SCLC,ACTIVE_NOT_RECRUITING,0.2586,0.1726,0.1719,0.0206,PASS,PASS,2026-06-21
NCT06492616,anastrozole,Breast Cancer,Breast Cancer,RECRUITING,0.3209,0.1725,0.1289,0.0581,PASS,PASS,2026-06-21
NCT05063786,capecitabine,Advanced Breast Cancer,Advanced Breast Cancer,ACTIVE_NOT_RECRUITING,0.281,0.1723,0.1048,0.0179,PASS,PASS,2026-06-21
NCT06236438,pemetrexed,Non-Small Cell Lung Cancer,Non-Small Cell Lung Cancer,RECRUITING,0.303,0.1707,0.2306,0.018,PASS,PASS,2026-06-21
NCT06062810,raloxifene,Breast Cancer,Breast Cancer,ACTIVE_NOT_RECRUITING,0.333,0.1703,0.2186,0.0548,PASS,PASS,2026-06-21
NCT06519370,eribulin,Triple Negative Breast Cancer,Triple Negative Breast Cancer,ACTIVE_NOT_RECRUITING,0.26,0.1703,0.0907,0.0344,PASS,PASS,2026-06-21
NCT02918084,anastrozole,Breast Cancer,Breast Cancer,ACTIVE_NOT_RECRUITING,0.3108,0.1698,0.1539,0.0581,PASS,PASS,2026-06-21
NCT04562389,selinexor,myelofibrosis,Myelofibrosis,ACTIVE_NOT_RECRUITING,0.2301,0.1694,0.1112,0.0338,PASS,PASS,2026-06-21
NCT06911502,bendamustine,Follicular Lymphoma,Follicular Lymphoma,RECRUITING,0.1787,0.1683,0.1293,0.0308,PASS,PASS,2026-06-21
NCT06911502,cyclophosphamide,Follicular Lymphoma,Follicular Lymphoma,RECRUITING,0.1787,0.1683,0.1293,0.0179,PASS,PASS,2026-06-21
NCT00268476,prednisolone,Prostate Cancer,Prostate Cancer,ACTIVE_NOT_RECRUITING,0.3197,0.1676,0.1383,0.0454,PASS,PASS,2026-06-21
NCT06380751,Palbociclib,Advanced Breast Cancer,Advanced Breast Cancer,RECRUITING,0.3015,0.167,0.2431,0.0206,PASS,PASS,2026-06-21
NCT06811220,diosmin,Breast Cancer,Breast Cancer,NOT_YET_RECRUITING,0.2574,0.1665,0.1383,0.0376,PASS,PASS,2026-06-21
NCT04562389,ruxolitinib,myelofibrosis,Myelofibrosis,ACTIVE_NOT_RECRUITING,0.2759,0.1664,0.1288,0.0206,PASS,PASS,2026-06-21
NCT01918527,capecitabine,Colon Cancer,Colon Cancer,ACTIVE_NOT_RECRUITING,0.3078,0.1663,0.2052,0.0179,PASS,PASS,2026-06-21
NCT03755791,Sorafenib,Hepatocellular Carcinoma,Hepatocellular Carcinoma,ACTIVE_NOT_RECRUITING,0.2779,0.1662,0.1226,0.018,PASS,PASS,2026-06-21
NCT06861738,acetaminophen,Headache,Headache,NOT_YET_RECRUITING,0.2844,0.1652,0.1081,0.0179,PASS,PASS,2026-06-21
NCT06712316,paclitaxel,Non-Small Cell Lung Cancer,Non-small Cell Lung Cancer,RECRUITING,0.2946,0.1624,0.1934,0.0293,PASS,PASS,2026-06-21
NCT05620407,BMS-986165,Systemic Lupus Erythematosus,Systemic Lupus Erythematosus,ACTIVE_NOT_RECRUITING,0.2621,0.1623,0.3338,0.035,PASS,PASS,2026-06-21
NCT04963296,diphenhydramine,Systemic Lupus Erythematosus,Systemic Lupus Erythematosus,ACTIVE_NOT_RECRUITING,0.3122,0.1623,0.2691,0.0344,PASS,PASS,2026-06-21
NCT02246621,abemaciclib,Breast Cancer,Breast Cancer,ACTIVE_NOT_RECRUITING,0.2776,0.162,0.1343,0.0581,PASS,PASS,2026-06-21
NCT05207709,Palbociclib,Metastatic Breast Cancer,Metastatic Breast Cancer,ACTIVE_NOT_RECRUITING,0.2741,0.1609,0.0547,0.116,PASS,PASS,2026-06-21
NCT06989112,carboplatin,Endometrial Cancer,Endometrial Cancer,RECRUITING,0.2308,0.1608,0.2334,0.0332,PASS,PASS,2026-06-21
NCT03654053,simvastatin,Cirrhosis,Cirrhosis,ACTIVE_NOT_RECRUITING,0.2412,0.16,0.1171,0.0206,PASS,PASS,2026-06-21
NCT05494398,acetylcysteine,autism spectrum disorder,Autism Spectrum Disorder,ENROLLING_BY_INVITATION,0.2408,0.1574,0.1934,0.0179,PASS,PASS,2026-06-21
NCT06810375,bupivacaine,Lung Cancer,Lung Cancers,RECRUITING,0.2874,0.1574,0.1665,0.1547,PASS,PASS,2026-06-21
NCT04301739,cyclophosphamide,Triple Negative Breast Cancer,Triple Negative Breast Cancer,NOT_YET_RECRUITING,0.2511,0.1551,0.1197,0.0179,PASS,PASS,2026-06-21
NCT07582549,fluticasone propionate,chronic cough,Chronic Cough,RECRUITING,0.2561,0.1551,0.1108,0.0206,PASS,PASS,2026-06-21
NCT04301739,carboplatin,Triple Negative Breast Cancer,Triple Negative Breast Cancer,NOT_YET_RECRUITING,0.2511,0.1551,0.1197,0.0332,PASS,PASS,2026-06-21
NCT03155997,abemaciclib,Breast Cancer,Breast Cancer,ACTIVE_NOT_RECRUITING,0.2367,0.1542,0.1326,0.0581,PASS,PASS,2026-06-21
NCT06474039,fluticasone furoate,COPD,COPD,RECRUITING,0.2718,0.1527,0.0672,0.0206,PASS,PASS,2026-06-21
NCT05170204,alectinib,Non-Small Cell Lung Cancer,Non-Small Cell Lung Cancer,ACTIVE_NOT_RECRUITING,0.1967,0.1507,0.2334,0.0276,PASS,PASS,2026-06-21
NCT07131319,paclitaxel,Non-Small Cell Lung Cancer,Non-Small Cell Lung Cancer,RECRUITING,0.2475,0.1504,0.112,0.0293,PASS,PASS,2026-06-21
NCT06787222,tretinoin,acne vulgaris,Acne Vulgaris,ACTIVE_NOT_RECRUITING,0.2054,0.1495,0.1073,0.0344,PASS,PASS,2026-06-21
NCT05905965,empagliflozin,Metabolic Syndrome,Metabolic Syndrome,RECRUITING,0.2146,0.1493,0.1252,0.0179,PASS,PASS,2026-06-21
NCT06615050,cyclophosphamide,Graft-versus-host Disease (GVHD),Graft-versus-host Disease (GVHD),RECRUITING,0.1792,0.1484,0.1479,0.0179,PASS,PASS,2026-06-21
NCT05654454,carboplatin,Non-Small Cell Lung Cancer,Non-Small Cell Lung Cancer,RECRUITING,0.2631,0.1463,0.2334,0.0274,PASS,PASS,2026-06-21
NCT06380751,abemaciclib,Advanced Breast Cancer,Advanced Breast Cancer,RECRUITING,0.2123,0.1447,0.188,0.0339,PASS,PASS,2026-06-21
NCT04039607,Sorafenib,Hepatocellular Carcinoma,Hepatocellular Carcinoma,ACTIVE_NOT_RECRUITING,0.2173,0.1446,0.1218,0.018,PASS,PASS,2026-06-21
NCT06712316,carboplatin,Non-Small Cell Lung Cancer,Non-small Cell Lung Cancer,RECRUITING,0.2285,0.144,0.2214,0.0274,PASS,PASS,2026-06-21
NCT06254599,crizotinib,Non-Small Cell Lung Cancer,Non-small Cell Lung Cancer,NOT_YET_RECRUITING,0.2011,0.1437,0.2622,0.0276,PASS,PASS,2026-06-21
NCT04963296,methylprednisolone,Systemic Lupus Erythematosus,Systemic Lupus Erythematosus,ACTIVE_NOT_RECRUITING,0.1658,0.1437,0.5162,0.0344,PASS,PASS,2026-06-21
NCT04963296,prednisolone,Systemic Lupus Erythematosus,Systemic Lupus Erythematosus,ACTIVE_NOT_RECRUITING,0.1658,0.1437,0.5162,0.0315,PASS,PASS,2026-06-21
NCT04408638,gemcitabine,Diffuse Large B-Cell Lymphoma,Diffuse Large B-cell Lymphoma,ACTIVE_NOT_RECRUITING,0.2164,0.1429,0.1153,0.0205,PASS,PASS,2026-06-21
NCT04134598,anastrozole,Breast Cancer,Breast Cancer,ACTIVE_NOT_RECRUITING,0.2195,0.1422,0.1218,0.0581,PASS,PASS,2026-06-21
NCT05116462,paclitaxel,Non-Small Cell Lung Cancer,Non-Small Cell Lung Cancer,ACTIVE_NOT_RECRUITING,0.1914,0.1417,0.1498,0.0293,PASS,PASS,2026-06-21
NCT06615050,mycophenolate mofetil,Graft-versus-host Disease (GVHD),Graft-versus-host Disease (GVHD),RECRUITING,0.1868,0.139,0.1275,0.0277,PASS,PASS,2026-06-21
NCT07497438,etoposide,hemophagocytic lymphohistiocytosis,Hemophagocytic Lymphohistiocytosis,NOT_YET_RECRUITING,0.1679,0.138,0.1376,0.0179,PASS,PASS,2026-06-21
NCT04639986,eribulin,Metastatic Breast Cancer,Metastatic Breast Cancer,ACTIVE_NOT_RECRUITING,0.2005,0.1359,0.049,0.1257,PASS,PASS,2026-06-21
NCT07045142,metformin,schizophrenia,Schizophrenia,RECRUITING,0.1798,0.1359,0.1252,0.0205,PASS,PASS,2026-06-21
NCT04803539,Apatinib,Breast Cancer,Breast Cancer,RECRUITING,0.1962,0.1354,0.1128,0.1217,PASS,PASS,2026-06-21
NCT06508658,gemcitabine,Diffuse Large B-Cell Lymphoma,Diffuse Large B-Cell Lymphoma,ACTIVE_NOT_RECRUITING,0.1857,0.1347,0.1112,0.0205,PASS,PASS,2026-06-21
NCT06775314,adapalene,acne vulgaris,Acne Vulgaris,NOT_YET_RECRUITING,0.192,0.1343,0.1083,0.0276,PASS,PASS,2026-06-21
NCT03223220,ketamine,Acute Ischemic Stroke,Acute Ischemic Stroke,NOT_YET_RECRUITING,0.1712,0.1336,0.1406,0.0206,PASS,PASS,2026-06-21
NCT04981327,apixaban,Deep Vein Thrombosis,Deep Vein Thrombosis,NOT_YET_RECRUITING,0.1772,0.1334,0.1081,0.0179,PASS,PASS,2026-06-21
NCT06279364,eribulin,Triple Negative Breast Cancer,Triple Negative Breast Cancer,RECRUITING,0.159,0.1332,0.0805,0.0344,PASS,PASS,2026-06-21
NCT06143891,prednisone,Chronic Graft Versus Host Disease,Chronic Graft Versus Host Disease,ACTIVE_NOT_RECRUITING,0.142,0.1331,0.4403,0.0206,PASS,PASS,2026-06-21
NCT06143891,prednisolone,Chronic Graft Versus Host Disease,Chronic Graft Versus Host Disease,ACTIVE_NOT_RECRUITING,0.142,0.1331,0.4403,0.0315,PASS,PASS,2026-06-21
NCT06382116,pemetrexed,Non-Small Cell Lung Cancer,Non-small Cell Lung Cancer,ACTIVE_NOT_RECRUITING,0.2534,0.1325,0.2145,0.018,PASS,PASS,2026-06-21
NCT05287321,hydroxychloroquine,preeclampsia,Preeclampsia,RECRUITING,0.173,0.1322,0.1073,0.0308,PASS,PASS,2026-06-21
NCT07633873,paclitaxel,Non-Small Cell Lung Cancer,Non-Small Cell Lung Cancer,NOT_YET_RECRUITING,0.1389,0.1313,0.1278,0.0293,PASS,PASS,2026-06-21
NCT05236972,capecitabine,colorectal carcinoma,Colorectal Carcinoma,RECRUITING,0.1639,0.1313,0.1,0.0179,PASS,PASS,2026-06-21
NCT05219409,sitagliptin,Type 1 Diabetes,Type 1 Diabetes,NOT_YET_RECRUITING,0.1959,0.1313,0.2145,0.0276,PASS,PASS,2026-06-21
NCT05827159,gabapentin,Alcohol Use Disorder,Alcohol Use Disorder,RECRUITING,0.1646,0.1313,0.116,0.0179,PASS,PASS,2026-06-21
NCT06682169,mycophenolate mofetil,Graft-versus-host Disease,Graft-versus-host Disease,RECRUITING,0.1768,0.1313,0.1081,0.0277,PASS,PASS,2026-06-21
NCT00433420,fluorouracil,Breast Cancer,Breast Cancer,ACTIVE_NOT_RECRUITING,0.1724,0.1313,0.116,0.0339,PASS,PASS,2026-06-21
NCT05654454,paclitaxel,Non-Small Cell Lung Cancer,Non-Small Cell Lung Cancer,RECRUITING,0.1417,0.1313,0.1934,0.0293,PASS,PASS,2026-06-21
NCT06268327,gemcitabine,Breast Cancer,Breast Cancer,NOT_YET_RECRUITING,0.1966,0.1308,0.1142,0.0344,PASS,PASS,2026-06-21
NCT07349069,anastrozole,Breast Cancer,Breast Cancer,RECRUITING,0.1901,0.1308,0.1002,0.0581,PASS,PASS,2026-06-21
NCT07448285,ropivacaine,Chronic pain,Chronic Pain,RECRUITING,0.1917,0.1296,0.1073,0.0276,PASS,PASS,2026-06-21
NCT06383767,gemcitabine,Metastatic Breast Cancer,Metastatic Breast Cancer,RECRUITING,0.1965,0.1296,0.0497,0.1152,PASS,PASS,2026-06-21
NCT06081959,gemcitabine,Metastatic Breast Cancer,Metastatic Breast Cancer,RECRUITING,0.1888,0.1296,0.0497,0.1152,PASS,PASS,2026-06-21
NCT04540692,cyclophosphamide,Breast Cancer,Breast Cancer,RECRUITING,0.1469,0.1293,0.1337,0.0206,PASS,PASS,2026-06-21
NCT07045142,atorvastatin,schizophrenia,Schizophrenia,RECRUITING,0.1787,0.1291,0.1275,0.0337,PASS,PASS,2026-06-21
NCT03414502,azathioprine,Rheumatoid Arthritis,Rheumatoid Arthritis,RECRUITING,0.1597,0.1288,0.0907,0.0179,PASS,PASS,2026-06-21
NCT04765059,pemetrexed,Non-Small Cell Lung Cancer,Non-small Cell Lung Cancer,ACTIVE_NOT_RECRUITING,0.2003,0.1288,0.2109,0.018,PASS,PASS,2026-06-21
NCT05646862,bupropion,Breast Cancer,Breast Cancer,ACTIVE_NOT_RECRUITING,0.1635,0.1288,0.1289,0.035,PASS,PASS,2026-06-21
NCT05207709,ribociclib,Metastatic Breast Cancer,Metastatic Breast Cancer,ACTIVE_NOT_RECRUITING,0.1462,0.1288,0.0484,0.1152,PASS,PASS,2026-06-21
NCT06447480,isotretinoin,acne vulgaris,Acne Vulgaris,RECRUITING,0.1961,0.1285,0.1073,0.035,PASS,PASS,2026-06-21
NCT06584032,paclitaxel,Advanced Endometrial Cancer,Advanced Endometrial Cancer,RECRUITING,0.1585,0.1274,0.1111,0.0182,PASS,PASS,2026-06-21
NCT06492616,elacestrant,Breast Cancer,Breast Cancer,RECRUITING,0.1611,0.1274,0.1574,0.0548,PASS,PASS,2026-06-21
NCT03755791,cabozantinib,Hepatocellular Carcinoma,Hepatocellular Carcinoma,ACTIVE_NOT_RECRUITING,0.1349,0.1274,0.1073,0.0206,PASS,PASS,2026-06-21
NCT04722978,carboplatin,Triple Negative Breast Cancer,Triple Negative Breast Cancer,RECRUITING,0.1512,0.1265,0.112,0.0332,PASS,PASS,2026-06-21
NCT03351348,bupivacaine,Breast Cancer,Breast Cancer,RECRUITING,0.1297,0.1248,0.116,0.1032,PASS,PASS,2026-06-21
NCT05063786,eribulin,Advanced Breast Cancer,Advanced Breast Cancer,ACTIVE_NOT_RECRUITING,0.1153,0.1248,0.1022,0.0344,PASS,PASS,2026-06-21
NCT04821622,talazoparib,Prostate Cancer,Prostate Cancer,ACTIVE_NOT_RECRUITING,0.1675,0.1241,0.1498,0.0557,PASS,PASS,2026-06-21
NCT06980727,dexamethasone,Renal Colic,Renal Colic,NOT_YET_RECRUITING,0.1667,0.1239,0.1067,0.0179,PASS,PASS,2026-06-21
NCT07100080,carboplatin,Non-Small Cell Lung Cancer,Non-Small Cell Lung Cancer,RECRUITING,0.1844,0.123,0.2186,0.0274,PASS,PASS,2026-06-21
NCT06907173,levetiracetam,status epilepticus,Status Epilepticus,RECRUITING,0.1819,0.1229,0.11,0.0206,PASS,PASS,2026-06-21
NCT06615050,methotrexate,Graft-versus-host Disease (GVHD),Graft-versus-host Disease (GVHD),RECRUITING,0.134,0.1228,0.123,0.0179,PASS,PASS,2026-06-21
NCT07416474,carboplatin,Non-Small Cell Lung Cancer,Non-Small Cell Lung Cancer,RECRUITING,0.1814,0.1224,0.2186,0.0274,PASS,PASS,2026-06-21
NCT05116462,pemetrexed,Non-Small Cell Lung Cancer,Non-Small Cell Lung Cancer,ACTIVE_NOT_RECRUITING,0.1957,0.1217,0.2145,0.018,PASS,PASS,2026-06-21
NCT07634471,vincristine,Follicular Lymphoma,Follicular Lymphoma,NOT_YET_RECRUITING,0.1225,0.121,0.131,0.0307,PASS,PASS,2026-06-21
NCT05502237,paclitaxel,Non-Small Cell Lung Cancer,Non-small Cell Lung Cancer,ACTIVE_NOT_RECRUITING,0.1658,0.121,0.2109,0.0293,PASS,PASS,2026-06-21
NCT07633873,carboplatin,Non-Small Cell Lung Cancer,Non-Small Cell Lung Cancer,NOT_YET_RECRUITING,0.1246,0.1206,0.2109,0.0274,PASS,PASS,2026-06-21
NCT05140525,macitentan,CTEPH,CTEPH,RECRUITING,0.1291,0.1206,0.1073,0.0179,PASS,PASS,2026-06-21
NCT06692738,carboplatin,Non-Small Cell Lung Cancer,Non-small Cell Lung Cancer,RECRUITING,0.1356,0.1206,0.2227,0.0274,PASS,PASS,2026-06-21
NCT06829459,carboplatin,Non-Small Cell Lung Cancer,Non-Small Cell Lung Cancer,RECRUITING,0.1199,0.1206,0.2109,0.0274,PASS,PASS,2026-06-21
NCT04956692,paclitaxel,Non-Small Cell Lung Cancer,Non-Small Cell Lung Cancer,ACTIVE_NOT_RECRUITING,0.1395,0.1206,0.1934,0.0293,PASS,PASS,2026-06-21
NCT05800015,pemetrexed,Non-Small Cell Lung Cancer,Non-small Cell Lung Cancer,ACTIVE_NOT_RECRUITING,0.1057,0.1206,0.2145,0.018,PASS,PASS,2026-06-21
NCT06519370,gemcitabine,Triple Negative Breast Cancer,Triple Negative Breast Cancer,ACTIVE_NOT_RECRUITING,0.1169,0.1206,0.0907,0.0205,PASS,PASS,2026-06-21
NCT07642024,carboplatin,Non-Small Cell Lung Cancer,Non-small Cell Lung Cancer,NOT_YET_RECRUITING,0.1191,0.1206,0.2109,0.0274,PASS,PASS,2026-06-21
NCT05891093,anastrozole,Breast Cancer,Breast Cancer,RECRUITING,0.1492,0.1184,0.0995,0.0581,PASS,PASS,2026-06-21
NCT05645536,anastrozole,Breast Cancer,Breast Cancer,ENROLLING_BY_INVITATION,0.1313,0.1184,0.0907,0.0581,PASS,PASS,2026-06-21
NCT05876585,ondansetron,Gastroenteritis,Gastroenteritis,NOT_YET_RECRUITING,0.1005,0.1181,0.2609,0.0357,PASS,PASS,2026-06-21
NCT04639986,gemcitabine,Metastatic Breast Cancer,Metastatic Breast Cancer,ACTIVE_NOT_RECRUITING,0.1645,0.1172,0.0497,0.1152,PASS,PASS,2026-06-21
NCT07533123,eribulin,Triple Negative Breast Cancer,Triple Negative Breast Cancer,RECRUITING,0.1217,0.1161,0.0665,0.0344,PASS,PASS,2026-06-21
NCT07214818,empagliflozin,Nephrotic Syndrome,Nephrotic Syndrome,RECRUITING,0.1267,0.1161,0.0927,0.0179,PASS,PASS,2026-06-21
NCT03734029,gemcitabine,Breast Cancer,Breast Cancer,ACTIVE_NOT_RECRUITING,0.1255,0.1161,0.0993,0.0344,PASS,PASS,2026-06-21
NCT06089707,naloxone,opioid use disorder,Opioid Use Disorder,RECRUITING,0.1507,0.1161,0.1083,0.0332,PASS,PASS,2026-06-21
NCT06279364,carboplatin,Triple Negative Breast Cancer,Triple Negative Breast Cancer,RECRUITING,0.1003,0.1161,0.0893,0.0332,PASS,PASS,2026-06-21
NCT07214818,dapagliflozin,Nephrotic Syndrome,Nephrotic Syndrome,RECRUITING,0.1267,0.1161,0.0927,0.0182,PASS,PASS,2026-06-21
NCT05696626,abemaciclib,Metastatic Breast Cancer,Metastatic Breast Cancer,RECRUITING,0.1244,0.1161,0.0246,0.1486,PASS,PASS,2026-06-21
NCT06616532,topotecan,SCLC,SCLC,ACTIVE_NOT_RECRUITING,0.1138,0.1161,0.1081,0.0206,PASS,PASS,2026-06-21
NCT06377852,Palbociclib,Metastatic Breast Cancer,Metastatic Breast Cancer,RECRUITING,0.1357,0.1161,0.0241,0.116,PASS,PASS,2026-06-21
NCT06089707,fentanyl,opioid use disorder,Opioid Use Disorder,RECRUITING,0.1507,0.1161,0.1083,0.0179,PASS,PASS,2026-06-21
NCT07416474,paclitaxel,Non-Small Cell Lung Cancer,Non-Small Cell Lung Cancer,RECRUITING,0.0907,0.1161,0.1278,0.0293,PASS,PASS,2026-06-21
NCT04529772,vincristine,Diffuse Large B-Cell Lymphoma,Diffuse Large B-Cell Lymphoma,ACTIVE_NOT_RECRUITING,0.1256,0.1161,0.1142,0.0307,PASS,PASS,2026-06-21
NCT03768063,pemetrexed,Cancer,Cancer,ACTIVE_NOT_RECRUITING,0.092,0.1147,0.2271,0.3186,PASS,PASS_WITH_SIDE_EFFECT_RISK,2026-06-21
NCT06136624,abiraterone acetate,Prostate Cancer Metastatic,Prostate Cancer Metastatic,RECRUITING,0.1062,0.1147,0.0985,0.0276,PASS,PASS,2026-06-21
NCT07055958,levodopa,Parkinson Disease,Parkinson Disease,ACTIVE_NOT_RECRUITING,0.0831,0.1144,0.1252,0.0182,PASS,PASS,2026-06-21
NCT07055958,metformin,Parkinson Disease,Parkinson Disease,ACTIVE_NOT_RECRUITING,0.0821,0.1144,0.0985,0.0205,PASS,PASS,2026-06-21
NCT04241185,fluorouracil,Urinary Bladder Neoplasms,Urinary Bladder Neoplasms,ACTIVE_NOT_RECRUITING,0.0914,0.1144,0.0907,0.0205,PASS,PASS,2026-06-21
NCT06243614,buspirone,generalized anxiety disorder,Generalized Anxiety Disorder,RECRUITING,0.077,0.1144,0.0907,0.0182,PASS,PASS,2026-06-21
NCT02767804,crizotinib,Non-Small Cell Lung Cancer,Non-small Cell Lung Cancer,ACTIVE_NOT_RECRUITING,0.0722,0.1144,0.1498,0.0276,PASS,PASS,2026-06-21
NCT05030155,cyclophosphamide,Eosinophilic Granulomatosis With Polyangiitis,Eosinophilic Granulomatosis With Polyangiitis,ACTIVE_NOT_RECRUITING,0.1071,0.1144,0.0909,0.0179,PASS,PASS,2026-06-21
NCT05578976,vincristine,Diffuse Large B-Cell Lymphoma,Diffuse Large B-Cell Lymphoma,ACTIVE_NOT_RECRUITING,0.1692,0.1137,0.114,0.0307,PASS,PASS,2026-06-21
NCT06363994,bendamustine,Mantle Cell Lymphoma,Mantle Cell Lymphoma,RECRUITING,0.1282,0.1121,0.1809,0.0332,PASS,PASS,2026-06-21
NCT04956692,carboplatin,Non-Small Cell Lung Cancer,Non-Small Cell Lung Cancer,ACTIVE_NOT_RECRUITING,0.1149,0.1114,0.2109,0.0274,PASS,PASS,2026-06-21
NCT03425643,gemcitabine,Non-Small Cell Lung Cancer,Non-small Cell Lung Cancer,ACTIVE_NOT_RECRUITING,0.1143,0.1112,0.1991,0.0206,PASS,PASS,2026-06-21
NCT05502237,carboplatin,Non-Small Cell Lung Cancer,Non-small Cell Lung Cancer,ACTIVE_NOT_RECRUITING,0.0993,0.1112,0.2145,0.0274,PASS,PASS,2026-06-21
NCT07190248,carboplatin,Non-Small Cell Lung Cancer,Non-small Cell Lung Cancer,RECRUITING,0.1116,0.1112,0.2109,0.0274,PASS,PASS,2026-06-21
NCT03425643,pemetrexed,Non-Small Cell Lung Cancer,Non-small Cell Lung Cancer,ACTIVE_NOT_RECRUITING,0.1143,0.1112,0.1991,0.018,PASS,PASS,2026-06-21
NCT06377852,ribociclib,Metastatic Breast Cancer,Metastatic Breast Cancer,RECRUITING,0.0717,0.1107,0.0191,0.1152,PASS,PASS,2026-06-21
NCT07131319,pemetrexed,Non-Small Cell Lung Cancer,Non-Small Cell Lung Cancer,RECRUITING,0.1596,0.1102,0.1506,0.018,PASS,PASS,2026-06-21
NCT06717347,vincristine,Diffuse Large B-Cell Lymphoma,Diffuse Large B-Cell Lymphoma,RECRUITING,0.1229,0.1078,0.1112,0.0307,PASS,PASS,2026-06-21
NCT01957436,abiraterone acetate,Metastatic Prostate Cancer,Metastatic Prostate Cancer,ACTIVE_NOT_RECRUITING,0.0762,0.1068,0.0907,0.0276,PASS,PASS,2026-06-21
NCT06284122,cyclophosphamide,Follicular Lymphoma,Follicular Lymphoma,RECRUITING,0.1004,0.1058,0.1252,0.0179,PASS,PASS,2026-06-21
NCT06929624,gemcitabine,Diffuse Large B-Cell Lymphoma,Diffuse Large B-cell Lymphoma,RECRUITING,0.1397,0.1058,0.1,0.0205,PASS,PASS,2026-06-21
NCT03859921,dydrogesterone,Subfertility,Subfertility,RECRUITING,0.1237,0.1058,0.1073,0.0344,PASS,PASS,2026-06-21
NCT06103864,gemcitabine,Breast Cancer,Breast Cancer,RECRUITING,0.1036,0.1058,0.0993,0.0344,PASS,PASS,2026-06-21
NCT05814354,gemcitabine,Breast Cancer,Breast Cancer,RECRUITING,0.1399,0.1055,0.0993,0.0344,PASS,PASS,2026-06-21
NCT06712316,pemetrexed,Non-Small Cell Lung Cancer,Non-small Cell Lung Cancer,RECRUITING,0.0817,0.1055,0.1934,0.018,PASS,PASS,2026-06-21
NCT06358313,atorvastatin,Ischemic Stroke,Ischemic Stroke,RECRUITING,0.0865,0.1055,0.1159,0.0337,PASS,PASS,2026-06-21
NCT06360120,atorvastatin,Ischemic Stroke,Ischemic Stroke,RECRUITING,0.0822,0.1055,0.11,0.0337,PASS,PASS,2026-06-21
NCT01646034,gemcitabine,Breast Cancer,Breast Cancer,ACTIVE_NOT_RECRUITING,0.1065,0.1055,0.0993,0.0344,PASS,PASS,2026-06-21
NCT04381936,colchicine,pneumonia,Pneumonia,RECRUITING,0.1197,0.1055,0.0907,0.0206,PASS,PASS,2026-06-21
NCT04381936,dexamethasone,pneumonia,Pneumonia,RECRUITING,0.0887,0.1055,0.0893,0.0179,PASS,PASS,2026-06-21
NCT06692738,paclitaxel,Non-Small Cell Lung Cancer,Non-small Cell Lung Cancer,RECRUITING,0.1091,0.1055,0.2043,0.0293,PASS,PASS,2026-06-21
NCT06561386,carboplatin,Non-Small Cell Lung Cancer,Non-small Cell Lung Cancer,RECRUITING,0.092,0.1055,0.2109,0.0274,PASS,PASS,2026-06-21
NCT06079983,gemcitabine,Breast Cancer,Breast Cancer,RECRUITING,0.0994,0.1055,0.0907,0.0344,PASS,PASS,2026-06-21
NCT04381936,hydroxychloroquine,pneumonia,Pneumonia,RECRUITING,0.0861,0.1055,0.0893,0.0344,PASS,PASS,2026-06-21
NCT06711900,carboplatin,Non-Small Cell Lung Cancer,Non-Small Cell Lung Cancer,RECRUITING,0.0936,0.1055,0.2052,0.0274,PASS,PASS,2026-06-21
NCT04036435,BMS-986165,psoriasis,Psoriasis,ACTIVE_NOT_RECRUITING,0.0548,0.1051,0.0893,0.0206,PASS,PASS,2026-06-21
NCT05891093,toremifene,Breast Cancer,Breast Cancer,RECRUITING,0.0652,0.1051,0.1235,0.0548,PASS,PASS,2026-06-21
NCT04722978,gemcitabine,Triple Negative Breast Cancer,Triple Negative Breast Cancer,RECRUITING,0.0682,0.1038,0.1218,0.0205,PASS,PASS,2026-06-21
NCT05104866,gemcitabine,Breast Cancer,Breast Cancer,ACTIVE_NOT_RECRUITING,0.0588,0.1038,0.1022,0.0344,PASS,PASS,2026-06-21
NCT04824092,vincristine,Diffuse Large B-Cell Lymphoma,Diffuse Large B-cell Lymphoma,ACTIVE_NOT_RECRUITING,0.1149,0.1038,0.1115,0.0307,PASS,PASS,2026-06-21
NCT03178552,alectinib,Non-Small Cell Lung Cancer,Non-Small Cell Lung Cancer,ACTIVE_NOT_RECRUITING,0.0957,0.1038,0.2195,0.0276,PASS,PASS,2026-06-21
NCT04035486,carboplatin,Non-Small Cell Lung Cancer,Non-Small Cell Lung Cancer,ACTIVE_NOT_RECRUITING,0.1067,0.1029,0.2109,0.0274,PASS,PASS,2026-06-21
NCT05870319,carboplatin,Non-Small Cell Lung Cancer,Non-small Cell Lung Cancer,ACTIVE_NOT_RECRUITING,0.0751,0.1029,0.1938,0.0274,PASS,PASS,2026-06-21
NCT06857175,paclitaxel,Urothelial Carcinoma,Urothelial Carcinoma,RECRUITING,0.077,0.1019,0.2622,0.0206,PASS,PASS,2026-06-21
NCT05800015,paclitaxel,Non-Small Cell Lung Cancer,Non-small Cell Lung Cancer,ACTIVE_NOT_RECRUITING,0.102,0.1019,0.1521,0.0293,PASS,PASS,2026-06-21
NCT07168200,carboplatin,Advanced Cervical Cancer,Advanced Cervical Cancer,RECRUITING,0.0501,0.1012,0.188,0.0308,PASS,PASS,2026-06-21
NCT05613608,cannabidiol,Alcohol Use Disorder,Alcohol Use Disorder,RECRUITING,0.0541,0.1003,0.084,0.0293,PASS,PASS,2026-06-21
NCT07229651,metformin,Parkinson Disease,Parkinson Disease,RECRUITING,0.0613,0.1003,0.0907,0.0205,PASS,PASS,2026-06-21
NCT07183215,Curcumin,Osteoarthritis,Osteoarthritis,ENROLLING_BY_INVITATION,0.0549,0.0992,0.1229,0.0276,PASS,PASS,2026-06-21
NCT06321601,cyclophosphamide,Vasculitis,Vasculitis,RECRUITING,0.0402,0.0977,0.0748,0.0179,PASS,PASS,2026-06-21
NCT06561867,cilostazol,Ischemic Stroke,Ischemic Stroke,RECRUITING,0.053,0.0962,0.0995,0.0308,PASS,PASS,2026-06-21
NCT06591377,cilostazol,Ischemic Stroke,Ischemic Stroke,RECRUITING,0.0493,0.0962,0.0995,0.0308,PASS,PASS,2026-06-21
NCT06196047,cilostazol,Ischemic Stroke,Ischemic Stroke,RECRUITING,0.0631,0.0962,0.1067,0.0308,PASS,PASS,2026-06-21
NCT06591299,cilostazol,Ischemic Stroke,Ischemic Stroke,RECRUITING,0.0493,0.0962,0.0995,0.0308,PASS,PASS,2026-06-21
NCT06591390,cilostazol,Ischemic Stroke,Ischemic Stroke,RECRUITING,0.0493,0.0962,0.0995,0.0308,PASS,PASS,2026-06-21
NCT07100080,pemetrexed,Non-Small Cell Lung Cancer,Non-Small Cell Lung Cancer,RECRUITING,0.0592,0.0962,0.1894,0.018,PASS,PASS,2026-06-21
NCT06591351,cilostazol,Ischemic Stroke,Ischemic Stroke,RECRUITING,0.0493,0.0962,0.0995,0.0308,PASS,PASS,2026-06-21
NCT06677970,nicardipine,Acute Ischemic Stroke,Acute Ischemic Stroke,RECRUITING,0.0939,0.0962,0.0995,0.031,PASS,PASS,2026-06-21
NCT07429734,gabapentin,overactive bladder,Overactive Bladder,NOT_YET_RECRUITING,0.0936,0.0962,0.1073,0.0179,PASS,PASS,2026-06-21
NCT06202755,cilostazol,Ischemic Stroke,Ischemic Stroke,RECRUITING,0.0631,0.0962,0.1067,0.0308,PASS,PASS,2026-06-21
NCT03168880,carboplatin,Triple Negative Breast Cancer,Triple Negative Breast Cancer,ACTIVE_NOT_RECRUITING,0.0465,0.0945,0.0811,0.0332,PASS,PASS,2026-06-21
NCT07526987,minocycline,Ischaemic Stroke,Ischaemic Stroke,NOT_YET_RECRUITING,0.0472,0.0945,0.122,0.0206,PASS,PASS,2026-06-21
NCT05668988,carboplatin,Non-Small Cell Lung Cancer,Non-small Cell Lung Cancer,ACTIVE_NOT_RECRUITING,0.0533,0.0945,0.1585,0.0274,PASS,PASS,2026-06-21
NCT07533123,gemcitabine,Triple Negative Breast Cancer,Triple Negative Breast Cancer,RECRUITING,0.0556,0.094,0.0867,0.0205,PASS,PASS,2026-06-21
NCT05911295,gemcitabine,Urothelial Carcinoma,Urothelial Carcinoma,ACTIVE_NOT_RECRUITING,0.053,0.0937,0.2622,0.0344,PASS,PASS,2026-06-21
NCT05911295,carboplatin,Urothelial Carcinoma,Urothelial Carcinoma,ACTIVE_NOT_RECRUITING,0.053,0.0937,0.2622,0.0454,PASS,PASS,2026-06-21
NCT04194944,carboplatin,Non-Small Cell Lung Cancer,Non-Small Cell Lung Cancer,ACTIVE_NOT_RECRUITING,0.0711,0.0936,0.1938,0.0274,PASS,PASS,2026-06-21
NCT03967977,carboplatin,Urothelial Carcinoma,Urothelial Carcinoma,ACTIVE_NOT_RECRUITING,0.0358,0.092,0.2657,0.0454,PASS,PASS,2026-06-21
NCT03967977,gemcitabine,Urothelial Carcinoma,Urothelial Carcinoma,ACTIVE_NOT_RECRUITING,0.0358,0.092,0.2657,0.0344,PASS,PASS,2026-06-21
NCT06341621,abemaciclib,Breast Cancer,Breast Cancer,RECRUITING,0.0368,0.0919,0.0907,0.0581,PASS,PASS,2026-06-21
NCT06109649,afamelanotide,Vitiligo,Vitiligo,ACTIVE_NOT_RECRUITING,0.0318,0.0919,0.1427,0.0206,PASS,PASS,2026-06-21
NCT06564844,carboplatin,Non-Small Cell Lung Cancer,Non-small Cell Lung Cancer,ACTIVE_NOT_RECRUITING,0.0678,0.0915,0.2109,0.0274,PASS,PASS,2026-06-21
NCT06592326,carboplatin,Urothelial Carcinoma,Urothelial Carcinoma,RECRUITING,0.0412,0.0901,0.2622,0.0454,PASS,PASS,2026-06-21
NCT06592326,gemcitabine,Urothelial Carcinoma,Urothelial Carcinoma,RECRUITING,0.0412,0.0901,0.2622,0.0344,PASS,PASS,2026-06-21
NCT07633873,pemetrexed,Non-Small Cell Lung Cancer,Non-Small Cell Lung Cancer,NOT_YET_RECRUITING,0.0332,0.0898,0.162,0.018,PASS,PASS,2026-06-21
NCT05827081,ribociclib,Early Breast Cancer,Early Breast Cancer,RECRUITING,0.0623,0.0897,0.084,0.0206,PASS,PASS,2026-06-21
NCT06782646,berberine,Hyperlipidemia,Hyperlipidemia,ENROLLING_BY_INVITATION,0.0399,0.0897,0.0907,0.0308,PASS,PASS,2026-06-21
NCT04035486,pemetrexed,Non-Small Cell Lung Cancer,Non-Small Cell Lung Cancer,ACTIVE_NOT_RECRUITING,0.0303,0.0894,0.1839,0.018,PASS,PASS,2026-06-21
NCT02970318,idelalisib,Chronic Lymphocytic Leukemia,Chronic Lymphocytic Leukemia,ACTIVE_NOT_RECRUITING,0.0435,0.0894,0.0893,0.0344,PASS,PASS,2026-06-21
NCT04194944,pemetrexed,Non-Small Cell Lung Cancer,Non-Small Cell Lung Cancer,ACTIVE_NOT_RECRUITING,0.0175,0.0873,0.1506,0.018,PASS,PASS,2026-06-21
NCT07174908,pemetrexed,Non-Small Cell Lung Cancer,Non-Small Cell Lung Cancer,RECRUITING,0.028,0.0873,0.1585,0.018,PASS,PASS,2026-06-21
NCT06702124,rotigotine,Alzheimer disease,Alzheimer Disease,RECRUITING,0.0622,0.0872,0.1934,0.0206,PASS,PASS,2026-06-21
NCT07245264,tranexamic acid,Chronic Subdural Hematomas,Chronic Subdural Hematoma,RECRUITING,0.0375,0.0872,0.0765,0.0205,PASS,PASS,2026-06-21
NCT05076175,ozanimod,"Colitis, Ulcerative","Colitis, Ulcerative",RECRUITING,0.0233,0.0871,0.1008,0.0206,PASS,PASS,2026-06-21
NCT06686576,capecitabine,Colon Cancer,Colon Cancer,RECRUITING,0.0414,0.0859,0.1159,0.0179,PASS,PASS,2026-06-21
NCT06911502,vincristine,Follicular Lymphoma,Follicular Lymphoma,RECRUITING,0.031,0.0859,0.0907,0.0307,PASS,PASS,2026-06-21
NCT02970318,bendamustine,Chronic Lymphocytic Leukemia,Chronic Lymphocytic Leukemia,ACTIVE_NOT_RECRUITING,0.0165,0.0846,0.0907,0.0308,PASS,PASS,2026-06-21
NCT07227402,cabozantinib,renal cell carcinoma,Renal Cell Carcinoma,RECRUITING,0.0194,0.0846,0.0827,0.0206,PASS,PASS,2026-06-21
NCT04570085,caffeine,Alzheimer disease,Alzheimer Disease,RECRUITING,0.0286,0.0846,0.1473,0.0206,PASS,PASS,2026-06-21
NCT03701334,ribociclib,Early Breast Cancer,Early Breast Cancer,ACTIVE_NOT_RECRUITING,0.0283,0.0846,0.0811,0.0206,PASS,PASS,2026-06-21
NCT05891093,abemaciclib,Breast Cancer,Breast Cancer,RECRUITING,0.022,0.0846,0.0907,0.0581,PASS,PASS,2026-06-21
NCT06760637,abemaciclib,Breast Cancer,Breast Cancer,ACTIVE_NOT_RECRUITING,0.0175,0.0846,0.0907,0.0581,PASS,PASS,2026-06-21
NCT06170489,bendamustine,Hodgkin Lymphoma,Hodgkin Lymphoma,RECRUITING,0.0357,0.0841,0.2609,0.0685,PASS,PASS,2026-06-21
NCT06170489,gemcitabine,Hodgkin Lymphoma,Hodgkin Lymphoma,RECRUITING,0.0407,0.0836,0.2302,0.0344,PASS,PASS,2026-06-21
NCT07229651,levodopa,Parkinson Disease,Parkinson Disease,RECRUITING,0.0328,0.0836,0.0907,0.0182,PASS,PASS,2026-06-21
NCT07229664,levodopa,Parkinson Disease,Parkinson Disease,RECRUITING,0.0328,0.0836,0.0907,0.0182,PASS,PASS,2026-06-21
NCT07642024,pemetrexed,Non-Small Cell Lung Cancer,Non-small Cell Lung Cancer,NOT_YET_RECRUITING,0.0338,0.0831,0.1506,0.018,PASS,PASS,2026-06-21
NCT06944496,capecitabine,Gastric Carcinoma,Gastric Carcinoma,NOT_YET_RECRUITING,0.0169,0.0828,0.1128,0.0182,PASS,PASS,2026-06-21
NCT07315750,capecitabine,Gastric Carcinoma,Gastric Carcinoma,RECRUITING,0.0136,0.0828,0.1186,0.0182,PASS,PASS,2026-06-21
NCT05633654,capecitabine,Triple Negative Breast Cancer,Triple Negative Breast Cancer,RECRUITING,0.0172,0.0825,0.0665,0.0179,PASS,PASS,2026-06-21
NCT05827081,letrozole,Early Breast Cancer,Early Breast Cancer,RECRUITING,0.0167,0.0825,0.1157,0.0308,PASS,PASS,2026-06-21
NCT06136624,enzalutamide,Prostate Cancer Metastatic,Prostate Cancer Metastatic,RECRUITING,0.014,0.0825,0.075,0.0,PASS,PASS,2026-06-21
NCT06829459,pemetrexed,Non-Small Cell Lung Cancer,Non-Small Cell Lung Cancer,RECRUITING,0.0334,0.0822,0.1506,0.018,PASS,PASS,2026-06-21
NCT04685616,dacarbazine,Hodgkin Lymphoma,Hodgkin Lymphoma,RECRUITING,0.0412,0.082,0.2609,0.0277,PASS,PASS,2026-06-21
NCT06113640,levodopa,Parkinson Disease,Parkinson Disease,RECRUITING,0.0291,0.0815,0.0907,0.0182,PASS,PASS,2026-06-21
NCT06052267,albuterol,asthma,Asthma,ACTIVE_NOT_RECRUITING,0.0197,0.0811,0.1566,0.0203,PASS,PASS,2026-06-21
NCT07306663,carboplatin,Esophageal Cancer,Esophageal Cancer,ACTIVE_NOT_RECRUITING,0.0295,0.0811,0.0811,0.0293,PASS,PASS,2026-06-21
NCT05840822,cannabidiol,insomnia,Insomnia,RECRUITING,0.0257,0.0811,0.0827,0.0276,PASS,PASS,2026-06-21
NCT05502237,pemetrexed,Non-Small Cell Lung Cancer,Non-small Cell Lung Cancer,ACTIVE_NOT_RECRUITING,0.0238,0.0806,0.1585,0.018,PASS,PASS,2026-06-21
NCT07190248,pemetrexed,Non-Small Cell Lung Cancer,Non-small Cell Lung Cancer,RECRUITING,0.0276,0.0806,0.1498,0.018,PASS,PASS,2026-06-21
NCT04956692,pemetrexed,Non-Small Cell Lung Cancer,Non-Small Cell Lung Cancer,ACTIVE_NOT_RECRUITING,0.0226,0.0797,0.1506,0.018,PASS,PASS,2026-06-21
NCT06519370,capecitabine,Triple Negative Breast Cancer,Triple Negative Breast Cancer,ACTIVE_NOT_RECRUITING,0.0178,0.0795,0.0665,0.0179,PASS,PASS,2026-06-21
NCT06860958,roflumilast,"Depressive Disorder, Major","Depressive Disorder, Major",RECRUITING,0.0244,0.0793,0.2622,0.0351,PASS,PASS,2026-06-21
NCT06785298,fexofenadine,Parkinson Disease,Parkinson Disease,RECRUITING,0.0216,0.0793,0.0827,0.0344,PASS,PASS,2026-06-21
NCT06979453,BMS-986165,plaque psoriasis,Plaque Psoriasis,RECRUITING,0.0165,0.0786,0.079,0.0206,PASS,PASS,2026-06-21
NCT07467356,bupivacaine,Pain Management,Pain Management,RECRUITING,0.0167,0.0786,0.0985,0.0344,PASS,PASS,2026-06-21
NCT03414502,minocycline,Rheumatoid Arthritis,Rheumatoid Arthritis,RECRUITING,0.0111,0.0784,0.0589,0.0206,PASS,PASS,2026-06-21
NCT06860958,fluoxetine,"Depressive Disorder, Major","Depressive Disorder, Major",RECRUITING,0.0184,0.0771,0.2334,0.0337,PASS,PASS,2026-06-21
NCT07634471,prednisone,Follicular Lymphoma,Follicular Lymphoma,NOT_YET_RECRUITING,0.0077,0.0768,0.0827,0.0179,PASS,PASS,2026-06-21
NCT07634471,prednisolone,Follicular Lymphoma,Follicular Lymphoma,NOT_YET_RECRUITING,0.0077,0.0768,0.0827,0.0182,PASS,PASS,2026-06-21
NCT06917651,sufentanil,Pain Management,Pain Management,RECRUITING,0.0145,0.0768,0.0893,0.0204,PASS,PASS,2026-06-21
NCT02866071,ketamine,Acute Traumatic Pain,Acute Traumatic Pain,ACTIVE_NOT_RECRUITING,0.0142,0.0768,0.0927,0.0179,PASS,PASS,2026-06-21
NCT06819956,ketorolac,Pain Management,Pain Management,RECRUITING,0.0095,0.0764,0.0665,0.0179,PASS,PASS,2026-06-21
NCT06850454,olanzapine,Chemotherapy Induced Nausea and Vomiting,Chemotherapy Induced Nausea and Vomiting,RECRUITING,0.0087,0.0764,0.0649,0.0206,PASS,PASS,2026-06-21
NCT00602641,thalidomide,Multiple Myeloma,Multiple Myeloma,ACTIVE_NOT_RECRUITING,0.0089,0.0764,0.0573,0.0179,PASS,PASS,2026-06-21
NCT06355401,tamoxifen,Diffuse Large B Cell Lymphoma,Diffuse Large B Cell Lymphoma,NOT_YET_RECRUITING,0.0135,0.0764,0.0882,0.0337,PASS,PASS,2026-06-21
NCT03141177,cabozantinib,renal cell carcinoma,Renal Cell Carcinoma,ACTIVE_NOT_RECRUITING,0.0101,0.0764,0.075,0.0206,PASS,PASS,2026-06-21
NCT04910464,tranexamic acid,Sepsis,Sepsis,RECRUITING,0.0079,0.0764,0.0643,0.0206,PASS,PASS,2026-06-21
NCT06727734,piroxicam,contraception,Contraception,RECRUITING,0.0086,0.0764,0.0665,0.0179,PASS,PASS,2026-06-21
NCT05510323,cyclophosphamide,"Glomerulonephritis, IGA","Glomerulonephritis, IGA",RECRUITING,0.0086,0.0764,0.0893,0.0179,PASS,PASS,2026-06-21
NCT06727734,levonorgestrel,contraception,Contraception,RECRUITING,0.0084,0.0764,0.0665,0.0206,PASS,PASS,2026-06-21
NCT04221477,prednisolone,Lupus Nephritis,Lupus Nephritis,ACTIVE_NOT_RECRUITING,0.0087,0.0764,0.0665,0.0182,PASS,PASS,2026-06-21
NCT04221477,methylprednisolone,Lupus Nephritis,Lupus Nephritis,ACTIVE_NOT_RECRUITING,0.0087,0.0764,0.0665,0.0182,PASS,PASS,2026-06-21
NCT05987332,crizotinib,Metastatic Uveal Melanoma,Metastatic Uveal Melanoma,ACTIVE_NOT_RECRUITING,0.0146,0.0764,0.075,0.0276,PASS,PASS,2026-06-21
NCT06758739,Curcumin,oral submucous fibrosis,Oral Submucous Fibrosis,NOT_YET_RECRUITING,0.0077,0.0764,0.0909,0.0276,PASS,PASS,2026-06-21
NCT04333823,dapagliflozin,"Diabetes Mellitus, Type 1","Diabetes Mellitus, Type 1",ACTIVE_NOT_RECRUITING,0.0098,0.0764,0.0672,0.0179,PASS,PASS,2026-06-21
NCT03933631,prednisolone,Glaucoma,Glaucoma,RECRUITING,0.0109,0.0764,0.061,0.0179,PASS,PASS,2026-06-21
NCT06561386,pemetrexed,Non-Small Cell Lung Cancer,Non-small Cell Lung Cancer,RECRUITING,0.022,0.0758,0.1498,0.018,PASS,PASS,2026-06-21
NCT06785298,levodopa,Parkinson Disease,Parkinson Disease,RECRUITING,0.0146,0.0755,0.0827,0.0182,PASS,PASS,2026-06-21
NCT03774836,morphine,Pain Management,Pain Management,ACTIVE_NOT_RECRUITING,0.0168,0.0755,0.0893,0.0206,PASS,PASS,2026-06-21
NCT06711900,pemetrexed,Non-Small Cell Lung Cancer,Non-Small Cell Lung Cancer,RECRUITING,0.0231,0.0754,0.136,0.018,PASS,PASS,2026-06-21
NCT05870319,pemetrexed,Non-Small Cell Lung Cancer,Non-small Cell Lung Cancer,ACTIVE_NOT_RECRUITING,0.0177,0.0749,0.136,0.018,PASS,PASS,2026-06-21
NCT07490769,levetiracetam,epilepsy,Epilepsy,RECRUITING,0.0081,0.0749,0.0665,0.0182,PASS,PASS,2026-06-21
NCT03937219,cabozantinib,renal cell carcinoma,Renal Cell Carcinoma,ACTIVE_NOT_RECRUITING,0.0082,0.0748,0.0827,0.0206,PASS,PASS,2026-06-21
NCT05491525,vibegron,Neurogenic Detrusor Overactivity,Neurogenic Detrusor Overactivity,RECRUITING,0.01,0.0748,0.0595,0.0179,PASS,PASS,2026-06-21
NCT07370181,ketamine,Pain,Pain,NOT_YET_RECRUITING,0.0069,0.0746,0.061,0.0179,PASS,PASS,2026-06-21
NCT07225634,acetaminophen,Acute Pain,Acute Pain,NOT_YET_RECRUITING,0.0077,0.0746,0.0573,0.0179,PASS,PASS,2026-06-21
NCT06677970,phenylephrine,Acute Ischemic Stroke,Acute Ischemic Stroke,RECRUITING,0.0118,0.0746,0.0765,0.0179,PASS,PASS,2026-06-21
NCT00572169,etoposide,Multiple Myeloma,Multiple Myeloma,ACTIVE_NOT_RECRUITING,0.0084,0.0746,0.0491,0.0179,PASS,PASS,2026-06-21
NCT07326813,BMS-986165,plaque psoriasis,Plaque Psoriasis,RECRUITING,0.0094,0.0746,0.0665,0.0206,PASS,PASS,2026-06-21
NCT05734105,sunitinib,GIST,GIST,ACTIVE_NOT_RECRUITING,0.007,0.0746,0.0628,0.0182,PASS,PASS,2026-06-21
NCT05600426,cyclophosphamide,severe aplastic anemia,Severe Aplastic Anemia,ACTIVE_NOT_RECRUITING,0.0068,0.0746,0.0895,0.0179,PASS,PASS,2026-06-21
NCT07386587,methotrexate,juvenile idiopathic arthritis,Juvenile Idiopathic Arthritis,ENROLLING_BY_INVITATION,0.0097,0.0746,0.0765,0.0179,PASS,PASS,2026-06-21
NCT06648772,roflumilast,plaque psoriasis,Plaque Psoriasis,RECRUITING,0.0069,0.0746,0.0628,0.0205,PASS,PASS,2026-06-21
NCT05734105,imatinib,GIST,GIST,ACTIVE_NOT_RECRUITING,0.007,0.0746,0.0628,0.0276,PASS,PASS,2026-06-21
NCT06564844,etoposide,Non-Small Cell Lung Cancer,Non-small Cell Lung Cancer,ACTIVE_NOT_RECRUITING,0.0163,0.0739,0.136,0.0206,PASS,PASS,2026-06-21
NCT06564844,pemetrexed,Non-Small Cell Lung Cancer,Non-small Cell Lung Cancer,ACTIVE_NOT_RECRUITING,0.0163,0.0739,0.1529,0.018,PASS,PASS,2026-06-21
NCT06655883,suvorexant,insomnia,Insomnia,RECRUITING,0.0071,0.0736,0.0665,0.0182,PASS,PASS,2026-06-21
NCT07222137,baricitinib,"Diabetes Mellitus, Type 1","Diabetes Mellitus, Type 1",RECRUITING,0.0074,0.0734,0.0687,0.0206,PASS,PASS,2026-06-21
NCT06805513,tadalafil,erectile dysfunction,Erectile Dysfunction,RECRUITING,0.0062,0.0734,0.0566,0.0174,PASS,PASS,2026-06-21
NCT00602641,prednisone,Multiple Myeloma,Multiple Myeloma,ACTIVE_NOT_RECRUITING,0.0057,0.0728,0.049,0.0179,PASS,PASS,2026-06-21
NCT07222332,baricitinib,"Diabetes Mellitus, Type 1","Diabetes Mellitus, Type 1",RECRUITING,0.008,0.0711,0.0808,0.0206,PASS,PASS,2026-06-21
NCT03178552,carboplatin,Non-Small Cell Lung Cancer,Non-Small Cell Lung Cancer,ACTIVE_NOT_RECRUITING,0.0109,0.0703,0.2109,0.0274,PASS,PASS,2026-06-21
NCT02486718,gemcitabine,Non-Small Cell Lung Cancer,Non-Small Cell Lung Cancer,ACTIVE_NOT_RECRUITING,0.0096,0.0703,0.1755,0.0206,PASS,PASS,2026-06-21
NCT02486718,pemetrexed,Non-Small Cell Lung Cancer,Non-Small Cell Lung Cancer,ACTIVE_NOT_RECRUITING,0.0096,0.0703,0.1755,0.018,PASS,PASS,2026-06-21
NCT06136624,dexamethasone,Prostate Cancer Metastatic,Prostate Cancer Metastatic,RECRUITING,0.0067,0.0697,0.0595,0.0179,PASS,PASS,2026-06-21
NCT04342910,Apatinib,Gastric Cancer,Gastric Cancer,RECRUITING,0.0064,0.0689,0.0595,0.0819,PASS,PASS,2026-06-21
NCT05578976,prednisone,Diffuse Large B-Cell Lymphoma,Diffuse Large B-Cell Lymphoma,ACTIVE_NOT_RECRUITING,0.0103,0.0689,0.061,0.0179,PASS,PASS,2026-06-21
NCT02811861,sunitinib,renal cell carcinoma,Renal Cell Carcinoma,ACTIVE_NOT_RECRUITING,0.0083,0.0685,0.0665,0.0182,PASS,PASS,2026-06-21
NCT02811861,lenvatinib,renal cell carcinoma,Renal Cell Carcinoma,ACTIVE_NOT_RECRUITING,0.0083,0.0685,0.0665,0.0206,PASS,PASS,2026-06-21
NCT05668988,pemetrexed,Non-Small Cell Lung Cancer,Non-small Cell Lung Cancer,ACTIVE_NOT_RECRUITING,0.0133,0.0681,0.1022,0.018,PASS,PASS,2026-06-21
NCT06045013,prednisolone acetate,Carpal Tunnel Syndrome,Carpal Tunnel Syndrome,RECRUITING,0.0067,0.068,0.0573,0.0179,PASS,PASS,2026-06-21
NCT05736744,atracurium,Muscle Relaxation,Muscle Relaxation,RECRUITING,0.0068,0.068,0.2145,0.0315,PASS,PASS,2026-06-21
NCT06508658,lenalidomide,Diffuse Large B-Cell Lymphoma,Diffuse Large B-Cell Lymphoma,ACTIVE_NOT_RECRUITING,0.0073,0.068,0.0665,0.0179,PASS,PASS,2026-06-21
NCT06045013,prednisolone,Carpal Tunnel Syndrome,Carpal Tunnel Syndrome,RECRUITING,0.0067,0.068,0.0573,0.0179,PASS,PASS,2026-06-21
NCT06045013,methylprednisolone,Carpal Tunnel Syndrome,Carpal Tunnel Syndrome,RECRUITING,0.0067,0.068,0.0573,0.0179,PASS,PASS,2026-06-21
NCT06202755,ticagrelor,Ischemic Stroke,Ischemic Stroke,RECRUITING,0.0066,0.068,0.0573,0.0182,PASS,PASS,2026-06-21
NCT06196047,ticagrelor,Ischemic Stroke,Ischemic Stroke,RECRUITING,0.0066,0.068,0.0573,0.0182,PASS,PASS,2026-06-21
NCT06045013,methylprednisolone acetate,Carpal Tunnel Syndrome,Carpal Tunnel Syndrome,RECRUITING,0.0067,0.068,0.0573,0.0204,PASS,PASS,2026-06-21
NCT06781697,ketamine,Treatment Resistant Depression,Treatment Resistant Depression,NOT_YET_RECRUITING,0.0066,0.068,0.0573,0.0179,PASS,PASS,2026-06-21
NCT06907173,ketamine,status epilepticus,Status Epilepticus,RECRUITING,0.0072,0.068,0.0649,0.0206,PASS,PASS,2026-06-21
NCT06561867,ticagrelor,Ischemic Stroke,Ischemic Stroke,RECRUITING,0.0064,0.068,0.0573,0.0182,PASS,PASS,2026-06-21
NCT06899126,pemetrexed,Non-Small Cell Lung Cancer,Non-small Cell Lung Cancer,RECRUITING,0.0105,0.0678,0.0995,0.018,PASS,PASS,2026-06-21
NCT03141177,sunitinib,renal cell carcinoma,Renal Cell Carcinoma,ACTIVE_NOT_RECRUITING,0.0083,0.0676,0.061,0.0182,PASS,PASS,2026-06-21
NCT06664619,albuterol,asthma,Asthma,RECRUITING,0.0087,0.0676,0.1013,0.0203,PASS,PASS,2026-06-21
NCT06522555,zanubrutinib,Diffuse Large B-Cell Lymphoma,Diffuse Large B-Cell Lymphoma,RECRUITING,0.008,0.0676,0.0603,0.0351,PASS,PASS,2026-06-21
NCT06279364,capecitabine,Triple Negative Breast Cancer,Triple Negative Breast Cancer,RECRUITING,0.0085,0.0671,0.0566,0.0179,PASS,PASS,2026-06-21
NCT06522555,lenalidomide,Diffuse Large B-Cell Lymphoma,Diffuse Large B-Cell Lymphoma,RECRUITING,0.0068,0.0671,0.0665,0.0179,PASS,PASS,2026-06-21
NCT06591312,ticagrelor,Ischemic Stroke,Ischemic Stroke,RECRUITING,0.0059,0.0667,0.0525,0.0182,PASS,PASS,2026-06-21
NCT06591390,ticagrelor,Ischemic Stroke,Ischemic Stroke,RECRUITING,0.0059,0.0667,0.0525,0.0182,PASS,PASS,2026-06-21
NCT06591377,ticagrelor,Ischemic Stroke,Ischemic Stroke,RECRUITING,0.0059,0.0667,0.0525,0.0182,PASS,PASS,2026-06-21
NCT06591338,ticagrelor,Ischemic Stroke,Ischemic Stroke,RECRUITING,0.0059,0.0667,0.0525,0.0182,PASS,PASS,2026-06-21
NCT02901184,spironolactone,Heart Failure With Preserved Ejection Fraction,Heart Failure With Preserved Ejection Fraction,RECRUITING,0.006,0.0667,0.0573,0.0308,PASS,PASS,2026-06-21
NCT06819774,cetirizine,Acute Urticaria,Acute Urticaria,RECRUITING,0.0065,0.0667,0.0532,0.0179,PASS,PASS,2026-06-21
NCT05756179,diosmin,Rheumatoid Arthritis,Rheumatoid Arthritis,RECRUITING,0.005,0.0666,0.0569,0.0206,PASS,PASS,2026-06-21
NCT03011684,tamoxifen,Infertility,Infertility,RECRUITING,0.0059,0.0663,0.0687,0.0308,PASS,PASS,2026-06-21
NCT07533123,capecitabine,Triple Negative Breast Cancer,Triple Negative Breast Cancer,RECRUITING,0.0092,0.0663,0.049,0.0179,PASS,PASS,2026-06-21
NCT03477500,cyclophosphamide,Multiple Sclerosis,Multiple Sclerosis,ACTIVE_NOT_RECRUITING,0.0054,0.0661,0.0532,0.0179,PASS,PASS,2026-06-21
NCT06916884,betamethasone,allergic rhinitis,Allergic Rhinitis,RECRUITING,0.0059,0.0661,0.0566,0.0179,PASS,PASS,2026-06-21
NCT06361888,paclitaxel,Metastatic Pancreatic Cancer,Metastatic Pancreatic Cancer,RECRUITING,0.0055,0.0658,0.049,0.0238,PASS,PASS,2026-06-21
NCT06941415,furosemide,Cirrhosis,Cirrhosis,RECRUITING,0.0055,0.0658,0.0573,0.0206,PASS,PASS,2026-06-21
NCT03981796,niraparib,Neoplasms,Neoplasms,ACTIVE_NOT_RECRUITING,0.0048,0.0658,0.075,0.0276,PASS,PASS,2026-06-21
NCT06471257,albuterol,asthma,Asthma,RECRUITING,0.0067,0.0658,0.1013,0.0203,PASS,PASS,2026-06-21
NCT06941415,bumetanide,Cirrhosis,Cirrhosis,RECRUITING,0.0055,0.0658,0.0573,0.0206,PASS,PASS,2026-06-21
NCT04544436,methylprednisolone,Multiple Sclerosis,Multiple Sclerosis,ACTIVE_NOT_RECRUITING,0.0066,0.0655,0.0743,0.0179,PASS,PASS,2026-06-21
NCT04548999,methylprednisolone,Multiple Sclerosis,Multiple Sclerosis,ACTIVE_NOT_RECRUITING,0.0066,0.0655,0.0665,0.0179,PASS,PASS,2026-06-21
NCT04548999,prednisolone,Multiple Sclerosis,Multiple Sclerosis,ACTIVE_NOT_RECRUITING,0.0066,0.0655,0.0665,0.0179,PASS,PASS,2026-06-21
NCT04544436,prednisolone,Multiple Sclerosis,Multiple Sclerosis,ACTIVE_NOT_RECRUITING,0.0066,0.0655,0.0743,0.0179,PASS,PASS,2026-06-21
NCT04923893,cyclophosphamide,Multiple Myeloma,Multiple Myeloma,ACTIVE_NOT_RECRUITING,0.0039,0.0645,0.0509,0.0179,PASS,PASS,2026-06-21
NCT07177326,tadalafil,erectile dysfunction,Erectile Dysfunction,NOT_YET_RECRUITING,0.0045,0.064,0.0525,0.0174,PASS,PASS,2026-06-21
NCT06904287,prochlorperazine,migraine,Migraine,RECRUITING,0.0054,0.064,0.0587,0.0308,PASS,PASS,2026-06-21
NCT06033131,metformin,preeclampsia,Preeclampsia,RECRUITING,0.0054,0.064,0.0525,0.0179,PASS,PASS,2026-06-21
NCT07598864,dapagliflozin,diabetic nephropathy,Diabetic Nephropathy,NOT_YET_RECRUITING,0.0052,0.064,0.0525,0.0182,PASS,PASS,2026-06-21
NCT07225634,ibuprofen,Acute Pain,Acute Pain,NOT_YET_RECRUITING,0.005,0.064,0.0509,0.0205,PASS,PASS,2026-06-21
NCT06284876,lansoprazole,Peptic Ulcer,Peptic Ulcer,RECRUITING,0.005,0.064,0.0509,0.0315,PASS,PASS,2026-06-21
NCT06770426,phenylephrine,Acute Ischemic Stroke,Acute Ischemic Stroke,NOT_YET_RECRUITING,0.0069,0.0639,0.0672,0.0179,PASS,PASS,2026-06-21
NCT00572169,thalidomide,Multiple Myeloma,Multiple Myeloma,ACTIVE_NOT_RECRUITING,0.006,0.0639,0.0566,0.0179,PASS,PASS,2026-06-21
NCT04603807,crizotinib,"Carcinoma, Non-Small-Cell Lung","Carcinoma, Non-Small-Cell Lung",ACTIVE_NOT_RECRUITING,0.0048,0.0636,0.2496,0.0276,PASS,PASS,2026-06-21
NCT07445295,paclitaxel,Metastatic Pancreatic Ductal Adenocarcinoma,Metastatic Pancreatic Ductal Adenocarcinoma,NOT_YET_RECRUITING,0.0051,0.0635,0.0509,0.0238,PASS,PASS,2026-06-21
NCT07165951,paclitaxel,Metastatic Pancreatic Ductal Adenocarcinoma,Metastatic Pancreatic Ductal Adenocarcinoma,RECRUITING,0.0049,0.063,0.0517,0.0238,PASS,PASS,2026-06-21
NCT03052608,crizotinib,"Carcinoma, Non-Small-Cell Lung","Carcinoma, Non-Small-Cell Lung",ACTIVE_NOT_RECRUITING,0.0048,0.063,0.2334,0.0276,PASS,PASS,2026-06-21
NCT04529772,prednisone,Diffuse Large B-Cell Lymphoma,Diffuse Large B-Cell Lymphoma,ACTIVE_NOT_RECRUITING,0.0045,0.0628,0.061,0.0179,PASS,PASS,2026-06-21
NCT04529772,acalabrutinib,Diffuse Large B-Cell Lymphoma,Diffuse Large B-Cell Lymphoma,ACTIVE_NOT_RECRUITING,0.0048,0.0628,0.061,0.0454,PASS,PASS,2026-06-21
NCT06717347,prednisolone,Diffuse Large B-Cell Lymphoma,Diffuse Large B-Cell Lymphoma,RECRUITING,0.0058,0.0627,0.0587,0.0182,PASS,PASS,2026-06-21
NCT06717347,methylprednisolone,Diffuse Large B-Cell Lymphoma,Diffuse Large B-Cell Lymphoma,RECRUITING,0.0058,0.0627,0.0587,0.0179,PASS,PASS,2026-06-21
NCT06717347,prednisone,Diffuse Large B-Cell Lymphoma,Diffuse Large B-Cell Lymphoma,RECRUITING,0.0058,0.0627,0.0587,0.0179,PASS,PASS,2026-06-21
NCT07472413,diphenhydramine,Multiple Sclerosis,Multiple Sclerosis,NOT_YET_RECRUITING,0.0049,0.0623,0.0665,0.0179,PASS,PASS,2026-06-21
NCT05609630,upadacitinib,juvenile idiopathic arthritis,Juvenile Idiopathic Arthritis,RECRUITING,0.0053,0.0623,0.0573,0.0182,PASS,PASS,2026-06-21
NCT07472413,cetirizine,Multiple Sclerosis,Multiple Sclerosis,NOT_YET_RECRUITING,0.0049,0.0623,0.0665,0.0179,PASS,PASS,2026-06-21
NCT03562169,thalidomide,Multiple Myeloma,Multiple Myeloma,RECRUITING,0.0048,0.062,0.0547,0.0179,PASS,PASS,2026-06-21
NCT07075718,travoprost,Glaucoma,Glaucoma,RECRUITING,0.0042,0.0619,0.0687,0.0276,PASS,PASS,2026-06-21
NCT07495852,travoprost,Glaucoma,Glaucoma,RECRUITING,0.0042,0.0619,0.0687,0.0276,PASS,PASS,2026-06-21
NCT05986136,mesalamine,inflammatory bowel disease,Inflammatory Bowel Diseases,RECRUITING,0.0046,0.0617,0.0525,0.0179,PASS,PASS,2026-06-21
NCT04931225,landiolol,Septic Shock,Septic Shock,RECRUITING,0.0047,0.0617,0.0566,0.0307,PASS,PASS,2026-06-21
NCT06728371,methadone,"Pain, Postoperative","Pain, Postoperative",RECRUITING,0.0043,0.0617,0.061,0.0276,PASS,PASS,2026-06-21
NCT04088409,baricitinib,Uveitis,Uveitis,ACTIVE_NOT_RECRUITING,0.0051,0.0617,0.0573,0.0206,PASS,PASS,2026-06-21
NCT05902533,capecitabine,Anal Cancer,Anal Cancer,ACTIVE_NOT_RECRUITING,0.0047,0.0617,0.0506,0.0179,PASS,PASS,2026-06-21
NCT06682169,imatinib,Graft-versus-host Disease,Graft-versus-host Disease,RECRUITING,0.0049,0.0617,0.0573,0.0276,PASS,PASS,2026-06-21
NCT04161053,nitazoxanide,hepatic encephalopathy,Hepatic Encephalopathy,RECRUITING,0.0043,0.0617,0.0509,0.0206,PASS,PASS,2026-06-21
NCT05986136,dapagliflozin,inflammatory bowel disease,Inflammatory Bowel Diseases,RECRUITING,0.0046,0.0617,0.0525,0.0179,PASS,PASS,2026-06-21
NCT06916793,dutasteride,androgenetic alopecia,Androgenetic Alopecia,NOT_YET_RECRUITING,0.0043,0.0612,0.0509,0.0206,PASS,PASS,2026-06-21
NCT07377578,ibrutinib,Mantle Cell Lymphoma,Mantle Cell Lymphoma,RECRUITING,0.0052,0.0612,0.0581,0.0206,PASS,PASS,2026-06-21
NCT07377578,acalabrutinib,Mantle Cell Lymphoma,Mantle Cell Lymphoma,RECRUITING,0.0052,0.0612,0.0581,0.0454,PASS,PASS,2026-06-21
NCT03899402,dapagliflozin,Type 1 Diabetes Mellitus,Type 1 Diabetes Mellitus,ACTIVE_NOT_RECRUITING,0.0046,0.0612,0.0506,0.0179,PASS,PASS,2026-06-21
NCT07377578,zanubrutinib,Mantle Cell Lymphoma,Mantle Cell Lymphoma,RECRUITING,0.0052,0.0612,0.0581,0.0351,PASS,PASS,2026-06-21
NCT06608927,paclitaxel,Metastatic Pancreatic Ductal Adenocarcinoma,Metastatic Pancreatic Ductal Adenocarcinoma,ACTIVE_NOT_RECRUITING,0.0042,0.0612,0.049,0.0238,PASS,PASS,2026-06-21
NCT05510323,prednisolone,"Glomerulonephritis, IGA","Glomerulonephritis, IGA",RECRUITING,0.0038,0.0612,0.0573,0.0179,PASS,PASS,2026-06-21
NCT07488689,dapagliflozin,Septic Shock,Septic Shock,NOT_YET_RECRUITING,0.0042,0.0604,0.0525,0.0206,PASS,PASS,2026-06-21
NCT04221477,diphenhydramine,Lupus Nephritis,Lupus Nephritis,ACTIVE_NOT_RECRUITING,0.0044,0.0604,0.0566,0.0182,PASS,PASS,2026-06-21
NCT06793917,fluorouracil,Gastric Cancer,Gastric Cancer,RECRUITING,0.0043,0.0604,0.049,0.0206,PASS,PASS,2026-06-21
NCT04824092,prednisone,Diffuse Large B-Cell Lymphoma,Diffuse Large B-cell Lymphoma,ACTIVE_NOT_RECRUITING,0.0035,0.0601,0.0587,0.0179,PASS,PASS,2026-06-21
NCT04824092,lenalidomide,Diffuse Large B-Cell Lymphoma,Diffuse Large B-cell Lymphoma,ACTIVE_NOT_RECRUITING,0.0036,0.0601,0.0665,0.0179,PASS,PASS,2026-06-21
NCT07413809,olanzapine,Multiple Myeloma,Multiple Myeloma,RECRUITING,0.0038,0.0597,0.0435,0.0206,PASS,PASS,2026-06-21
NCT06890533,morphine,Pain,Pain,NOT_YET_RECRUITING,0.0038,0.0582,0.0525,0.0206,PASS,PASS,2026-06-21
NCT06803030,tamsulosin,ureteral stent-related symptoms,Ureteral Stent-Related Symptom,RECRUITING,0.0036,0.0576,0.049,0.0206,PASS,PASS,2026-06-21
NCT01924819,fluorouracil,Gastric Cancer,Gastric Cancer,ACTIVE_NOT_RECRUITING,0.0038,0.0576,0.0506,0.0206,PASS,PASS,2026-06-21
NCT06803030,solifenacin,ureteral stent-related symptoms,Ureteral Stent-Related Symptom,RECRUITING,0.0036,0.0576,0.049,0.0179,PASS,PASS,2026-06-21
NCT07486583,desloratadine,Chronic Idiopathic Urticaria,Chronic Idiopathic Urticaria,NOT_YET_RECRUITING,0.0035,0.0576,0.049,0.0179,PASS,PASS,2026-06-21
NCT04908189,apremilast,Psoriatic Arthritis,Psoriatic Arthritis,ACTIVE_NOT_RECRUITING,0.0036,0.0576,0.0649,0.0179,PASS,PASS,2026-06-21
NCT05112965,enzalutamide,Neoplasms,Neoplasms,ACTIVE_NOT_RECRUITING,0.0036,0.0576,0.049,0.0,PASS,PASS,2026-06-21
NCT06728371,morphine,"Pain, Postoperative","Pain, Postoperative",RECRUITING,0.0026,0.0573,0.0665,0.0206,PASS,PASS,2026-06-21
NCT07536763,levonorgestrel,contraception,Contraception,NOT_YET_RECRUITING,0.0043,0.0568,0.049,0.0206,PASS,PASS,2026-06-21
NCT06140836,crizotinib,"Carcinoma, Non-Small-Cell Lung","Carcinoma, Non-Small-Cell Lung",ACTIVE_NOT_RECRUITING,0.0034,0.0568,0.2031,0.0276,PASS,PASS,2026-06-21
NCT03456076,alectinib,"Carcinoma, Non-Small-Cell Lung","Carcinoma, Non-Small-Cell Lung",ACTIVE_NOT_RECRUITING,0.0034,0.0567,0.2334,0.0276,PASS,PASS,2026-06-21
NCT03414502,sulfasalazine,Rheumatoid Arthritis,Rheumatoid Arthritis,RECRUITING,0.0026,0.0566,0.0298,0.0182,PASS,PASS,2026-06-21
NCT04404283,lenalidomide,Diffuse Large B-Cell Lymphoma,Diffuse Large B-cell Lymphoma,ACTIVE_NOT_RECRUITING,0.003,0.0566,0.0665,0.0179,PASS,PASS,2026-06-21
NCT05600426,methotrexate,severe aplastic anemia,Severe Aplastic Anemia,ACTIVE_NOT_RECRUITING,0.0032,0.0566,0.0687,0.0179,PASS,PASS,2026-06-21
NCT07448285,betamethasone,Chronic pain,Chronic Pain,RECRUITING,0.0031,0.0566,0.0547,0.0179,PASS,PASS,2026-06-21
NCT03414502,leflunomide,Rheumatoid Arthritis,Rheumatoid Arthritis,RECRUITING,0.0042,0.0562,0.049,0.0179,PASS,PASS,2026-06-21
NCT05976763,zanubrutinib,Mantle Cell Lymphoma,Mantle Cell Lymphoma,RECRUITING,0.0038,0.0555,0.0573,0.0351,PASS,PASS,2026-06-21
NCT06284122,prednisone,Follicular Lymphoma,Follicular Lymphoma,RECRUITING,0.0029,0.054,0.0589,0.0179,PASS,PASS,2026-06-21
NCT06911502,prednisolone,Follicular Lymphoma,Follicular Lymphoma,RECRUITING,0.0032,0.0534,0.0589,0.0182,PASS,PASS,2026-06-21
NCT06911502,prednisone,Follicular Lymphoma,Follicular Lymphoma,RECRUITING,0.0032,0.0534,0.0589,0.0179,PASS,PASS,2026-06-21
NCT04538664,carboplatin,"Carcinoma, Non-Small-Cell Lung","Carcinoma, Non-Small-Cell Lung",ACTIVE_NOT_RECRUITING,0.0028,0.053,0.2226,0.0276,PASS,PASS,2026-06-21
NCT05257083,cyclophosphamide,Multiple Myeloma,Multiple Myeloma,ACTIVE_NOT_RECRUITING,0.0023,0.053,0.049,0.0179,PASS,PASS,2026-06-21
NCT07448415,tranexamic acid,melasma,Melasma,NOT_YET_RECRUITING,0.0032,0.0527,0.049,0.0179,PASS,PASS,2026-06-21
NCT06053567,nicotine,nicotine dependence,Nicotine Dependence,RECRUITING,0.0034,0.0527,0.049,0.0179,PASS,PASS,2026-06-21
NCT02866071,fentanyl,Acute Traumatic Pain,Acute Traumatic Pain,ACTIVE_NOT_RECRUITING,0.003,0.0526,0.0743,0.0179,PASS,PASS,2026-06-21
NCT01954992,fluorouracil,Metastatic Pancreatic Adenocarcinoma,Metastatic Pancreatic Adenocarcinoma,RECRUITING,0.0029,0.0523,0.0827,0.0205,PASS,PASS,2026-06-21
NCT04988295,carboplatin,"Carcinoma, Non-Small-Cell Lung","Carcinoma, Non-Small-Cell Lung",ACTIVE_NOT_RECRUITING,0.003,0.0522,0.234,0.0276,PASS,PASS,2026-06-21
NCT00572169,cyclophosphamide,Multiple Myeloma,Multiple Myeloma,ACTIVE_NOT_RECRUITING,0.0031,0.0519,0.0435,0.0179,PASS,PASS,2026-06-21
NCT06616532,paclitaxel,SCLC,SCLC,ACTIVE_NOT_RECRUITING,0.0027,0.0519,0.0484,0.0293,PASS,PASS,2026-06-21
NCT04381936,empagliflozin,pneumonia,Pneumonia,RECRUITING,0.003,0.0519,0.0353,0.0179,PASS,PASS,2026-06-21
NCT04381936,baricitinib,pneumonia,Pneumonia,RECRUITING,0.0026,0.0519,0.0353,0.0206,PASS,PASS,2026-06-21
NCT06413498,cyclophosphamide,Multiple Myeloma,Multiple Myeloma,RECRUITING,0.002,0.0516,0.0424,0.0179,PASS,PASS,2026-06-21
NCT03981796,paclitaxel,Neoplasms,Neoplasms,ACTIVE_NOT_RECRUITING,0.0024,0.0516,0.0665,0.0206,PASS,PASS,2026-06-21
NCT06045806,cyclophosphamide,Multiple Myeloma,Multiple Myeloma,ACTIVE_NOT_RECRUITING,0.0023,0.0516,0.0435,0.0179,PASS,PASS,2026-06-21
NCT04526665,Elafibranor,primary biliary cirrhosis,Primary Biliary Cirrhosis,ACTIVE_NOT_RECRUITING,0.0026,0.05,0.0649,0.0293,PASS,PASS,2026-06-21
NCT07624513,Bortezomib,Multiple Myeloma,Multiple Myeloma,NOT_YET_RECRUITING,0.0027,0.0494,0.0372,0.0206,PASS,PASS,2026-06-21
NCT05623020,Bortezomib,Multiple Myeloma,Multiple Myeloma,RECRUITING,0.0025,0.0482,0.0509,0.0206,PASS,PASS,2026-06-21
NCT03178552,pemetrexed,Non-Small Cell Lung Cancer,Non-Small Cell Lung Cancer,ACTIVE_NOT_RECRUITING,0.0028,0.0467,0.162,0.018,PASS,PASS,2026-06-21
NCT04988295,pemetrexed,"Carcinoma, Non-Small-Cell Lung","Carcinoma, Non-Small-Cell Lung",ACTIVE_NOT_RECRUITING,0.0027,0.0467,0.1719,0.0182,PASS,PASS,2026-06-21
NCT03178552,gemcitabine,Non-Small Cell Lung Cancer,Non-Small Cell Lung Cancer,ACTIVE_NOT_RECRUITING,0.0028,0.0467,0.162,0.0206,PASS,PASS,2026-06-21
NCT03456076,carboplatin,"Carcinoma, Non-Small-Cell Lung","Carcinoma, Non-Small-Cell Lung",ACTIVE_NOT_RECRUITING,0.0023,0.0467,0.2271,0.0276,PASS,PASS,2026-06-21
NCT03456076,gemcitabine,"Carcinoma, Non-Small-Cell Lung","Carcinoma, Non-Small-Cell Lung",ACTIVE_NOT_RECRUITING,0.0022,0.0439,0.1498,0.021,PASS,PASS,2026-06-21
NCT07153406,esketamine,depressive disorder,Depressive Disorder,NOT_YET_RECRUITING,0.002,0.0439,0.0595,0.0182,PASS,PASS,2026-06-21
NCT04538664,pemetrexed,"Carcinoma, Non-Small-Cell Lung","Carcinoma, Non-Small-Cell Lung",ACTIVE_NOT_RECRUITING,0.0024,0.0439,0.1585,0.0182,PASS,PASS,2026-06-21
NCT03345173,naltrexone,opioid dependence,Opioid Dependence,ACTIVE_NOT_RECRUITING,0.0022,0.0439,0.0601,0.0276,PASS,PASS,2026-06-21
NCT06803030,mirabegron,ureteral stent-related symptoms,Ureteral Stent-Related Symptom,RECRUITING,0.0013,0.0439,0.0509,0.0308,PASS,PASS,2026-06-21
NCT03456076,pemetrexed,"Carcinoma, Non-Small-Cell Lung","Carcinoma, Non-Small-Cell Lung",ACTIVE_NOT_RECRUITING,0.0022,0.0439,0.1498,0.0182,PASS,PASS,2026-06-21
NCT03729804,Bortezomib,Multiple Myeloma,Multiple Myeloma,ACTIVE_NOT_RECRUITING,0.0016,0.0425,0.0353,0.0206,PASS,PASS,2026-06-21
NCT04923893,Bortezomib,Multiple Myeloma,Multiple Myeloma,ACTIVE_NOT_RECRUITING,0.0018,0.0425,0.0408,0.0206,PASS,PASS,2026-06-21
NCT04181827,Bortezomib,Multiple Myeloma,Multiple Myeloma,ACTIVE_NOT_RECRUITING,0.0018,0.0425,0.0408,0.0206,PASS,PASS,2026-06-21
NCT05083169,Bortezomib,Multiple Myeloma,Multiple Myeloma,ACTIVE_NOT_RECRUITING,0.002,0.0425,0.0353,0.0206,PASS,PASS,2026-06-21
NCT06158841,Bortezomib,Multiple Myeloma,Multiple Myeloma,RECRUITING,0.0019,0.0425,0.0408,0.0206,PASS,PASS,2026-06-21
NCT03981796,carboplatin,Neoplasms,Neoplasms,ACTIVE_NOT_RECRUITING,0.0019,0.0425,0.0805,0.0308,PASS,PASS,2026-06-21
NCT03617731,Bortezomib,Multiple Myeloma,Multiple Myeloma,ACTIVE_NOT_RECRUITING,0.001,0.041,0.0247,0.0206,PASS,PASS,2026-06-21
NCT03651128,Bortezomib,Multiple Myeloma,Multiple Myeloma,ACTIVE_NOT_RECRUITING,0.0014,0.041,0.0353,0.0206,PASS,PASS,2026-06-21
NCT07285239,Bortezomib,Multiple Myeloma,Multiple Myeloma,NOT_YET_RECRUITING,0.0013,0.041,0.0353,0.0206,PASS,PASS,2026-06-21
NCT01208662,Bortezomib,Multiple Myeloma,Multiple Myeloma,ACTIVE_NOT_RECRUITING,0.002,0.041,0.039,0.0206,PASS,PASS,2026-06-21
NCT05112965,paclitaxel,Neoplasms,Neoplasms,ACTIVE_NOT_RECRUITING,0.0014,0.0369,0.0525,0.0206,PASS,PASS,2026-06-21
NCT07624305,dapagliflozin,"Renal Insufficiency, Chronic","Renal Insufficiency, Chronic",NOT_YET_RECRUITING,0.0012,0.0369,0.0649,0.0182,PASS,PASS,2026-06-21
NCT06875310,carboplatin,"Carcinoma, Non-Small-Cell Lung","Carcinoma, Non-Small-Cell Lung",RECRUITING,0.0015,0.0369,0.2573,0.0276,PASS,PASS,2026-06-21
NCT05487391,paclitaxel,"Carcinoma, Non-Small-Cell Lung","Carcinoma, Non-Small-Cell Lung",RECRUITING,0.0015,0.0369,0.2573,0.0293,PASS,PASS,2026-06-21
NCT05487391,carboplatin,"Carcinoma, Non-Small-Cell Lung","Carcinoma, Non-Small-Cell Lung",RECRUITING,0.0015,0.0369,0.2573,0.0276,PASS,PASS,2026-06-21
NCT05298423,etoposide,"Carcinoma, Non-Small-Cell Lung","Carcinoma, Non-Small-Cell Lung",ACTIVE_NOT_RECRUITING,0.0016,0.0364,0.1343,0.0206,PASS,PASS,2026-06-21
NCT05298423,pemetrexed,"Carcinoma, Non-Small-Cell Lung","Carcinoma, Non-Small-Cell Lung",ACTIVE_NOT_RECRUITING,0.0016,0.0364,0.1343,0.0182,PASS,PASS,2026-06-21
NCT04607421,capecitabine,Neoplasms,Neoplasms,ACTIVE_NOT_RECRUITING,0.001,0.0361,0.065,0.0179,PASS,PASS,2026-06-21
NCT04607421,leucovorin,Neoplasms,Neoplasms,ACTIVE_NOT_RECRUITING,0.001,0.0361,0.065,0.0179,PASS,PASS,2026-06-21
NCT03892785,methotrexate,giant cell arteritis,Giant Cell Arteritis,ACTIVE_NOT_RECRUITING,0.0007,0.0361,0.0893,0.0179,PASS,PASS,2026-06-21
NCT03892785,prednisone,giant cell arteritis,Giant Cell Arteritis,ACTIVE_NOT_RECRUITING,0.0007,0.0361,0.0893,0.0179,PASS,PASS,2026-06-21
NCT06956170,Bortezomib,Multiple Myeloma,Multiple Myeloma,ACTIVE_NOT_RECRUITING,0.001,0.0341,0.0173,0.0206,PASS,PASS,2026-06-21
NCT06868667,Bortezomib,Multiple Myeloma,Multiple Myeloma,ACTIVE_NOT_RECRUITING,0.001,0.0341,0.0167,0.0206,PASS,PASS,2026-06-21
NCT06413498,Bortezomib,Multiple Myeloma,Multiple Myeloma,RECRUITING,0.0009,0.0341,0.0247,0.0206,PASS,PASS,2026-06-21
NCT06868654,Bortezomib,Multiple Myeloma,Multiple Myeloma,ACTIVE_NOT_RECRUITING,0.001,0.0341,0.0167,0.0206,PASS,PASS,2026-06-21
NCT06152575,Bortezomib,Multiple Myeloma,Multiple Myeloma,RECRUITING,0.0011,0.0341,0.0353,0.0206,PASS,PASS,2026-06-21
NCT05257083,Bortezomib,Multiple Myeloma,Multiple Myeloma,ACTIVE_NOT_RECRUITING,0.001,0.0341,0.0348,0.0206,PASS,PASS,2026-06-21
NCT05112965,pemetrexed,Neoplasms,Neoplasms,ACTIVE_NOT_RECRUITING,0.0009,0.0335,0.0573,0.0179,PASS,PASS,2026-06-21
NCT05298423,paclitaxel,"Carcinoma, Non-Small-Cell Lung","Carcinoma, Non-Small-Cell Lung",ACTIVE_NOT_RECRUITING,0.0013,0.0294,0.2145,0.0293,PASS,PASS,2026-06-21
NCT05487391,pemetrexed,"Carcinoma, Non-Small-Cell Lung","Carcinoma, Non-Small-Cell Lung",RECRUITING,0.0012,0.0294,0.1506,0.0182,PASS,PASS,2026-06-21
NCT06875310,pemetrexed,"Carcinoma, Non-Small-Cell Lung","Carcinoma, Non-Small-Cell Lung",RECRUITING,0.0011,0.0294,0.1498,0.0182,PASS,PASS,2026-06-21
NCT05298423,carboplatin,"Carcinoma, Non-Small-Cell Lung","Carcinoma, Non-Small-Cell Lung",ACTIVE_NOT_RECRUITING,0.0013,0.0294,0.2145,0.0276,PASS,PASS,2026-06-21
NCT06464991,Bortezomib,Multiple Myeloma,Multiple Myeloma,RECRUITING,0.0008,0.0292,0.0167,0.0206,PASS,PASS,2026-06-21
NCT04246047,Bortezomib,Multiple Myeloma,Multiple Myeloma,ACTIVE_NOT_RECRUITING,0.0009,0.0292,0.0167,0.0206,PASS,PASS,2026-06-21
NCT04484623,Bortezomib,Multiple Myeloma,Multiple Myeloma,ACTIVE_NOT_RECRUITING,0.0008,0.0292,0.0167,0.0206,PASS,PASS,2026-06-21
NCT06208150,Bortezomib,Multiple Myeloma,Multiple Myeloma,RECRUITING,0.0009,0.0292,0.0241,0.0206,PASS,PASS,2026-06-21
NCT03710603,Bortezomib,Multiple Myeloma,Multiple Myeloma,ACTIVE_NOT_RECRUITING,0.0006,0.0283,0.0167,0.0206,PASS,PASS,2026-06-21
NCT04975997,Bortezomib,Multiple Myeloma,Multiple Myeloma,ACTIVE_NOT_RECRUITING,0.0007,0.0274,0.0173,0.0206,PASS,PASS,2026-06-21
NCT04025879,paclitaxel,"Carcinoma, Non-Small-Cell Lung","Carcinoma, Non-Small-Cell Lung",ACTIVE_NOT_RECRUITING,0.0011,0.0266,0.1991,0.0293,PASS,PASS,2026-06-21
NCT04025879,carboplatin,"Carcinoma, Non-Small-Cell Lung","Carcinoma, Non-Small-Cell Lung",ACTIVE_NOT_RECRUITING,0.0011,0.0266,0.1991,0.0276,PASS,PASS,2026-06-21
NCT06623422,carboplatin,"Carcinoma, Non-Small-Cell Lung","Carcinoma, Non-Small-Cell Lung",RECRUITING,0.0007,0.0236,0.2145,0.0276,PASS,PASS,2026-06-21
NCT06623422,paclitaxel,"Carcinoma, Non-Small-Cell Lung","Carcinoma, Non-Small-Cell Lung",RECRUITING,0.0007,0.0236,0.2145,0.0293,PASS,PASS,2026-06-21
NCT04025879,pemetrexed,"Carcinoma, Non-Small-Cell Lung","Carcinoma, Non-Small-Cell Lung",ACTIVE_NOT_RECRUITING,0.0009,0.0217,0.1326,0.0182,PASS,PASS,2026-06-21
NCT06623422,gemcitabine,"Carcinoma, Non-Small-Cell Lung","Carcinoma, Non-Small-Cell Lung",RECRUITING,0.0005,0.0153,0.1188,0.021,PASS,PASS,2026-06-21
NCT06623422,pemetrexed,"Carcinoma, Non-Small-Cell Lung","Carcinoma, Non-Small-Cell Lung",RECRUITING,0.0005,0.0153,0.1188,0.0182,PASS,PASS,2026-06-21
