NCT_ID,drug,disease_cohort,disease_ctgov,overall_status,P_fail_overall_raw,P_fail_overall_calibrated,predicted_label,lock_date
NCT05959603,vancomycin,INFECTION,Infection,RECRUITING,0.9967,0.8885,FAIL,2026-06-21
NCT04512235,Bortezomib,AL Amyloidosis,AL Amyloidosis,ACTIVE_NOT_RECRUITING,0.9961,0.8561,FAIL,2026-06-21
NCT04504825,Bortezomib,AL Amyloidosis,AL Amyloidosis,ACTIVE_NOT_RECRUITING,0.9961,0.8561,FAIL,2026-06-21
NCT05252754,Indomethacin,Post-ERCP Acute Pancreatitis,Post-ERCP Acute Pancreatitis,RECRUITING,0.9948,0.8191,FAIL,2026-06-21
NCT06860269,ponatinib,Acute Lymphoblastic Leukemia,Acute Lymphoblastic Leukemia,RECRUITING,0.9942,0.7858,FAIL,2026-06-21
NCT07129993,gemcitabine,Bladder Cancer,Bladder Cancer,RECRUITING,0.9932,0.7104,FAIL,2026-06-21
NCT04574960,gemcitabine,Bladder Cancer,Bladder Cancer,RECRUITING,0.9922,0.709,FAIL,2026-06-21
NCT04947059,gemcitabine,Bladder Cancer,Bladder Cancer,RECRUITING,0.9921,0.689,FAIL,2026-06-21
NCT06364904,gemcitabine,Bladder Cancer,Bladder Cancer,NOT_YET_RECRUITING,0.9904,0.6679,FAIL,2026-06-21
NCT07035405,colchicine,stroke,Stroke,NOT_YET_RECRUITING,0.9871,0.6679,FAIL,2026-06-21
NCT04521881,tranexamic acid,Traumatic Brain Injury,Traumatic Brain Injury,RECRUITING,0.9887,0.6055,FAIL,2026-06-21
NCT03818334,cyclophosphamide,Graft Versus Host Disease,Graft Versus Host Disease,RECRUITING,0.9845,0.6055,FAIL,2026-06-21
NCT06438627,Apatinib,Nasopharyngeal Carcinoma,Nasopharyngeal Carcinoma,RECRUITING,0.9822,0.5798,FAIL,2026-06-21
NCT06705062,cyclophosphamide,Graft Versus Host Disease,Graft Versus Host Disease,RECRUITING,0.9842,0.5798,FAIL,2026-06-21
NCT05854849,Apatinib,Nasopharyngeal Carcinoma,Nasopharyngeal Carcinoma,RECRUITING,0.9838,0.5798,FAIL,2026-06-21
NCT06587737,colchicine,stroke,Stroke,NOT_YET_RECRUITING,0.9767,0.5746,FAIL,2026-06-21
NCT07471139,apixaban,Stroke,Stroke,NOT_YET_RECRUITING,0.9737,0.5746,FAIL,2026-06-21
NCT06352632,colchicine,stroke,Stroke,RECRUITING,0.974,0.5746,FAIL,2026-06-21
NCT05047172,rivaroxaban,Stroke,Stroke,ACTIVE_NOT_RECRUITING,0.9669,0.5746,FAIL,2026-06-21
NCT06972641,decitabine,MDS,MDS,RECRUITING,0.9744,0.5746,FAIL,2026-06-21
NCT01804686,ibrutinib,Chronic Graft Versus Host Disease,Chronic Graft Versus Host Disease,RECRUITING,0.979,0.5746,FAIL,2026-06-21
NCT06631287,baricitinib,COVID-19,COVID-19,RECRUITING,0.9736,0.553,FAIL,2026-06-21
NCT05476991,colchicine,stroke,Stroke,RECRUITING,0.9619,0.5453,FAIL,2026-06-21
NCT05679024,apixaban,Stroke,Stroke,RECRUITING,0.9646,0.5453,FAIL,2026-06-21
NCT04027309,gilteritinib,Acute Myeloid Leukemia,Acute Myeloid Leukemia,ACTIVE_NOT_RECRUITING,0.9367,0.5284,FAIL,2026-06-21
NCT04777357,cariprazine,bipolar I disorder,Bipolar I Disorder,RECRUITING,0.9434,0.52,FAIL,2026-06-21
NCT07075016,azacitidine,Acute Myeloid Leukemia,Acute Myeloid Leukemia,RECRUITING,0.9459,0.4903,PASS,2026-06-21
NCT04293562,gilteritinib,Acute Myeloid Leukemia,Acute Myeloid Leukemia,RECRUITING,0.9578,0.4834,PASS,2026-06-21
NCT02344472,anastrozole,Metastatic Breast Cancer,Metastatic Breast Cancer,ACTIVE_NOT_RECRUITING,0.9395,0.4616,PASS,2026-06-21
NCT02344472,letrozole,Metastatic Breast Cancer,Metastatic Breast Cancer,ACTIVE_NOT_RECRUITING,0.9248,0.4406,PASS,2026-06-21
NCT07024173,letrozole,Metastatic Breast Cancer,Metastatic Breast Cancer,RECRUITING,0.9046,0.4385,PASS,2026-06-21
NCT07075016,venetoclax,Acute Myeloid Leukemia,Acute Myeloid Leukemia,RECRUITING,0.9187,0.4385,PASS,2026-06-21
NCT04628026,venetoclax,Acute Myeloid Leukemia,Acute Myeloid Leukemia,RECRUITING,0.904,0.4192,PASS,2026-06-21
NCT07024173,anastrozole,Metastatic Breast Cancer,Metastatic Breast Cancer,RECRUITING,0.917,0.4062,PASS,2026-06-21
NCT07140913,lamotrigine,Bipolar Disorder,Bipolar Disorder,RECRUITING,0.8958,0.3992,PASS,2026-06-21
NCT05207709,letrozole,Metastatic Breast Cancer,Metastatic Breast Cancer,ACTIVE_NOT_RECRUITING,0.8893,0.3814,PASS,2026-06-21
NCT05077449,fulvestrant,Advanced Breast Cancer,Advanced Breast Cancer,ACTIVE_NOT_RECRUITING,0.8922,0.3728,PASS,2026-06-21
NCT05979311,dolutegravir,HIV,HIV,ACTIVE_NOT_RECRUITING,0.8611,0.3687,PASS,2026-06-21
NCT04748991,amiodarone,atrial fibrillation,Atrial Fibrillation,NOT_YET_RECRUITING,0.8736,0.3587,PASS,2026-06-21
NCT05890664,colchicine,atrial fibrillation,Atrial Fibrillation,RECRUITING,0.8685,0.3549,PASS,2026-06-21
NCT06022939,Bortezomib,AL Amyloidosis,AL Amyloidosis,RECRUITING,0.8834,0.3496,PASS,2026-06-21
NCT06016738,anastrozole,Metastatic Breast Cancer,Metastatic Breast Cancer,RECRUITING,0.8129,0.3319,PASS,2026-06-21
NCT04175600,selexipag,"Hypertension, Pulmonary","Hypertension, Pulmonary",ACTIVE_NOT_RECRUITING,0.8378,0.3319,PASS,2026-06-21
NCT06304857,dapagliflozin,Heart Failure,Heart Failure,RECRUITING,0.8345,0.3269,PASS,2026-06-21
NCT06713616,esketamine,Depression,Depression,RECRUITING,0.8241,0.3269,PASS,2026-06-21
NCT06016738,letrozole,Metastatic Breast Cancer,Metastatic Breast Cancer,RECRUITING,0.7994,0.3269,PASS,2026-06-21
NCT07581002,azacitidine,Acute Myeloid Leukemia,Acute Myeloid Leukemia,NOT_YET_RECRUITING,0.8477,0.3268,PASS,2026-06-21
NCT07085767,letrozole,Metastatic Breast Cancer,Metastatic Breast Cancer,RECRUITING,0.8068,0.3159,PASS,2026-06-21
NCT06382948,elacestrant,Advanced Breast Cancer,Advanced Breast Cancer,RECRUITING,0.8263,0.3089,PASS,2026-06-21
NCT06010368,tranexamic acid,Post Partum Hemorrhage,Post Partum Hemorrhage,NOT_YET_RECRUITING,0.815,0.3078,PASS,2026-06-21
NCT07028827,atropine,Myopia,Myopia,RECRUITING,0.7986,0.3078,PASS,2026-06-21
NCT03414502,hydroxychloroquine,Rheumatoid Arthritis,Rheumatoid Arthritis,RECRUITING,0.78,0.3064,PASS,2026-06-21
NCT06509191,melatonin,Delirium,Delirium,RECRUITING,0.7752,0.3041,PASS,2026-06-21
NCT07236814,oseltamivir,Influenza,Influenza,RECRUITING,0.7074,0.3041,PASS,2026-06-21
NCT04777357,cariprazine,Depression,Depression,RECRUITING,0.7789,0.3041,PASS,2026-06-21
NCT04340141,leucovorin,Pancreatic Cancer,Pancreatic Cancer,ACTIVE_NOT_RECRUITING,0.688,0.3041,PASS,2026-06-21
NCT02513394,Palbociclib,Breast Cancer,Breast Cancer,ACTIVE_NOT_RECRUITING,0.7001,0.3041,PASS,2026-06-21
NCT06389110,atropine,Myopia,Myopia,RECRUITING,0.7151,0.3041,PASS,2026-06-21
NCT05009082,niraparib,Ovarian Cancer,Ovarian Cancer,RECRUITING,0.7588,0.3041,PASS,2026-06-21
NCT07621718,leucovorin,Pancreatic Cancer,Pancreatic Cancer,RECRUITING,0.7452,0.3041,PASS,2026-06-21
NCT07409272,leucovorin,Pancreatic Cancer,Pancreatic Cancer,RECRUITING,0.8015,0.3041,PASS,2026-06-21
NCT06619600,dapagliflozin,Heart Failure,Heart Failure,ACTIVE_NOT_RECRUITING,0.6947,0.3027,PASS,2026-06-21
NCT04256317,azacitidine,Acute Myeloid Leukemia,Acute Myeloid Leukemia,RECRUITING,0.6817,0.3027,PASS,2026-06-21
NCT06817096,nitazoxanide,Influenza,Influenza,NOT_YET_RECRUITING,0.6759,0.3027,PASS,2026-06-21
NCT05654623,fulvestrant,Advanced Breast Cancer,Advanced Breast Cancer,ACTIVE_NOT_RECRUITING,0.6895,0.3027,PASS,2026-06-21
NCT07255872,azacitidine,Acute Myeloid Leukemia,Acute Myeloid Leukemia,NOT_YET_RECRUITING,0.7058,0.3027,PASS,2026-06-21
NCT07567040,atropine,Myopia,Myopia,RECRUITING,0.7201,0.3027,PASS,2026-06-21
NCT05928728,colchicine,atrial fibrillation,Atrial Fibrillation,RECRUITING,0.7632,0.3027,PASS,2026-06-21
NCT07113483,midazolam,hip fracture,Hip Fracture,RECRUITING,0.7106,0.3027,PASS,2026-06-21
NCT06497465,dolutegravir,HIV,HIV,RECRUITING,0.7004,0.3027,PASS,2026-06-21
NCT07620574,cabozantinib,Prostate Cancer,Prostate Cancer,NOT_YET_RECRUITING,0.6073,0.2998,PASS,2026-06-21
NCT07581002,venetoclax,Acute Myeloid Leukemia,Acute Myeloid Leukemia,NOT_YET_RECRUITING,0.6778,0.299,PASS,2026-06-21
NCT06625320,leucovorin,Pancreatic Cancer,Pancreatic Cancer,ACTIVE_NOT_RECRUITING,0.632,0.299,PASS,2026-06-21
NCT06424288,empagliflozin,Heart Failure,Heart Failure,RECRUITING,0.6496,0.2923,PASS,2026-06-21
NCT05776927,indacaterol,asthma,Asthma,NOT_YET_RECRUITING,0.6205,0.2891,PASS,2026-06-21
NCT05179876,selexipag,"Hypertension, Pulmonary","Hypertension, Pulmonary",RECRUITING,0.6624,0.2889,PASS,2026-06-21
NCT06447623,fulvestrant,Advanced Breast Cancer,Advanced Breast Cancer,RECRUITING,0.6053,0.2886,PASS,2026-06-21
NCT07022678,cytarabine,Acute Myeloid Leukemia,Acute Myeloid Leukemia,RECRUITING,0.6266,0.2886,PASS,2026-06-21
NCT03866499,gefitinib,NSCLC,NSCLC,ACTIVE_NOT_RECRUITING,0.6335,0.2886,PASS,2026-06-21
NCT07204314,vortioxetine,Major Depressive Disorder,Major Depressive Disorder,RECRUITING,0.6138,0.2886,PASS,2026-06-21
NCT07025239,capecitabine,Metastatic Colorectal Cancer,Metastatic Colorectal Cancer,NOT_YET_RECRUITING,0.6623,0.2886,PASS,2026-06-21
NCT06380751,fulvestrant,Advanced Breast Cancer,Advanced Breast Cancer,RECRUITING,0.6221,0.2886,PASS,2026-06-21
NCT04585490,pemetrexed,NSCLC,Nsclc,RECRUITING,0.6185,0.2886,PASS,2026-06-21
NCT06982521,fulvestrant,Advanced Breast Cancer,Advanced Breast Cancer,RECRUITING,0.5963,0.2858,PASS,2026-06-21
NCT07164092,atropine,Myopia,Myopia,NOT_YET_RECRUITING,0.5975,0.2849,PASS,2026-06-21
NCT07095894,atropine,Myopia,Myopia,RECRUITING,0.5959,0.2849,PASS,2026-06-21
NCT05183035,azacitidine,Acute Myeloid Leukemia,Acute Myeloid Leukemia,RECRUITING,0.6079,0.2849,PASS,2026-06-21
NCT06209281,atropine,Myopia,Myopia,ACTIVE_NOT_RECRUITING,0.6013,0.2849,PASS,2026-06-21
NCT05183035,venetoclax,Acute Myeloid Leukemia,Acute Myeloid Leukemia,RECRUITING,0.6483,0.2849,PASS,2026-06-21
NCT04191499,Palbociclib,Breast Cancer,Breast Cancer,ACTIVE_NOT_RECRUITING,0.5463,0.2813,PASS,2026-06-21
NCT05603104,quetiapine,Major Depressive Disorder,Major Depressive Disorder,RECRUITING,0.5553,0.2812,PASS,2026-06-21
NCT04585490,paclitaxel,NSCLC,Nsclc,RECRUITING,0.5649,0.2812,PASS,2026-06-21
NCT06708156,atropine,Myopia,Myopia,RECRUITING,0.5768,0.2787,PASS,2026-06-21
NCT07491445,gemcitabine,Pancreatic Cancer,Pancreatic Cancer,RECRUITING,0.572,0.2784,PASS,2026-06-21
NCT06677060,dapagliflozin,Heart Failure,Heart Failure,RECRUITING,0.5996,0.2784,PASS,2026-06-21
NCT02521493,cytarabine,Acute Myeloid Leukemia,Acute Myeloid Leukemia,ACTIVE_NOT_RECRUITING,0.571,0.275,PASS,2026-06-21
NCT04708054,venetoclax,Acute Myeloid Leukemia,Acute Myeloid Leukemia,RECRUITING,0.5392,0.2748,PASS,2026-06-21
NCT05255471,olaparib,Ovarian Cancer,Ovarian Cancer,RECRUITING,0.5879,0.2746,PASS,2026-06-21
NCT07272109,gemcitabine,Pancreatic Cancer,Pancreatic Cancer,NOT_YET_RECRUITING,0.5999,0.2746,PASS,2026-06-21
NCT05182658,empagliflozin,Heart Failure,Heart Failure,ACTIVE_NOT_RECRUITING,0.531,0.2739,PASS,2026-06-21
NCT05374291,dapagliflozin,Heart Failure,Heart Failure,ENROLLING_BY_INVITATION,0.5339,0.2739,PASS,2026-06-21
NCT03769766,Curcumin,Prostate Cancer,Prostate Cancer,RECRUITING,0.5604,0.2739,PASS,2026-06-21
NCT05063786,fulvestrant,Advanced Breast Cancer,Advanced Breast Cancer,ACTIVE_NOT_RECRUITING,0.5142,0.2717,PASS,2026-06-21
NCT04927780,leucovorin,Pancreatic Cancer,Pancreatic Cancer,ACTIVE_NOT_RECRUITING,0.5143,0.2703,PASS,2026-06-21
NCT06625320,gemcitabine,Pancreatic Cancer,Pancreatic Cancer,ACTIVE_NOT_RECRUITING,0.5244,0.2701,PASS,2026-06-21
NCT06024746,empagliflozin,Heart Failure,Heart Failure,RECRUITING,0.4691,0.2672,PASS,2026-06-21
NCT03188796,vitamin D3,vitamin D deficiency,Vitamin D Deficiency,RECRUITING,0.4932,0.2665,PASS,2026-06-21
NCT07407660,azacitidine,Acute Myeloid Leukemia,Acute Myeloid Leukemia,NOT_YET_RECRUITING,0.5175,0.2658,PASS,2026-06-21
NCT05562466,budesonide,Asthma,Asthma,RECRUITING,0.5333,0.2629,PASS,2026-06-21
NCT02064673,Curcumin,Prostate Cancer,Prostate Cancer,RECRUITING,0.4863,0.2616,PASS,2026-06-21
NCT06935370,empagliflozin,Heart Failure,Heart Failure,RECRUITING,0.4889,0.2616,PASS,2026-06-21
NCT04293562,cytarabine,Acute Myeloid Leukemia,Acute Myeloid Leukemia,RECRUITING,0.5612,0.2612,PASS,2026-06-21
NCT05019846,bicalutamide,Prostate Cancer,Prostate Cancer,RECRUITING,0.5014,0.2603,PASS,2026-06-21
NCT03743649,haloperidol,Delirium,Delirium,ACTIVE_NOT_RECRUITING,0.4823,0.2603,PASS,2026-06-21
NCT06820567,dapagliflozin,Chronic Kidney Diseases,Chronic Kidney Diseases,NOT_YET_RECRUITING,0.4869,0.2603,PASS,2026-06-21
NCT06274047,apalutamide,Prostate Cancer,Prostate Cancer,RECRUITING,0.5234,0.2592,PASS,2026-06-21
NCT05805098,venetoclax,Acute Myeloid Leukemia,Acute Myeloid Leukemia,RECRUITING,0.4941,0.2581,PASS,2026-06-21
NCT06471257,budesonide,Asthma,Asthma,RECRUITING,0.4905,0.2547,PASS,2026-06-21
NCT07113392,oseltamivir,Influenza,Influenza,NOT_YET_RECRUITING,0.4864,0.2546,PASS,2026-06-21
NCT04884360,olaparib,Ovarian Cancer,Ovarian Cancer,ACTIVE_NOT_RECRUITING,0.4771,0.2546,PASS,2026-06-21
NCT04256317,venetoclax,Acute Myeloid Leukemia,Acute Myeloid Leukemia,RECRUITING,0.4896,0.2527,PASS,2026-06-21
NCT05909397,Palbociclib,Breast Cancer,Breast Cancer,ACTIVE_NOT_RECRUITING,0.4769,0.2459,PASS,2026-06-21
NCT01674140,tamoxifen,Breast Cancer,Breast Cancer,ACTIVE_NOT_RECRUITING,0.4647,0.2439,PASS,2026-06-21
NCT05805098,cytarabine,Acute Myeloid Leukemia,Acute Myeloid Leukemia,RECRUITING,0.4591,0.2436,PASS,2026-06-21
NCT06253715,moxifloxacin,Tuberculosis,Tuberculosis,RECRUITING,0.4254,0.242,PASS,2026-06-21
NCT06253715,rifapentine,Tuberculosis,Tuberculosis,RECRUITING,0.4262,0.242,PASS,2026-06-21
NCT06217042,gemcitabine,Pancreatic Cancer,Pancreatic Cancer,NOT_YET_RECRUITING,0.4741,0.2409,PASS,2026-06-21
NCT03507842,cytarabine,Acute Myeloid Leukemia,Acute Myeloid Leukemia,ENROLLING_BY_INVITATION,0.4699,0.2409,PASS,2026-06-21
NCT05562466,indacaterol,asthma,Asthma,RECRUITING,0.4638,0.236,PASS,2026-06-21
NCT06016738,fulvestrant,Advanced Breast Cancer,Advanced Breast Cancer,RECRUITING,0.4528,0.2357,PASS,2026-06-21
NCT07621718,gemcitabine,Pancreatic Cancer,Pancreatic Cancer,RECRUITING,0.4201,0.2353,PASS,2026-06-21
NCT00099437,fulvestrant,Breast Cancer,Breast Cancer,ACTIVE_NOT_RECRUITING,0.4068,0.2349,PASS,2026-06-21
NCT02763566,fulvestrant,Breast Cancer,Breast Cancer,ACTIVE_NOT_RECRUITING,0.445,0.232,PASS,2026-06-21
NCT06915025,niraparib,Ovarian Cancer,Ovarian Cancer,RECRUITING,0.4215,0.232,PASS,2026-06-21
NCT07255872,venetoclax,Acute Myeloid Leukemia,Acute Myeloid Leukemia,NOT_YET_RECRUITING,0.4451,0.2306,PASS,2026-06-21
NCT07255872,cytarabine,Acute Myeloid Leukemia,Acute Myeloid Leukemia,NOT_YET_RECRUITING,0.3574,0.2254,PASS,2026-06-21
NCT02914535,filgotinib,ulcerative colitis,Ulcerative Colitis,ACTIVE_NOT_RECRUITING,0.3855,0.2224,PASS,2026-06-21
NCT04921527,paclitaxel,Ovarian Cancer,Ovarian Cancer,RECRUITING,0.3724,0.2201,PASS,2026-06-21
NCT07407660,venetoclax,Acute Myeloid Leukemia,Acute Myeloid Leukemia,NOT_YET_RECRUITING,0.3913,0.2195,PASS,2026-06-21
NCT05939180,venetoclax,Acute Myeloid Leukemia,Acute Myeloid Leukemia,RECRUITING,0.3907,0.2195,PASS,2026-06-21
NCT03021486,haloperidol,Delirium,Delirium,ACTIVE_NOT_RECRUITING,0.413,0.2188,PASS,2026-06-21
NCT07651176,azacitidine,Acute Myeloid Leukemia,Acute Myeloid Leukemia,ENROLLING_BY_INVITATION,0.4024,0.2144,PASS,2026-06-21
NCT05501886,Palbociclib,Breast Cancer,Breast Cancer,ACTIVE_NOT_RECRUITING,0.3262,0.2124,PASS,2026-06-21
NCT06389292,azacitidine,Acute Myeloid Leukemia,Acute Myeloid Leukemia,RECRUITING,0.3873,0.2099,PASS,2026-06-21
NCT06209320,atropine,Myopia,Myopia,ACTIVE_NOT_RECRUITING,0.3801,0.2099,PASS,2026-06-21
NCT04116502,ruxolitinib,Polycythemia Vera,Polycythemia Vera,RECRUITING,0.3981,0.2073,PASS,2026-06-21
NCT07620574,enzalutamide,Prostate Cancer,Prostate Cancer,NOT_YET_RECRUITING,0.4064,0.2058,PASS,2026-06-21
NCT05356169,venetoclax,Acute Myeloid Leukemia,Acute Myeloid Leukemia,ACTIVE_NOT_RECRUITING,0.3859,0.2049,PASS,2026-06-21
NCT04583462,metformin,Type 1 Diabetes,Type 1 Diabetes,ACTIVE_NOT_RECRUITING,0.3885,0.2021,PASS,2026-06-21
NCT07383922,gemcitabine,Pancreatic Cancer,Pancreatic Cancer,NOT_YET_RECRUITING,0.3749,0.2011,PASS,2026-06-21
NCT05782907,upadacitinib,ulcerative colitis,Ulcerative Colitis,ACTIVE_NOT_RECRUITING,0.3653,0.2002,PASS,2026-06-21
NCT05776927,fluticasone propionate,asthma,Asthma,NOT_YET_RECRUITING,0.3269,0.198,PASS,2026-06-21
NCT03140358,atropine,Myopia,Myopia,ACTIVE_NOT_RECRUITING,0.3679,0.1964,PASS,2026-06-21
NCT04273945,macitentan,Pulmonary Arterial Hypertension,Pulmonary Arterial Hypertension,ACTIVE_NOT_RECRUITING,0.3428,0.1964,PASS,2026-06-21
NCT05687266,pemetrexed,NSCLC,NSCLC,ACTIVE_NOT_RECRUITING,0.3537,0.1922,PASS,2026-06-21
NCT04229979,decitabine,Acute Myeloid Leukemia,Acute Myeloid Leukemia,ACTIVE_NOT_RECRUITING,0.3354,0.1898,PASS,2026-06-21
NCT05780567,tamoxifen,Breast Cancer,Breast Cancer,ACTIVE_NOT_RECRUITING,0.3601,0.185,PASS,2026-06-21
NCT06953999,gemcitabine,Pancreatic Cancer,Pancreatic Cancer,RECRUITING,0.3208,0.1834,PASS,2026-06-21
NCT06832618,ruxolitinib,Atopic Dermatitis,Atopic Dermatitis,ACTIVE_NOT_RECRUITING,0.3267,0.1831,PASS,2026-06-21
NCT06422143,paclitaxel,NSCLC,NSCLC,RECRUITING,0.3112,0.1825,PASS,2026-06-21
NCT04229979,azacitidine,Acute Myeloid Leukemia,Acute Myeloid Leukemia,ACTIVE_NOT_RECRUITING,0.3107,0.1824,PASS,2026-06-21
NCT06474039,vilanterol,COPD,COPD,RECRUITING,0.3156,0.1772,PASS,2026-06-21
NCT06440967,fezolinetant,hot flashes,Hot Flashes,ACTIVE_NOT_RECRUITING,0.3156,0.1768,PASS,2026-06-21
NCT05183035,cytarabine,Acute Myeloid Leukemia,Acute Myeloid Leukemia,RECRUITING,0.2894,0.1768,PASS,2026-06-21
NCT06754644,pemetrexed,NSCLC,NSCLC,RECRUITING,0.2922,0.1758,PASS,2026-06-21
NCT07107945,empagliflozin,Chronic Kidney Disease,Chronic Kidney Disease,RECRUITING,0.3261,0.175,PASS,2026-06-21
NCT05831566,budesonide,Asthma,Asthma,RECRUITING,0.3025,0.175,PASS,2026-06-21
NCT05687266,paclitaxel,NSCLC,NSCLC,ACTIVE_NOT_RECRUITING,0.2897,0.175,PASS,2026-06-21
NCT07128199,pemetrexed,Lung Cancer,Lung Cancer,ACTIVE_NOT_RECRUITING,0.307,0.1734,PASS,2026-06-21
NCT04006210,levodopa,Parkinson's Disease,Parkinson's Disease,ACTIVE_NOT_RECRUITING,0.2991,0.1715,PASS,2026-06-21
NCT04851613,fulvestrant,Breast Cancer,Breast Cancer,ACTIVE_NOT_RECRUITING,0.3343,0.1699,PASS,2026-06-21
NCT02881320,tenofovir alafenamide,HIV-1 infection,HIV-1 Infection,ACTIVE_NOT_RECRUITING,0.2591,0.1684,PASS,2026-06-21
NCT05059522,pemetrexed,NSCLC,NSCLC,ACTIVE_NOT_RECRUITING,0.2926,0.1676,PASS,2026-06-21
NCT05303064,olanzapine,Schizophrenia,Schizophrenia,RECRUITING,0.2689,0.1676,PASS,2026-06-21
NCT05776927,mometasone furoate,asthma,Asthma,NOT_YET_RECRUITING,0.2565,0.1667,PASS,2026-06-21
NCT00268476,enzalutamide,Prostate Cancer,Prostate Cancer,ACTIVE_NOT_RECRUITING,0.2785,0.1661,PASS,2026-06-21
NCT06952803,prednisone,Prostate Cancer,Prostate Cancer,RECRUITING,0.2661,0.1652,PASS,2026-06-21
NCT03869892,capecitabine,Metastatic Colorectal Cancer,Metastatic Colorectal Cancer,ACTIVE_NOT_RECRUITING,0.289,0.1647,PASS,2026-06-21
NCT03828227,capecitabine,Metastatic Colorectal Cancer,Metastatic Colorectal Cancer,ACTIVE_NOT_RECRUITING,0.2755,0.1637,PASS,2026-06-21
NCT02194842,enzalutamide,Prostate Cancer,Prostate Cancer,ACTIVE_NOT_RECRUITING,0.2651,0.1637,PASS,2026-06-21
NCT06757634,Palbociclib,Breast Cancer,Breast Cancer,RECRUITING,0.2559,0.1637,PASS,2026-06-21
NCT04854668,capecitabine,Metastatic Colorectal Cancer,Metastatic Colorectal Cancer,ACTIVE_NOT_RECRUITING,0.271,0.1637,PASS,2026-06-21
NCT05055908,pemetrexed,Lung Cancer,Lung Cancer,RECRUITING,0.3001,0.1633,PASS,2026-06-21
NCT04229979,venetoclax,Acute Myeloid Leukemia,Acute Myeloid Leukemia,ACTIVE_NOT_RECRUITING,0.2818,0.1578,PASS,2026-06-21
NCT02489318,apalutamide,Prostate Cancer,Prostate Cancer,ACTIVE_NOT_RECRUITING,0.2819,0.1578,PASS,2026-06-21
NCT06022146,rifapentine,Tuberculosis,Tuberculosis,RECRUITING,0.2588,0.1568,PASS,2026-06-21
NCT06760637,Palbociclib,Breast Cancer,Breast Cancer,ACTIVE_NOT_RECRUITING,0.2377,0.1552,PASS,2026-06-21
NCT02344472,fulvestrant,Metastatic Breast Cancer,Metastatic Breast Cancer,ACTIVE_NOT_RECRUITING,0.2031,0.1543,PASS,2026-06-21
NCT05038735,fulvestrant,Breast Cancer,Breast Cancer,ACTIVE_NOT_RECRUITING,0.2974,0.1543,PASS,2026-06-21
NCT04191499,fulvestrant,Breast Cancer,Breast Cancer,ACTIVE_NOT_RECRUITING,0.2309,0.1543,PASS,2026-06-21
NCT04906395,tamoxifen,Breast Cancer,Breast Cancer,ACTIVE_NOT_RECRUITING,0.2353,0.1543,PASS,2026-06-21
NCT05279937,lidocaine,Low back pain,Low Back Pain,NOT_YET_RECRUITING,0.1979,0.1519,PASS,2026-06-21
NCT03897127,cytarabine,Acute Myeloid Leukemia,Acute Myeloid Leukemia,ACTIVE_NOT_RECRUITING,0.2124,0.1511,PASS,2026-06-21
NCT04581447,metformin,Diabetes,Diabetes,RECRUITING,0.231,0.151,PASS,2026-06-21
NCT02319837,enzalutamide,Prostate Cancer,Prostate Cancer,ACTIVE_NOT_RECRUITING,0.2331,0.1502,PASS,2026-06-21
NCT06571461,gemcitabine,Pancreatic Cancer,Pancreatic Cancer,NOT_YET_RECRUITING,0.244,0.1498,PASS,2026-06-21
NCT05631093,doravirine,HIV-1 infection,HIV-1 Infection,ACTIVE_NOT_RECRUITING,0.2312,0.1479,PASS,2026-06-21
NCT05116189,paclitaxel,Ovarian Cancer,Ovarian Cancer,ACTIVE_NOT_RECRUITING,0.2038,0.147,PASS,2026-06-21
NCT04650581,fulvestrant,Breast Cancer,Breast Cancer,ACTIVE_NOT_RECRUITING,0.2259,0.147,PASS,2026-06-21
NCT01892722,fingolimod,Multiple Sclerosis,Multiple Sclerosis,ACTIVE_NOT_RECRUITING,0.1978,0.1455,PASS,2026-06-21
NCT07079228,gemcitabine,Pancreatic Cancer,Pancreatic Cancer,RECRUITING,0.235,0.1453,PASS,2026-06-21
NCT06915025,olaparib,Ovarian Cancer,Ovarian Cancer,RECRUITING,0.2162,0.1431,PASS,2026-06-21
NCT05288777,capecitabine,Breast Cancer,Breast Cancer,RECRUITING,0.2053,0.1431,PASS,2026-06-21
NCT03844048,venetoclax,Acute Myeloid Leukemia,Acute Myeloid Leukemia,ACTIVE_NOT_RECRUITING,0.2178,0.1429,PASS,2026-06-21
NCT03701308,cytarabine,Acute Myeloid Leukemia,Acute Myeloid Leukemia,ACTIVE_NOT_RECRUITING,0.2046,0.1417,PASS,2026-06-21
NCT05961644,cladribine,Multiple Sclerosis,Multiple Sclerosis,RECRUITING,0.2189,0.1407,PASS,2026-06-21
NCT06141473,teriflunomide,Multiple Sclerosis,Multiple Sclerosis,ACTIVE_NOT_RECRUITING,0.2106,0.1407,PASS,2026-06-21
NCT05630755,doravirine,HIV-1 infection,HIV-1 Infection,ACTIVE_NOT_RECRUITING,0.1505,0.1367,PASS,2026-06-21
NCT03706365,prednisone,Prostate Cancer,Prostate Cancer,ACTIVE_NOT_RECRUITING,0.1899,0.1359,PASS,2026-06-21
NCT06635447,fulvestrant,Breast Cancer,Breast Cancer,ACTIVE_NOT_RECRUITING,0.1809,0.1359,PASS,2026-06-21
NCT05646862,fulvestrant,Breast Cancer,Breast Cancer,ACTIVE_NOT_RECRUITING,0.1833,0.1353,PASS,2026-06-21
NCT06751485,topotecan,Ovarian Cancer,Ovarian Cancer,NOT_YET_RECRUITING,0.1965,0.1349,PASS,2026-06-21
NCT05382286,paclitaxel,Triple Negative Breast Cancer,Triple Negative Breast Cancer,ACTIVE_NOT_RECRUITING,0.1922,0.1348,PASS,2026-06-21
NCT05207709,fulvestrant,Metastatic Breast Cancer,Metastatic Breast Cancer,ACTIVE_NOT_RECRUITING,0.1745,0.1334,PASS,2026-06-21
NCT04498117,paclitaxel,Ovarian Cancer,Ovarian Cancer,ACTIVE_NOT_RECRUITING,0.15,0.1334,PASS,2026-06-21
NCT04787744,enzalutamide,Prostate Cancer,Prostate Cancer,RECRUITING,0.1685,0.1334,PASS,2026-06-21
NCT07376382,pemetrexed,NSCLC,NSCLC,NOT_YET_RECRUITING,0.2107,0.1334,PASS,2026-06-21
NCT06698666,sertraline,Major Depressive Disorder,Major Depressive Disorder,RECRUITING,0.1789,0.1334,PASS,2026-06-21
NCT04787744,bicalutamide,Prostate Cancer,Prostate Cancer,RECRUITING,0.1707,0.1334,PASS,2026-06-21
NCT04301739,paclitaxel,Triple Negative Breast Cancer,Triple Negative Breast Cancer,NOT_YET_RECRUITING,0.2001,0.1334,PASS,2026-06-21
NCT05257395,letrozole,Advanced Breast Cancer,Advanced Breast Cancer,ACTIVE_NOT_RECRUITING,0.1826,0.1334,PASS,2026-06-21
NCT04787744,apalutamide,Prostate Cancer,Prostate Cancer,RECRUITING,0.1734,0.1334,PASS,2026-06-21
NCT07651176,cytarabine,Acute Myeloid Leukemia,Acute Myeloid Leukemia,ENROLLING_BY_INVITATION,0.1946,0.1334,PASS,2026-06-21
NCT03150576,olaparib,Breast Cancer,Breast Cancer,RECRUITING,0.1943,0.1334,PASS,2026-06-21
NCT05850689,lumateperone,Major Depressive Disorder,Major Depressive Disorder,RECRUITING,0.1855,0.1334,PASS,2026-06-21
NCT06268327,capecitabine,Breast Cancer,Breast Cancer,NOT_YET_RECRUITING,0.1596,0.1334,PASS,2026-06-21
NCT05603104,bupropion,Major Depressive Disorder,Major Depressive Disorder,RECRUITING,0.1635,0.1319,PASS,2026-06-21
NCT07033585,metformin,Type 2 Diabetes,Type 2 Diabetes,ACTIVE_NOT_RECRUITING,0.1123,0.1318,PASS,2026-06-21
NCT07582835,ticagrelor,Acute Coronary Syndrome,Acute Coronary Syndromes,RECRUITING,0.1231,0.1318,PASS,2026-06-21
NCT04134598,tamoxifen,Breast Cancer,Breast Cancer,ACTIVE_NOT_RECRUITING,0.1383,0.1318,PASS,2026-06-21
NCT07033585,dapagliflozin,Type 2 Diabetes,Type 2 Diabetes,ACTIVE_NOT_RECRUITING,0.1136,0.1313,PASS,2026-06-21
NCT02344472,capecitabine,Metastatic Breast Cancer,Metastatic Breast Cancer,ACTIVE_NOT_RECRUITING,0.1401,0.1313,PASS,2026-06-21
NCT04263298,fulvestrant,Metastatic Breast Cancer,Metastatic Breast Cancer,RECRUITING,0.1603,0.1294,PASS,2026-06-21
NCT07223814,cytarabine,Acute Myeloid Leukemia,Acute Myeloid Leukemia,RECRUITING,0.1548,0.1247,PASS,2026-06-21
NCT02032823,olaparib,Breast Cancer,Breast Cancer,ACTIVE_NOT_RECRUITING,0.1665,0.1247,PASS,2026-06-21
NCT05382299,paclitaxel,Triple Negative Breast Cancer,Triple Negative Breast Cancer,ACTIVE_NOT_RECRUITING,0.1375,0.1247,PASS,2026-06-21
NCT06492616,tamoxifen,Breast Cancer,Breast Cancer,RECRUITING,0.1303,0.1247,PASS,2026-06-21
NCT05630755,tenofovir alafenamide,HIV-1 infection,HIV-1 Infection,ACTIVE_NOT_RECRUITING,0.1402,0.1244,PASS,2026-06-21
NCT06476184,paclitaxel,Ovarian Cancer,Ovarian Cancer,RECRUITING,0.1214,0.1241,PASS,2026-06-21
NCT04821622,enzalutamide,Prostate Cancer,Prostate Cancer,ACTIVE_NOT_RECRUITING,0.1111,0.1241,PASS,2026-06-21
NCT07028853,enzalutamide,Prostate Cancer,Prostate Cancer,RECRUITING,0.1011,0.1241,PASS,2026-06-21
NCT05179876,tadalafil,"Hypertension, Pulmonary","Hypertension, Pulmonary",RECRUITING,0.113,0.1241,PASS,2026-06-21
NCT05009082,paclitaxel,Ovarian Cancer,Ovarian Cancer,RECRUITING,0.1251,0.1241,PASS,2026-06-21
NCT06429475,budesonide,Asthma,Asthma,RECRUITING,0.1755,0.1236,PASS,2026-06-21
NCT05038735,alpelisib,Breast Cancer,Breast Cancer,ACTIVE_NOT_RECRUITING,0.139,0.1231,PASS,2026-06-21
NCT05603104,sertraline,Major Depressive Disorder,Major Depressive Disorder,RECRUITING,0.1323,0.1231,PASS,2026-06-21
NCT06112379,olaparib,Breast Cancer,Breast Cancer,ACTIVE_NOT_RECRUITING,0.1206,0.1231,PASS,2026-06-21
NCT06751485,paclitaxel,Ovarian Cancer,Ovarian Cancer,NOT_YET_RECRUITING,0.1121,0.1225,PASS,2026-06-21
NCT04421963,olaparib,Ovarian Cancer,Ovarian Cancer,ACTIVE_NOT_RECRUITING,0.1426,0.1212,PASS,2026-06-21
NCT05562466,mometasone furoate,asthma,Asthma,RECRUITING,0.1816,0.1212,PASS,2026-06-21
NCT06482554,risperidone,Schizophrenia,Schizophrenia,RECRUITING,0.1514,0.1212,PASS,2026-06-21
NCT04624230,tofacitinib,Ulcerative Colitis,Ulcerative Colitis,ACTIVE_NOT_RECRUITING,0.1484,0.1212,PASS,2026-06-21
NCT07582835,clopidogrel,Acute Coronary Syndrome,Acute Coronary Syndromes,RECRUITING,0.1212,0.1212,PASS,2026-06-21
NCT06828354,topotecan,Ovarian Cancer,Ovarian Cancer,RECRUITING,0.1077,0.1198,PASS,2026-06-21
NCT06855069,topotecan,Ovarian Cancer,Ovarian Cancer,RECRUITING,0.1131,0.1198,PASS,2026-06-21
NCT06394492,topotecan,Ovarian Cancer,Ovarian Cancer,RECRUITING,0.1102,0.1198,PASS,2026-06-21
NCT07026968,metformin,Type 2 Diabetes,Type 2 Diabetes,ACTIVE_NOT_RECRUITING,0.0959,0.1176,PASS,2026-06-21
NCT05646862,alpelisib,Breast Cancer,Breast Cancer,ACTIVE_NOT_RECRUITING,0.0928,0.1161,PASS,2026-06-21
NCT06616194,rimegepant,migraine,Migraine,RECRUITING,0.1024,0.1124,PASS,2026-06-21
NCT02810743,olaparib,Breast Cancer,Breast Cancer,ACTIVE_NOT_RECRUITING,0.1037,0.1124,PASS,2026-06-21
NCT03952559,baricitinib,Atopic Dermatitis,Atopic Dermatitis,ACTIVE_NOT_RECRUITING,0.116,0.1124,PASS,2026-06-21
NCT07379333,dapagliflozin,Type 2 Diabetes,Type 2 Diabetes,RECRUITING,0.1026,0.1124,PASS,2026-06-21
NCT06048315,paclitaxel,Lung Cancer,Lung Cancer,NOT_YET_RECRUITING,0.1194,0.1124,PASS,2026-06-21
NCT06286878,dapagliflozin,Diabetes,Diabetes,RECRUITING,0.0898,0.1124,PASS,2026-06-21
NCT05603104,venlafaxine,Major Depressive Disorder,Major Depressive Disorder,RECRUITING,0.1205,0.1124,PASS,2026-06-21
NCT02763566,letrozole,Breast Cancer,Breast Cancer,ACTIVE_NOT_RECRUITING,0.0848,0.1123,PASS,2026-06-21
NCT07024173,fulvestrant,Metastatic Breast Cancer,Metastatic Breast Cancer,RECRUITING,0.1191,0.1118,PASS,2026-06-21
NCT07502820,tamoxifen,Breast Cancer,Breast Cancer,NOT_YET_RECRUITING,0.0859,0.1118,PASS,2026-06-21
NCT06925737,prednisone,Prostate Cancer,Prostate Cancer,RECRUITING,0.0782,0.1118,PASS,2026-06-21
NCT06982521,fulvestrant,Breast Cancer,Breast Cancer,RECRUITING,0.0811,0.1118,PASS,2026-06-21
NCT07062965,fulvestrant,Breast Cancer,Breast Cancer,RECRUITING,0.0926,0.1118,PASS,2026-06-21
NCT06865417,filgotinib,ulcerative colitis,Ulcerative Colitis,RECRUITING,0.1111,0.1118,PASS,2026-06-21
NCT06664619,fluticasone propionate,asthma,Asthma,RECRUITING,0.0993,0.1118,PASS,2026-06-21
NCT06649214,olanzapine,Schizophrenia,Schizophrenia,NOT_YET_RECRUITING,0.0999,0.1118,PASS,2026-06-21
NCT06772168,dapagliflozin,Type 2 Diabetes,Type 2 Diabetes,RECRUITING,0.0846,0.1118,PASS,2026-06-21
NCT05431595,haloperidol,Delirium,Delirium,RECRUITING,0.0904,0.1118,PASS,2026-06-21
NCT06279364,paclitaxel,Triple Negative Breast Cancer,Triple Negative Breast Cancer,RECRUITING,0.0813,0.1118,PASS,2026-06-21
NCT06093672,hydroxyurea,Polycythemia Vera,Polycythemia Vera,RECRUITING,0.0808,0.1118,PASS,2026-06-21
NCT06394492,paclitaxel,Ovarian Cancer,Ovarian Cancer,RECRUITING,0.072,0.1104,PASS,2026-06-21
NCT06828354,paclitaxel,Ovarian Cancer,Ovarian Cancer,RECRUITING,0.0716,0.1104,PASS,2026-06-21
NCT06855069,paclitaxel,Ovarian Cancer,Ovarian Cancer,RECRUITING,0.0739,0.1104,PASS,2026-06-21
NCT05063136,capecitabine,Breast Cancer,Breast Cancer,RECRUITING,0.0731,0.1088,PASS,2026-06-21
NCT05501886,fulvestrant,Breast Cancer,Breast Cancer,ACTIVE_NOT_RECRUITING,0.0588,0.1088,PASS,2026-06-21
NCT05345327,metformin,Type 2 Diabetes,Type 2 Diabetes,RECRUITING,0.0851,0.1088,PASS,2026-06-21
NCT07379333,metformin,Type 2 Diabetes,Type 2 Diabetes,RECRUITING,0.0853,0.1088,PASS,2026-06-21
NCT06765473,misoprostol,postpartum hemorrhage,Postpartum Hemorrhage,NOT_YET_RECRUITING,0.0682,0.1088,PASS,2026-06-21
NCT05245227,misoprostol,postpartum hemorrhage,Postpartum Hemorrhage,RECRUITING,0.0864,0.1088,PASS,2026-06-21
NCT04646759,fulvestrant,Breast Cancer,Breast Cancer,RECRUITING,0.0802,0.1088,PASS,2026-06-21
NCT07190443,tamoxifen,Breast Cancer,Breast Cancer,RECRUITING,0.058,0.1088,PASS,2026-06-21
NCT06982521,fulvestrant,Metastatic Breast Cancer,Metastatic Breast Cancer,RECRUITING,0.1143,0.1088,PASS,2026-06-21
NCT05104866,eribulin,Breast Cancer,Breast Cancer,ACTIVE_NOT_RECRUITING,0.0496,0.1088,PASS,2026-06-21
NCT06223698,tamoxifen,Breast Cancer,Breast Cancer,NOT_YET_RECRUITING,0.0736,0.1088,PASS,2026-06-21
NCT05696626,fulvestrant,Metastatic Breast Cancer,Metastatic Breast Cancer,RECRUITING,0.0896,0.1088,PASS,2026-06-21
NCT06016738,fulvestrant,Breast Cancer,Breast Cancer,RECRUITING,0.0626,0.1088,PASS,2026-06-21
NCT06082063,sotagliflozin,Type 1 Diabetes,Type 1 Diabetes,RECRUITING,0.0462,0.1088,PASS,2026-06-21
NCT06016738,fulvestrant,Metastatic Breast Cancer,Metastatic Breast Cancer,RECRUITING,0.0827,0.1088,PASS,2026-06-21
NCT06954961,fulvestrant,Breast Cancer,Breast Cancer,RECRUITING,0.0861,0.1088,PASS,2026-06-21
NCT07496736,oseltamivir,Influenza,Influenza,ACTIVE_NOT_RECRUITING,0.0864,0.1088,PASS,2026-06-21
NCT05891093,tamoxifen,Breast Cancer,Breast Cancer,RECRUITING,0.0721,0.1088,PASS,2026-06-21
NCT07019363,tamoxifen,Breast Cancer,Breast Cancer,RECRUITING,0.0721,0.1088,PASS,2026-06-21
NCT03477500,cladribine,Multiple Sclerosis,Multiple Sclerosis,ACTIVE_NOT_RECRUITING,0.0634,0.1088,PASS,2026-06-21
NCT07349069,tamoxifen,Breast Cancer,Breast Cancer,RECRUITING,0.0941,0.1088,PASS,2026-06-21
NCT04181203,apalutamide,Prostate Cancer,Prostate Cancer,ACTIVE_NOT_RECRUITING,0.1053,0.1088,PASS,2026-06-21
NCT05374512,eribulin,Breast Cancer,Breast Cancer,ACTIVE_NOT_RECRUITING,0.0628,0.1088,PASS,2026-06-21
NCT07026968,dapagliflozin,Type 2 Diabetes,Type 2 Diabetes,ACTIVE_NOT_RECRUITING,0.0568,0.108,PASS,2026-06-21
NCT03561740,capecitabine,Breast Cancer,Breast Cancer,RECRUITING,0.0864,0.1079,PASS,2026-06-21
NCT06297603,metformin,Type 2 Diabetes,Type 2 Diabetes,ACTIVE_NOT_RECRUITING,0.0677,0.1077,PASS,2026-06-21
NCT06332534,upadacitinib,Crohn's disease,Crohn's Disease,RECRUITING,0.0575,0.1074,PASS,2026-06-21
NCT01064635,tamoxifen,Breast Cancer,Breast Cancer,ACTIVE_NOT_RECRUITING,0.0585,0.1074,PASS,2026-06-21
NCT04787744,methylprednisolone,Prostate Cancer,Prostate Cancer,RECRUITING,0.0499,0.1074,PASS,2026-06-21
NCT04787744,prednisone,Prostate Cancer,Prostate Cancer,RECRUITING,0.0509,0.1074,PASS,2026-06-21
NCT04421963,olaparib,Breast Cancer,Breast Cancer,ACTIVE_NOT_RECRUITING,0.0596,0.1074,PASS,2026-06-21
NCT05212454,capecitabine,Breast Cancer,Breast Cancer,RECRUITING,0.0622,0.1074,PASS,2026-06-21
NCT06052267,fluticasone propionate,asthma,Asthma,ACTIVE_NOT_RECRUITING,0.0713,0.1074,PASS,2026-06-21
NCT06961968,iloperidone,schizophrenia,Schizophrenia,RECRUITING,0.0534,0.1074,PASS,2026-06-21
NCT05156398,rimegepant,migraine,Migraine,RECRUITING,0.0756,0.1074,PASS,2026-06-21
NCT02629159,methotrexate,Rheumatoid Arthritis,Rheumatoid Arthritis,ACTIVE_NOT_RECRUITING,0.0462,0.1074,PASS,2026-06-21
NCT04229979,cytarabine,Acute Myeloid Leukemia,Acute Myeloid Leukemia,ACTIVE_NOT_RECRUITING,0.0815,0.1074,PASS,2026-06-21
NCT02429700,paclitaxel,Ovarian Cancer,Ovarian Cancer,RECRUITING,0.0645,0.1065,PASS,2026-06-21
NCT02429687,paclitaxel,Ovarian Cancer,Ovarian Cancer,RECRUITING,0.0645,0.1065,PASS,2026-06-21
NCT06790693,letrozole,Breast Cancer,Breast Cancer,RECRUITING,0.0522,0.1035,PASS,2026-06-21
NCT03168880,paclitaxel,Triple Negative Breast Cancer,Triple Negative Breast Cancer,ACTIVE_NOT_RECRUITING,0.0397,0.1035,PASS,2026-06-21
NCT05623020,dexamethasone,Multiple Myeloma,Multiple Myeloma,RECRUITING,0.0364,0.1035,PASS,2026-06-21
NCT05851014,letrozole,Breast Cancer,Breast Cancer,RECRUITING,0.0616,0.1035,PASS,2026-06-21
NCT01674140,letrozole,Breast Cancer,Breast Cancer,ACTIVE_NOT_RECRUITING,0.0884,0.1035,PASS,2026-06-21
NCT06589765,dapagliflozin,Type 2 Diabetes,Type 2 Diabetes,RECRUITING,0.0465,0.1035,PASS,2026-06-21
NCT06589765,metformin,Type 2 Diabetes,Type 2 Diabetes,RECRUITING,0.0522,0.1035,PASS,2026-06-21
NCT05358535,propofol,Anesthesia,Anesthesia,RECRUITING,0.0447,0.1035,PASS,2026-06-21
NCT05603104,esketamine,Major Depressive Disorder,Major Depressive Disorder,RECRUITING,0.0386,0.1035,PASS,2026-06-21
NCT07082114,dapagliflozin,Type 2 Diabetes,Type 2 Diabetes,RECRUITING,0.0444,0.1035,PASS,2026-06-21
NCT00070564,paclitaxel,Breast Cancer,Breast Cancer,ACTIVE_NOT_RECRUITING,0.0429,0.1035,PASS,2026-06-21
NCT07624513,dexamethasone,Multiple Myeloma,Multiple Myeloma,NOT_YET_RECRUITING,0.0423,0.1035,PASS,2026-06-21
NCT02246621,letrozole,Breast Cancer,Breast Cancer,ACTIVE_NOT_RECRUITING,0.0438,0.1035,PASS,2026-06-21
NCT06561607,capecitabine,Breast Cancer,Breast Cancer,NOT_YET_RECRUITING,0.0343,0.1035,PASS,2026-06-21
NCT05345327,dapagliflozin,Type 2 Diabetes,Type 2 Diabetes,RECRUITING,0.042,0.1035,PASS,2026-06-21
NCT05645536,tamoxifen,Breast Cancer,Breast Cancer,ENROLLING_BY_INVITATION,0.0472,0.1035,PASS,2026-06-21
NCT05326347,brexpiprazole,schizophrenia,Schizophrenia,ACTIVE_NOT_RECRUITING,0.0717,0.1035,PASS,2026-06-21
NCT04549116,progesterone,Infertility,Infertility,ACTIVE_NOT_RECRUITING,0.0408,0.1035,PASS,2026-06-21
NCT02344472,paclitaxel,Metastatic Breast Cancer,Metastatic Breast Cancer,ACTIVE_NOT_RECRUITING,0.053,0.1035,PASS,2026-06-21
NCT03725059,paclitaxel,Breast Cancer,Breast Cancer,ACTIVE_NOT_RECRUITING,0.0536,0.1035,PASS,2026-06-21
NCT05814354,eribulin,Breast Cancer,Breast Cancer,RECRUITING,0.0515,0.1027,PASS,2026-06-21
NCT03734029,eribulin,Breast Cancer,Breast Cancer,ACTIVE_NOT_RECRUITING,0.052,0.1027,PASS,2026-06-21
NCT06757634,fulvestrant,Breast Cancer,Breast Cancer,RECRUITING,0.0419,0.1013,PASS,2026-06-21
NCT07564141,paclitaxel,Ovarian Cancer,Ovarian Cancer,NOT_YET_RECRUITING,0.0505,0.1013,PASS,2026-06-21
NCT06079983,eribulin,Breast Cancer,Breast Cancer,RECRUITING,0.0399,0.1008,PASS,2026-06-21
NCT04483739,dexamethasone,Multiple Myeloma,Multiple Myeloma,ACTIVE_NOT_RECRUITING,0.0346,0.1001,PASS,2026-06-21
NCT03817502,cariprazine,schizophrenia,Schizophrenia,RECRUITING,0.0306,0.1001,PASS,2026-06-21
NCT02918084,letrozole,Breast Cancer,Breast Cancer,ACTIVE_NOT_RECRUITING,0.0381,0.1001,PASS,2026-06-21
NCT05283980,bupivacaine,Pain,Pain,ACTIVE_NOT_RECRUITING,0.0441,0.1001,PASS,2026-06-21
NCT05020236,dexamethasone,Multiple Myeloma,Multiple Myeloma,RECRUITING,0.0359,0.1001,PASS,2026-06-21
NCT05125302,ubrogepant,migraine,Migraine,RECRUITING,0.0552,0.1001,PASS,2026-06-21
NCT06619600,dapagliflozin,Diabetes Mellitus,Diabetes Mellitus,ACTIVE_NOT_RECRUITING,0.0388,0.0974,PASS,2026-06-21
NCT06742138,pomalidomide,Multiple Myeloma,Multiple Myeloma,NOT_YET_RECRUITING,0.0358,0.0974,PASS,2026-06-21
NCT03390686,paclitaxel,Lung Cancer,Lung Cancer,ACTIVE_NOT_RECRUITING,0.0365,0.0974,PASS,2026-06-21
NCT05207709,paclitaxel,Metastatic Breast Cancer,Metastatic Breast Cancer,ACTIVE_NOT_RECRUITING,0.0397,0.0974,PASS,2026-06-21
NCT05814354,capecitabine,Breast Cancer,Breast Cancer,RECRUITING,0.0348,0.0974,PASS,2026-06-21
NCT07648914,capecitabine,Breast Cancer,Breast Cancer,NOT_YET_RECRUITING,0.0367,0.0974,PASS,2026-06-21
NCT07366840,capecitabine,Metastatic Breast Cancer,Metastatic Breast Cancer,NOT_YET_RECRUITING,0.045,0.0974,PASS,2026-06-21
NCT07207070,fulvestrant,Breast Cancer,Breast Cancer,RECRUITING,0.0362,0.0974,PASS,2026-06-21
NCT07410169,paclitaxel,Breast Cancer,Breast Cancer,NOT_YET_RECRUITING,0.0351,0.0974,PASS,2026-06-21
NCT05063786,alpelisib,Advanced Breast Cancer,Advanced Breast Cancer,ACTIVE_NOT_RECRUITING,0.0305,0.0971,PASS,2026-06-21
NCT05501886,alpelisib,Breast Cancer,Breast Cancer,ACTIVE_NOT_RECRUITING,0.0304,0.0969,PASS,2026-06-21
NCT04646759,capecitabine,Breast Cancer,Breast Cancer,RECRUITING,0.0322,0.0955,PASS,2026-06-21
NCT06016738,letrozole,Advanced Breast Cancer,Advanced Breast Cancer,RECRUITING,0.0266,0.0955,PASS,2026-06-21
NCT06268652,eribulin,Breast Cancer,Breast Cancer,RECRUITING,0.0256,0.0955,PASS,2026-06-21
NCT04335669,capecitabine,Breast Cancer,Breast Cancer,ACTIVE_NOT_RECRUITING,0.0331,0.0955,PASS,2026-06-21
NCT06380751,ribociclib,Advanced Breast Cancer,Advanced Breast Cancer,RECRUITING,0.0419,0.0953,PASS,2026-06-21
NCT05623020,lenalidomide,Multiple Myeloma,Multiple Myeloma,RECRUITING,0.0319,0.0945,PASS,2026-06-21
NCT07305883,ketorolac,pain,Pain,NOT_YET_RECRUITING,0.0276,0.094,PASS,2026-06-21
NCT00433420,paclitaxel,Breast Cancer,Breast Cancer,ACTIVE_NOT_RECRUITING,0.0343,0.094,PASS,2026-06-21
NCT07071337,paclitaxel,Metastatic Breast Cancer,Metastatic Breast Cancer,RECRUITING,0.0261,0.094,PASS,2026-06-21
NCT04906395,letrozole,Breast Cancer,Breast Cancer,ACTIVE_NOT_RECRUITING,0.0428,0.094,PASS,2026-06-21
NCT05104866,capecitabine,Breast Cancer,Breast Cancer,ACTIVE_NOT_RECRUITING,0.0298,0.094,PASS,2026-06-21
NCT05780567,letrozole,Breast Cancer,Breast Cancer,ACTIVE_NOT_RECRUITING,0.0432,0.094,PASS,2026-06-21
NCT06561607,paclitaxel,Breast Cancer,Breast Cancer,NOT_YET_RECRUITING,0.0285,0.094,PASS,2026-06-21
NCT03345823,upadacitinib,Crohn's disease,Crohn's Disease,ACTIVE_NOT_RECRUITING,0.0326,0.094,PASS,2026-06-21
NCT05374512,capecitabine,Breast Cancer,Breast Cancer,ACTIVE_NOT_RECRUITING,0.0257,0.0932,PASS,2026-06-21
NCT04909801,methotrexate,Rheumatoid Arthritis,Rheumatoid Arthritis,ACTIVE_NOT_RECRUITING,0.027,0.0923,PASS,2026-06-21
NCT04263298,capecitabine,Metastatic Breast Cancer,Metastatic Breast Cancer,RECRUITING,0.0216,0.0921,PASS,2026-06-21
NCT03706365,abiraterone acetate,Prostate Cancer,Prostate Cancer,ACTIVE_NOT_RECRUITING,0.0239,0.0921,PASS,2026-06-21
NCT06915025,paclitaxel,Ovarian Cancer,Ovarian Cancer,RECRUITING,0.0307,0.0921,PASS,2026-06-21
NCT01057069,paclitaxel,Breast Cancer,Breast Cancer,ACTIVE_NOT_RECRUITING,0.0268,0.0921,PASS,2026-06-21
NCT07021261,capecitabine,Breast Cancer,Breast Cancer,NOT_YET_RECRUITING,0.0203,0.0921,PASS,2026-06-21
NCT06079983,capecitabine,Breast Cancer,Breast Cancer,RECRUITING,0.0219,0.0921,PASS,2026-06-21
NCT07085767,ribociclib,Breast Cancer,Breast Cancer,RECRUITING,0.0231,0.0919,PASS,2026-06-21
NCT04670666,empagliflozin,Type 2 Diabetes Mellitus,Type 2 Diabetes Mellitus,RECRUITING,0.0297,0.0916,PASS,2026-06-21
NCT05886088,dapagliflozin,Type 2 Diabetes Mellitus,Type 2 Diabetes Mellitus,NOT_YET_RECRUITING,0.031,0.0916,PASS,2026-06-21
NCT05020236,pomalidomide,Multiple Myeloma,Multiple Myeloma,RECRUITING,0.0335,0.0916,PASS,2026-06-21
NCT04137653,paclitaxel,Breast Cancer,Breast Cancer,RECRUITING,0.019,0.0916,PASS,2026-06-21
NCT03150576,paclitaxel,Breast Cancer,Breast Cancer,RECRUITING,0.023,0.0912,PASS,2026-06-21
NCT07237256,ribociclib,Breast Cancer,Breast Cancer,RECRUITING,0.0218,0.0911,PASS,2026-06-21
NCT07474649,bempedoic acid,Hypercholesterolemia,Hypercholesterolemia,NOT_YET_RECRUITING,0.0242,0.0911,PASS,2026-06-21
NCT04483739,lenalidomide,Multiple Myeloma,Multiple Myeloma,ACTIVE_NOT_RECRUITING,0.0273,0.0911,PASS,2026-06-21
NCT06020144,tofacitinib,Rheumatoid Arthritis,Rheumatoid Arthritis,ACTIVE_NOT_RECRUITING,0.0195,0.0911,PASS,2026-06-21
NCT04071457,lenalidomide,Multiple Myeloma,Multiple Myeloma,ACTIVE_NOT_RECRUITING,0.0312,0.0911,PASS,2026-06-21
NCT05886088,linagliptin,Type 2 Diabetes Mellitus,Type 2 Diabetes Mellitus,NOT_YET_RECRUITING,0.0246,0.0911,PASS,2026-06-21
NCT04670666,linagliptin,Type 2 Diabetes Mellitus,Type 2 Diabetes Mellitus,RECRUITING,0.0178,0.0911,PASS,2026-06-21
NCT06492616,letrozole,Breast Cancer,Breast Cancer,RECRUITING,0.0161,0.0896,PASS,2026-06-21
NCT05841381,paclitaxel,Breast Cancer,Breast Cancer,NOT_YET_RECRUITING,0.0172,0.0896,PASS,2026-06-21
NCT07653477,metformin,Type 2 Diabetes,Type 2 Diabetes,NOT_YET_RECRUITING,0.0244,0.0896,PASS,2026-06-21
NCT06380751,letrozole,Advanced Breast Cancer,Advanced Breast Cancer,RECRUITING,0.0207,0.0896,PASS,2026-06-21
NCT05603104,escitalopram,Major Depressive Disorder,Major Depressive Disorder,RECRUITING,0.0143,0.0896,PASS,2026-06-21
NCT03734029,capecitabine,Breast Cancer,Breast Cancer,ACTIVE_NOT_RECRUITING,0.0188,0.0896,PASS,2026-06-21
NCT04803539,capecitabine,Breast Cancer,Breast Cancer,RECRUITING,0.0167,0.0896,PASS,2026-06-21
NCT05973851,esketamine,Major Depressive Disorder,Major Depressive Disorder,RECRUITING,0.0228,0.0896,PASS,2026-06-21
NCT05374512,paclitaxel,Breast Cancer,Breast Cancer,ACTIVE_NOT_RECRUITING,0.0216,0.0896,PASS,2026-06-21
NCT03950232,etrasimod,Ulcerative Colitis,Ulcerative Colitis,ACTIVE_NOT_RECRUITING,0.0189,0.0896,PASS,2026-06-21
NCT06383767,capecitabine,Metastatic Breast Cancer,Metastatic Breast Cancer,RECRUITING,0.0161,0.0896,PASS,2026-06-21
NCT03414502,methotrexate,Rheumatoid Arthritis,Rheumatoid Arthritis,RECRUITING,0.0202,0.0892,PASS,2026-06-21
NCT07071337,capecitabine,Metastatic Breast Cancer,Metastatic Breast Cancer,RECRUITING,0.013,0.0892,PASS,2026-06-21
NCT01208662,lenalidomide,Multiple Myeloma,Multiple Myeloma,ACTIVE_NOT_RECRUITING,0.0126,0.0892,PASS,2026-06-21
NCT06182774,lenalidomide,Multiple Myeloma,Multiple Myeloma,RECRUITING,0.0094,0.0892,PASS,2026-06-21
NCT05098470,metformin,Type 2 Diabetes,Type 2 Diabetes,ACTIVE_NOT_RECRUITING,0.0241,0.0892,PASS,2026-06-21
NCT06018337,paclitaxel,Metastatic Breast Cancer,Metastatic Breast Cancer,ACTIVE_NOT_RECRUITING,0.0147,0.0892,PASS,2026-06-21
NCT07467330,capecitabine,Breast Cancer,Breast Cancer,RECRUITING,0.0208,0.0892,PASS,2026-06-21
NCT03539744,venetoclax,Multiple Myeloma,Multiple Myeloma,ACTIVE_NOT_RECRUITING,0.0127,0.0892,PASS,2026-06-21
NCT03823534,acetaminophen,Pain,Pain,RECRUITING,0.018,0.0892,PASS,2026-06-21
NCT05814627,upadacitinib,Rheumatoid Arthritis,Rheumatoid Arthritis,ACTIVE_NOT_RECRUITING,0.0137,0.0892,PASS,2026-06-21
NCT06112379,paclitaxel,Breast Cancer,Breast Cancer,ACTIVE_NOT_RECRUITING,0.0164,0.0892,PASS,2026-06-21
NCT06187441,lenalidomide,Multiple Myeloma,Multiple Myeloma,RECRUITING,0.0105,0.0892,PASS,2026-06-21
NCT03734029,paclitaxel,Breast Cancer,Breast Cancer,ACTIVE_NOT_RECRUITING,0.0184,0.0892,PASS,2026-06-21
NCT06956170,dexamethasone,Multiple Myeloma,Multiple Myeloma,ACTIVE_NOT_RECRUITING,0.0142,0.0892,PASS,2026-06-21
NCT04162210,dexamethasone,Multiple Myeloma,Multiple Myeloma,ACTIVE_NOT_RECRUITING,0.0137,0.0892,PASS,2026-06-21
NCT06417775,ubrogepant,migraine,Migraine,RECRUITING,0.0173,0.0892,PASS,2026-06-21
NCT07085767,letrozole,Breast Cancer,Breast Cancer,RECRUITING,0.0142,0.0892,PASS,2026-06-21
NCT05814354,paclitaxel,Breast Cancer,Breast Cancer,RECRUITING,0.0155,0.0892,PASS,2026-06-21
NCT07095452,lenalidomide,Multiple Myeloma,Multiple Myeloma,RECRUITING,0.0115,0.0892,PASS,2026-06-21
NCT07648914,paclitaxel,Breast Cancer,Breast Cancer,NOT_YET_RECRUITING,0.0168,0.0892,PASS,2026-06-21
NCT06103864,paclitaxel,Breast Cancer,Breast Cancer,RECRUITING,0.0149,0.0892,PASS,2026-06-21
NCT05979311,lamivudine,HIV infection,HIV Infections,ACTIVE_NOT_RECRUITING,0.0109,0.0892,PASS,2026-06-21
NCT04335669,paclitaxel,Breast Cancer,Breast Cancer,ACTIVE_NOT_RECRUITING,0.0156,0.0892,PASS,2026-06-21
NCT05748483,atogepant,migraine,Migraine,ACTIVE_NOT_RECRUITING,0.0137,0.0892,PASS,2026-06-21
NCT07620574,prednisone,Prostate Cancer,Prostate Cancer,NOT_YET_RECRUITING,0.0208,0.0892,PASS,2026-06-21
NCT06313983,capecitabine,Breast Cancer,Breast Cancer,RECRUITING,0.0147,0.0892,PASS,2026-06-21
NCT06241313,atogepant,migraine,Migraine,ACTIVE_NOT_RECRUITING,0.0152,0.0892,PASS,2026-06-21
NCT02016924,tenofovir alafenamide,HIV infection,HIV Infections,ACTIVE_NOT_RECRUITING,0.0186,0.0892,PASS,2026-06-21
NCT06081959,capecitabine,Metastatic Breast Cancer,Metastatic Breast Cancer,RECRUITING,0.0153,0.0892,PASS,2026-06-21
NCT07487103,metformin,Type 2 Diabetes,Type 2 Diabetes,NOT_YET_RECRUITING,0.0154,0.0892,PASS,2026-06-21
NCT07417306,metformin,Type 2 Diabetes,Type 2 Diabetes,NOT_YET_RECRUITING,0.0155,0.0892,PASS,2026-06-21
NCT06227910,upadacitinib,Crohn's disease,Crohn's Disease,RECRUITING,0.0202,0.0892,PASS,2026-06-21
NCT07057427,paclitaxel,Breast Cancer,Breast Cancer,RECRUITING,0.0162,0.0892,PASS,2026-06-21
NCT04337450,lamivudine,HIV infection,HIV Infections,ACTIVE_NOT_RECRUITING,0.0137,0.0892,PASS,2026-06-21
NCT06138600,lamivudine,HIV infection,HIV Infections,ACTIVE_NOT_RECRUITING,0.0156,0.0892,PASS,2026-06-21
NCT05030155,azathioprine,Eosinophilic Granulomatosis With Polyangiitis,Eosinophilic Granulomatosis With Polyangiitis,ACTIVE_NOT_RECRUITING,0.0106,0.0891,PASS,2026-06-21
NCT06079983,paclitaxel,Breast Cancer,Breast Cancer,RECRUITING,0.0125,0.0891,PASS,2026-06-21
NCT05909397,letrozole,Breast Cancer,Breast Cancer,ACTIVE_NOT_RECRUITING,0.0165,0.089,PASS,2026-06-21
NCT04134598,letrozole,Breast Cancer,Breast Cancer,ACTIVE_NOT_RECRUITING,0.013,0.089,PASS,2026-06-21
NCT06835400,paclitaxel,Metastatic Breast Cancer,Metastatic Breast Cancer,NOT_YET_RECRUITING,0.0102,0.089,PASS,2026-06-21
NCT07400523,ribociclib,Breast Cancer,Breast Cancer,RECRUITING,0.0226,0.089,PASS,2026-06-21
NCT06223698,letrozole,Breast Cancer,Breast Cancer,NOT_YET_RECRUITING,0.012,0.0885,PASS,2026-06-21
NCT01646034,paclitaxel,Breast Cancer,Breast Cancer,ACTIVE_NOT_RECRUITING,0.0125,0.0868,PASS,2026-06-21
NCT06152575,lenalidomide,Multiple Myeloma,Multiple Myeloma,RECRUITING,0.0103,0.0866,PASS,2026-06-21
NCT05174052,dapagliflozin,Diabetes Mellitus,Diabetes Mellitus,RECRUITING,0.0104,0.0866,PASS,2026-06-21
NCT05317416,lenalidomide,Multiple Myeloma,Multiple Myeloma,ACTIVE_NOT_RECRUITING,0.0088,0.0861,PASS,2026-06-21
NCT06152575,pomalidomide,Multiple Myeloma,Multiple Myeloma,RECRUITING,0.0109,0.0846,PASS,2026-06-21
NCT04751877,lenalidomide,Multiple Myeloma,Multiple Myeloma,ACTIVE_NOT_RECRUITING,0.0099,0.0846,PASS,2026-06-21
NCT07285239,lenalidomide,Multiple Myeloma,Multiple Myeloma,NOT_YET_RECRUITING,0.0094,0.0846,PASS,2026-06-21
NCT06956170,pomalidomide,Multiple Myeloma,Multiple Myeloma,ACTIVE_NOT_RECRUITING,0.0119,0.0846,PASS,2026-06-21
NCT04162210,pomalidomide,Multiple Myeloma,Multiple Myeloma,ACTIVE_NOT_RECRUITING,0.0116,0.0846,PASS,2026-06-21
NCT00602641,lenalidomide,Multiple Myeloma,Multiple Myeloma,ACTIVE_NOT_RECRUITING,0.0103,0.0846,PASS,2026-06-21
NCT07569757,pomalidomide,Multiple Myeloma,Multiple Myeloma,NOT_YET_RECRUITING,0.0115,0.0846,PASS,2026-06-21
NCT07190443,letrozole,Breast Cancer,Breast Cancer,RECRUITING,0.0095,0.0844,PASS,2026-06-21
NCT06760637,ribociclib,Breast Cancer,Breast Cancer,ACTIVE_NOT_RECRUITING,0.0087,0.0844,PASS,2026-06-21
NCT07452198,pomalidomide,Multiple Myeloma,Multiple Myeloma,RECRUITING,0.0093,0.0844,PASS,2026-06-21
NCT04096066,lenalidomide,Multiple Myeloma,Multiple Myeloma,ACTIVE_NOT_RECRUITING,0.0089,0.0844,PASS,2026-06-21
NCT03539744,pomalidomide,Multiple Myeloma,Multiple Myeloma,ACTIVE_NOT_RECRUITING,0.0084,0.0844,PASS,2026-06-21
NCT04484623,pomalidomide,Multiple Myeloma,Multiple Myeloma,ACTIVE_NOT_RECRUITING,0.0091,0.084,PASS,2026-06-21
NCT04193059,paclitaxel,Breast Cancer,Breast Cancer,ACTIVE_NOT_RECRUITING,0.0116,0.0822,PASS,2026-06-21
NCT05979311,tenofovir alafenamide,HIV infection,HIV Infections,ACTIVE_NOT_RECRUITING,0.0097,0.0822,PASS,2026-06-21
NCT06649344,metformin,Type 2 Diabetes,Type 2 Diabetes,ACTIVE_NOT_RECRUITING,0.0133,0.0822,PASS,2026-06-21
NCT07340827,progesterone,Infertility,Infertility,RECRUITING,0.0117,0.0822,PASS,2026-06-21
NCT07332442,zopiclone,obstructive sleep apnea,Obstructive Sleep Apnea,RECRUITING,0.0119,0.0822,PASS,2026-06-21
NCT04241185,gemcitabine,Urinary Bladder Neoplasms,Urinary Bladder Neoplasms,ACTIVE_NOT_RECRUITING,0.0114,0.0822,PASS,2026-06-21
NCT04715646,brivaracetam,epilepsy,Epilepsy,RECRUITING,0.0135,0.0822,PASS,2026-06-21
NCT05331183,ivacaftor,cystic fibrosis,Cystic Fibrosis,ACTIVE_NOT_RECRUITING,0.0141,0.0822,PASS,2026-06-21
NCT04484623,dexamethasone,Multiple Myeloma,Multiple Myeloma,ACTIVE_NOT_RECRUITING,0.0124,0.0822,PASS,2026-06-21
NCT06112379,capecitabine,Breast Cancer,Breast Cancer,ACTIVE_NOT_RECRUITING,0.013,0.0822,PASS,2026-06-21
NCT05711394,atogepant,episodic migraine,Episodic Migraine,RECRUITING,0.0102,0.0822,PASS,2026-06-21
NCT05979311,dolutegravir,HIV infection,HIV Infections,ACTIVE_NOT_RECRUITING,0.014,0.0822,PASS,2026-06-21
NCT06268652,capecitabine,Breast Cancer,Breast Cancer,RECRUITING,0.0121,0.082,PASS,2026-06-21
NCT07349069,letrozole,Breast Cancer,Breast Cancer,RECRUITING,0.0105,0.0815,PASS,2026-06-21
NCT07569757,dexamethasone,Multiple Myeloma,Multiple Myeloma,NOT_YET_RECRUITING,0.0107,0.0798,PASS,2026-06-21
NCT03901963,lenalidomide,Multiple Myeloma,Multiple Myeloma,ACTIVE_NOT_RECRUITING,0.0089,0.0798,PASS,2026-06-21
NCT05113251,paclitaxel,Breast Cancer,Breast Cancer,ACTIVE_NOT_RECRUITING,0.0081,0.0796,PASS,2026-06-21
NCT04639986,capecitabine,Metastatic Breast Cancer,Metastatic Breast Cancer,ACTIVE_NOT_RECRUITING,0.0097,0.0796,PASS,2026-06-21
NCT06679101,lenalidomide,Multiple Myeloma,Multiple Myeloma,RECRUITING,0.0081,0.0796,PASS,2026-06-21
NCT03336333,venetoclax,Chronic Lymphocytic Leukemia,Chronic Lymphocytic Leukemia,ACTIVE_NOT_RECRUITING,0.0102,0.0792,PASS,2026-06-21
NCT07409272,leucovorin,Metastatic Pancreatic Cancer,Metastatic Pancreatic Cancer,RECRUITING,0.0075,0.0791,PASS,2026-06-21
NCT05645536,letrozole,Breast Cancer,Breast Cancer,ENROLLING_BY_INVITATION,0.0088,0.0781,PASS,2026-06-21
NCT06413498,pomalidomide,Multiple Myeloma,Multiple Myeloma,RECRUITING,0.007,0.0773,PASS,2026-06-21
NCT05083169,pomalidomide,Multiple Myeloma,Multiple Myeloma,ACTIVE_NOT_RECRUITING,0.0072,0.0773,PASS,2026-06-21
NCT06158841,pomalidomide,Multiple Myeloma,Multiple Myeloma,RECRUITING,0.007,0.0773,PASS,2026-06-21
NCT06464991,pomalidomide,Multiple Myeloma,Multiple Myeloma,RECRUITING,0.0068,0.0768,PASS,2026-06-21
NCT07006675,ibuprofen,Pain,Pain,RECRUITING,0.0165,0.076,PASS,2026-06-21
NCT06152575,dexamethasone,Multiple Myeloma,Multiple Myeloma,RECRUITING,0.0103,0.0756,PASS,2026-06-21
NCT06868654,dexamethasone,Multiple Myeloma,Multiple Myeloma,ACTIVE_NOT_RECRUITING,0.0133,0.0756,PASS,2026-06-21
NCT04923893,lenalidomide,Multiple Myeloma,Multiple Myeloma,ACTIVE_NOT_RECRUITING,0.0064,0.0756,PASS,2026-06-21
NCT06615050,ruxolitinib,Graft-versus-host Disease (GVHD),Graft-versus-host Disease (GVHD),RECRUITING,0.0092,0.0756,PASS,2026-06-21
NCT07468526,primaquine,malaria,Malaria,NOT_YET_RECRUITING,0.0095,0.0756,PASS,2026-06-21
NCT06742138,dexamethasone,Multiple Myeloma,Multiple Myeloma,NOT_YET_RECRUITING,0.0166,0.0756,PASS,2026-06-21
NCT07413809,dexamethasone,Multiple Myeloma,Multiple Myeloma,RECRUITING,0.0117,0.0756,PASS,2026-06-21
NCT04246047,dexamethasone,Multiple Myeloma,Multiple Myeloma,ACTIVE_NOT_RECRUITING,0.0109,0.0756,PASS,2026-06-21
NCT06868667,dexamethasone,Multiple Myeloma,Multiple Myeloma,ACTIVE_NOT_RECRUITING,0.0133,0.0756,PASS,2026-06-21
NCT04870203,baricitinib,Rheumatoid Arthritis,Rheumatoid Arthritis,ACTIVE_NOT_RECRUITING,0.0118,0.0756,PASS,2026-06-21
NCT03336333,zanubrutinib,Chronic Lymphocytic Leukemia,Chronic Lymphocytic Leukemia,ACTIVE_NOT_RECRUITING,0.0176,0.0756,PASS,2026-06-21
NCT07625644,etoposide,Lung Cancer,Lung Cancer,NOT_YET_RECRUITING,0.0161,0.0756,PASS,2026-06-21
NCT01208662,dexamethasone,Multiple Myeloma,Multiple Myeloma,ACTIVE_NOT_RECRUITING,0.0117,0.0756,PASS,2026-06-21
NCT07095452,dexamethasone,Multiple Myeloma,Multiple Myeloma,RECRUITING,0.021,0.0756,PASS,2026-06-21
NCT05010148,lidocaine,Postoperative Pain,Postoperative Pain,RECRUITING,0.0144,0.0756,PASS,2026-06-21
NCT04342910,paclitaxel,Gastric Cancer,Gastric Cancer,RECRUITING,0.0088,0.0756,PASS,2026-06-21
NCT04337450,dolutegravir,HIV infection,HIV Infections,ACTIVE_NOT_RECRUITING,0.0106,0.0756,PASS,2026-06-21
NCT07555938,dexamethasone,Multiple Myeloma,Multiple Myeloma,RECRUITING,0.0099,0.0756,PASS,2026-06-21
NCT05920343,rivaroxaban,Venous Thromboembolism,Venous Thromboembolism,RECRUITING,0.0079,0.0754,PASS,2026-06-21
NCT04529772,cyclophosphamide,Diffuse Large B-Cell Lymphoma,Diffuse Large B-Cell Lymphoma,ACTIVE_NOT_RECRUITING,0.0095,0.0754,PASS,2026-06-21
NCT05011149,ibuprofen,Patent Ductus Arteriosus After Premature Birth,Patent Ductus Arteriosus After Premature Birth,RECRUITING,0.0081,0.0754,PASS,2026-06-21
NCT04824092,cyclophosphamide,Diffuse Large B-Cell Lymphoma,Diffuse Large B-cell Lymphoma,ACTIVE_NOT_RECRUITING,0.0088,0.0754,PASS,2026-06-21
NCT05083169,dexamethasone,Multiple Myeloma,Multiple Myeloma,ACTIVE_NOT_RECRUITING,0.0084,0.0754,PASS,2026-06-21
NCT04488822,pexidartinib,tenosynovial giant cell tumor,Tenosynovial Giant Cell Tumor,ACTIVE_NOT_RECRUITING,0.0077,0.0754,PASS,2026-06-21
NCT05970172,roxadustat,chronic kidney disease,Chronic Kidney Disease,RECRUITING,0.0099,0.0754,PASS,2026-06-21
NCT04670666,metformin,Type 2 Diabetes Mellitus,Type 2 Diabetes Mellitus,RECRUITING,0.0094,0.0754,PASS,2026-06-21
NCT05621616,mirabegron,Neurogenic Detrusor Overactivity,Neurogenic Detrusor Overactivity,ACTIVE_NOT_RECRUITING,0.0071,0.0754,PASS,2026-06-21
NCT05455320,dexamethasone,Multiple Myeloma,Multiple Myeloma,ACTIVE_NOT_RECRUITING,0.0079,0.0754,PASS,2026-06-21
NCT04224493,lenalidomide,Follicular Lymphoma,Follicular Lymphoma,ACTIVE_NOT_RECRUITING,0.0085,0.0754,PASS,2026-06-21
NCT04821843,paclitaxel,Esophageal Cancer,Esophageal Cancer,RECRUITING,0.0073,0.0754,PASS,2026-06-21
NCT05714085,vericiguat,heart failure,Heart Failure,RECRUITING,0.0098,0.0754,PASS,2026-06-21
NCT07148206,buprenorphine,Opioid Use Disorder,Opioid Use Disorder,NOT_YET_RECRUITING,0.009,0.0754,PASS,2026-06-21
NCT04769895,ruxolitinib,Steroid Refractory GVHD,Steroid Refractory GVHD,ACTIVE_NOT_RECRUITING,0.0079,0.0748,PASS,2026-06-21
NCT06016738,letrozole,Breast Cancer,Breast Cancer,RECRUITING,0.0092,0.0748,PASS,2026-06-21
NCT06932562,dexamethasone,Multiple Myeloma,Multiple Myeloma,RECRUITING,0.0081,0.0745,PASS,2026-06-21
NCT05197192,venetoclax,Chronic Lymphocytic Leukemia,Chronic Lymphocytic Leukemia,RECRUITING,0.0063,0.0744,PASS,2026-06-21
NCT06208150,dexamethasone,Multiple Myeloma,Multiple Myeloma,RECRUITING,0.0085,0.0743,PASS,2026-06-21
NCT06757634,letrozole,Breast Cancer,Breast Cancer,RECRUITING,0.0067,0.0742,PASS,2026-06-21
NCT03984448,cyclophosphamide,Diffuse Large B-Cell Lymphoma,Diffuse Large B-Cell Lymphoma,ACTIVE_NOT_RECRUITING,0.0072,0.074,PASS,2026-06-21
NCT05257083,lenalidomide,Multiple Myeloma,Multiple Myeloma,ACTIVE_NOT_RECRUITING,0.0072,0.0739,PASS,2026-06-21
NCT03568318,upadacitinib,atopic dermatitis,Atopic Dermatitis,ACTIVE_NOT_RECRUITING,0.0076,0.0737,PASS,2026-06-21
NCT03731442,paclitaxel,Esophageal Cancer,Esophageal Cancer,RECRUITING,0.0065,0.0734,PASS,2026-06-21
NCT06187441,dexamethasone,Multiple Myeloma,Multiple Myeloma,RECRUITING,0.01,0.0732,PASS,2026-06-21
NCT07618806,amlodipine,Hypertension,Hypertension,NOT_YET_RECRUITING,0.0086,0.0732,PASS,2026-06-21
NCT07285239,dexamethasone,Multiple Myeloma,Multiple Myeloma,NOT_YET_RECRUITING,0.0085,0.0732,PASS,2026-06-21
NCT03823534,ketorolac,pain,Pain,RECRUITING,0.0114,0.0732,PASS,2026-06-21
NCT04751877,dexamethasone,Multiple Myeloma,Multiple Myeloma,ACTIVE_NOT_RECRUITING,0.0089,0.0732,PASS,2026-06-21
NCT04096066,dexamethasone,Multiple Myeloma,Multiple Myeloma,ACTIVE_NOT_RECRUITING,0.0087,0.0732,PASS,2026-06-21
NCT06370273,rivaroxaban,Thrombosis,Thrombosis,RECRUITING,0.0082,0.0732,PASS,2026-06-21
NCT06863636,celecoxib,Knee Osteoarthritis,Knee Osteoarthritis,RECRUITING,0.0066,0.0731,PASS,2026-06-21
NCT07431281,fluorouracil,Esophageal Cancer,Esophageal Cancer,RECRUITING,0.008,0.073,PASS,2026-06-21
NCT03539744,dexamethasone,Multiple Myeloma,Multiple Myeloma,ACTIVE_NOT_RECRUITING,0.0086,0.073,PASS,2026-06-21
NCT06524544,gemcitabine,Metastatic Urothelial Carcinoma,Metastatic Urothelial Carcinoma,RECRUITING,0.0073,0.073,PASS,2026-06-21
NCT05249556,ganaxolone,CDKL5 deficiency disorder,CDKL5 Deficiency Disorder,NOT_YET_RECRUITING,0.0076,0.073,PASS,2026-06-21
NCT06413498,dexamethasone,Multiple Myeloma,Multiple Myeloma,RECRUITING,0.0075,0.073,PASS,2026-06-21
NCT07047040,gabapentin,"Pain, Postoperative","Pain, Postoperative",NOT_YET_RECRUITING,0.0083,0.073,PASS,2026-06-21
NCT05933057,givinostat,Duchenne muscular dystrophy,Duchenne Muscular Dystrophy,RECRUITING,0.0072,0.073,PASS,2026-06-21
NCT04776252,doravirine,HIV-1 infection,HIV-1 Infection,ACTIVE_NOT_RECRUITING,0.0085,0.073,PASS,2026-06-21
NCT06811220,paclitaxel,Breast Cancer,Breast Cancer,NOT_YET_RECRUITING,0.0094,0.073,PASS,2026-06-21
NCT06561854,dexamethasone,Multiple Myeloma,Multiple Myeloma,RECRUITING,0.008,0.073,PASS,2026-06-21
NCT04680052,lenalidomide,Follicular Lymphoma,Follicular Lymphoma,ACTIVE_NOT_RECRUITING,0.0069,0.073,PASS,2026-06-21
NCT07452198,dexamethasone,Multiple Myeloma,Multiple Myeloma,RECRUITING,0.0084,0.073,PASS,2026-06-21
NCT04221477,prednisone,Lupus Nephritis,Lupus Nephritis,ACTIVE_NOT_RECRUITING,0.0083,0.073,PASS,2026-06-21
NCT06679101,dexamethasone,Multiple Myeloma,Multiple Myeloma,RECRUITING,0.0082,0.073,PASS,2026-06-21
NCT05980481,capecitabine,Gastric Cancer,Gastric Cancer,ACTIVE_NOT_RECRUITING,0.0077,0.073,PASS,2026-06-21
NCT06727734,ulipristal acetate,contraception,Contraception,RECRUITING,0.0093,0.073,PASS,2026-06-21
NCT07431281,leucovorin,gastric cancer,Gastric Cancer,RECRUITING,0.0086,0.073,PASS,2026-06-21
NCT05029063,rivaroxaban,Venous Thromboembolism,Venous Thromboembolism,RECRUITING,0.0077,0.073,PASS,2026-06-21
NCT04448184,tranexamic acid,Hematologic Neoplasms,Hematologic Neoplasms,RECRUITING,0.0064,0.073,PASS,2026-06-21
NCT02629159,upadacitinib,Rheumatoid Arthritis,Rheumatoid Arthritis,ACTIVE_NOT_RECRUITING,0.0073,0.073,PASS,2026-06-21
NCT07221370,vancomycin,Clostridium Difficile Infection,Clostridium Difficile Infection,RECRUITING,0.0068,0.073,PASS,2026-06-21
NCT05943821,allopurinol,cardiovascular disease,Cardiovascular Diseases,RECRUITING,0.0075,0.073,PASS,2026-06-21
NCT06896981,metformin,Obesity,Obesity,RECRUITING,0.0086,0.073,PASS,2026-06-21
NCT06158841,dexamethasone,Multiple Myeloma,Multiple Myeloma,RECRUITING,0.0082,0.073,PASS,2026-06-21
NCT05589181,buprenorphine,Opioid Use Disorder,Opioid Use Disorder,RECRUITING,0.0075,0.073,PASS,2026-06-21
NCT06810505,atogepant,chronic migraine,Chronic Migraine,RECRUITING,0.0062,0.0725,PASS,2026-06-21
NCT01064635,letrozole,Breast Cancer,Breast Cancer,ACTIVE_NOT_RECRUITING,0.0088,0.0725,PASS,2026-06-21
NCT06960577,gemcitabine,Urinary Bladder Neoplasms,Urinary Bladder Neoplasms,RECRUITING,0.0063,0.0725,PASS,2026-06-21
NCT06010368,tranexamic acid,Tranexamic Acid,Tranexamic Acid,NOT_YET_RECRUITING,0.0066,0.0725,PASS,2026-06-21
NCT07474077,tranexamic acid,Post Partum Haemorrhage,Post Partum Haemorrhage,NOT_YET_RECRUITING,0.0068,0.0725,PASS,2026-06-21
NCT05188313,paclitaxel,Esophageal Cancer,Esophageal Cancer,RECRUITING,0.0063,0.0725,PASS,2026-06-21
NCT06834347,mometasone furoate,chronic rhinosinusitis with nasal polyps,Chronic Rhinosinusitis With Nasal Polyps,ACTIVE_NOT_RECRUITING,0.0071,0.0725,PASS,2026-06-21
NCT06834360,mometasone furoate,chronic rhinosinusitis with nasal polyps,Chronic Rhinosinusitis With Nasal Polyps,ACTIVE_NOT_RECRUITING,0.0071,0.0725,PASS,2026-06-21
NCT05578976,cyclophosphamide,Diffuse Large B-Cell Lymphoma,Diffuse Large B-Cell Lymphoma,ACTIVE_NOT_RECRUITING,0.0063,0.0725,PASS,2026-06-21
NCT06608927,gemcitabine,Metastatic Pancreatic Ductal Adenocarcinoma,Metastatic Pancreatic Ductal Adenocarcinoma,ACTIVE_NOT_RECRUITING,0.0071,0.0725,PASS,2026-06-21
NCT06666491,tafenoquine,"Malaria, Vivax","Malaria, Vivax",RECRUITING,0.0068,0.0719,PASS,2026-06-21
NCT03617731,dexamethasone,Multiple Myeloma,Multiple Myeloma,ACTIVE_NOT_RECRUITING,0.0082,0.0719,PASS,2026-06-21
NCT05552222,lenalidomide,Multiple Myeloma,Multiple Myeloma,RECRUITING,0.0071,0.0715,PASS,2026-06-21
NCT07168200,paclitaxel,Advanced Cervical Cancer,Advanced Cervical Cancer,RECRUITING,0.0073,0.0715,PASS,2026-06-21
NCT06965998,rivaroxaban,Superficial Vein Thrombosis,Superficial Vein Thrombosis,RECRUITING,0.0061,0.0714,PASS,2026-06-21
NCT04975997,dexamethasone,Multiple Myeloma,Multiple Myeloma,ACTIVE_NOT_RECRUITING,0.0071,0.0714,PASS,2026-06-21
NCT03651128,dexamethasone,Multiple Myeloma,Multiple Myeloma,ACTIVE_NOT_RECRUITING,0.0063,0.0714,PASS,2026-06-21
NCT06701331,upadacitinib,atopic dermatitis,Atopic Dermatitis,ACTIVE_NOT_RECRUITING,0.0062,0.0713,PASS,2026-06-21
NCT05790252,buprenorphine,Opioid Use Disorder,Opioid Use Disorder,RECRUITING,0.0061,0.0713,PASS,2026-06-21
NCT06334497,letermovir,cytomegalovirus infection,Cytomegalovirus Infection,RECRUITING,0.0061,0.071,PASS,2026-06-21
NCT04084548,lidocaine,Postoperative Pain,Postoperative Pain,ACTIVE_NOT_RECRUITING,0.006,0.071,PASS,2026-06-21
NCT07624513,melphalan,Multiple Myeloma,Multiple Myeloma,NOT_YET_RECRUITING,0.0082,0.0709,PASS,2026-06-21
NCT00602641,melphalan,Multiple Myeloma,Multiple Myeloma,ACTIVE_NOT_RECRUITING,0.007,0.0709,PASS,2026-06-21
NCT03414502,tofacitinib,Rheumatoid Arthritis,Rheumatoid Arthritis,RECRUITING,0.0062,0.0707,PASS,2026-06-21
NCT07555938,pomalidomide,Multiple Myeloma,Multiple Myeloma,RECRUITING,0.0071,0.0707,PASS,2026-06-21
NCT06216158,dexamethasone,Multiple Myeloma,Multiple Myeloma,RECRUITING,0.0066,0.0707,PASS,2026-06-21
NCT07431281,capecitabine,Gastric Cancer,Gastric Cancer,RECRUITING,0.0072,0.0707,PASS,2026-06-21
NCT05629585,capecitabine,Breast Cancer,Breast Cancer,ACTIVE_NOT_RECRUITING,0.0092,0.0707,PASS,2026-06-21
NCT05077215,lenvatinib,Advanced Endometrial Cancer,Advanced Endometrial Cancer,NOT_YET_RECRUITING,0.0076,0.0707,PASS,2026-06-21
NCT04468984,ruxolitinib,Myelofibrosis (MF),Myelofibrosis (MF),ACTIVE_NOT_RECRUITING,0.0061,0.0707,PASS,2026-06-21
NCT06032559,methadone,Pain,Pain,RECRUITING,0.0076,0.0707,PASS,2026-06-21
NCT06093425,leucovorin,gastric cancer,Gastric Cancer,NOT_YET_RECRUITING,0.006,0.0702,PASS,2026-06-21
NCT06045806,lenalidomide,Multiple Myeloma,Multiple Myeloma,ACTIVE_NOT_RECRUITING,0.0058,0.0702,PASS,2026-06-21
NCT07445295,gemcitabine,Metastatic Pancreatic Ductal Adenocarcinoma,Metastatic Pancreatic Ductal Adenocarcinoma,NOT_YET_RECRUITING,0.0069,0.0702,PASS,2026-06-21
NCT07165951,gemcitabine,Metastatic Pancreatic Ductal Adenocarcinoma,Metastatic Pancreatic Ductal Adenocarcinoma,RECRUITING,0.007,0.0702,PASS,2026-06-21
NCT07037277,sofosbuvir,hepatitis C virus infection,Hepatitis C Virus Infection,RECRUITING,0.0061,0.0702,PASS,2026-06-21
NCT06208150,pomalidomide,Multiple Myeloma,Multiple Myeloma,RECRUITING,0.0066,0.0702,PASS,2026-06-21
NCT06757634,ribociclib,Breast Cancer,Breast Cancer,RECRUITING,0.008,0.0699,PASS,2026-06-21
NCT06464991,dexamethasone,Multiple Myeloma,Multiple Myeloma,RECRUITING,0.0064,0.0697,PASS,2026-06-21
NCT03562169,dexamethasone,Multiple Myeloma,Multiple Myeloma,RECRUITING,0.0073,0.0697,PASS,2026-06-21
NCT05738616,lenvatinib,Advanced Hepatocellular Carcinoma,Advanced Hepatocellular Carcinoma,RECRUITING,0.0057,0.0697,PASS,2026-06-21
NCT03737981,ibrutinib,Chronic Lymphocytic Leukemia,Chronic Lymphocytic Leukemia,ACTIVE_NOT_RECRUITING,0.0072,0.0697,PASS,2026-06-21
NCT03673501,sunitinib,Gastrointestinal Stromal Tumors,Gastrointestinal Stromal Tumors,ACTIVE_NOT_RECRUITING,0.0053,0.0697,PASS,2026-06-21
NCT06965998,rivaroxaban,Thrombosis,Thrombosis,RECRUITING,0.0061,0.0692,PASS,2026-06-21
NCT00843882,lenalidomide,Anemia,Anemia,ACTIVE_NOT_RECRUITING,0.0058,0.0692,PASS,2026-06-21
NCT06449001,danicopan,Paroxysmal Nocturnal Hemoglobinuria,Paroxysmal Nocturnal Hemoglobinuria,RECRUITING,0.0056,0.0692,PASS,2026-06-21
NCT06136624,prednisone,Prostate Cancer Metastatic,Prostate Cancer Metastatic,RECRUITING,0.0059,0.0692,PASS,2026-06-21
NCT06356311,paclitaxel,Gastroesophageal Cancer,Gastroesophageal Cancer,ACTIVE_NOT_RECRUITING,0.0055,0.0692,PASS,2026-06-21
NCT07019363,letrozole,Breast Cancer,Breast Cancer,RECRUITING,0.0084,0.069,PASS,2026-06-21
NCT05891093,letrozole,Breast Cancer,Breast Cancer,RECRUITING,0.0084,0.069,PASS,2026-06-21
NCT06208150,lenalidomide,Multiple Myeloma,Multiple Myeloma,RECRUITING,0.0062,0.069,PASS,2026-06-21
NCT05455320,pomalidomide,Multiple Myeloma,Multiple Myeloma,ACTIVE_NOT_RECRUITING,0.0058,0.069,PASS,2026-06-21
NCT03617731,lenalidomide,Multiple Myeloma,Multiple Myeloma,ACTIVE_NOT_RECRUITING,0.0068,0.0687,PASS,2026-06-21
NCT05718232,lenvatinib,Advanced Hepatocellular Carcinoma,Advanced Hepatocellular Carcinoma,NOT_YET_RECRUITING,0.0056,0.0685,PASS,2026-06-21
NCT07260825,estradiol,Dyspareunia,Dyspareunia,NOT_YET_RECRUITING,0.0049,0.068,PASS,2026-06-21
NCT06644794,progesterone,"Infertility, Female","Infertility, Female",RECRUITING,0.0054,0.068,PASS,2026-06-21
NCT06576375,metformin,Polycystic Ovary Syndrome,Polycystic Ovary Syndrome,RECRUITING,0.0052,0.068,PASS,2026-06-21
NCT06493552,gemcitabine,Metastatic Urothelial Carcinoma,Metastatic Urothelial Carcinoma,RECRUITING,0.0054,0.068,PASS,2026-06-21
NCT06182774,dexamethasone,Multiple Myeloma,Multiple Myeloma,RECRUITING,0.0088,0.0677,PASS,2026-06-21
NCT06905522,linezolid,pulmonary tuberculosis,Pulmonary Tuberculosis,RECRUITING,0.0048,0.0677,PASS,2026-06-21
NCT06649721,linezolid,pulmonary tuberculosis,Pulmonary Tuberculosis,ACTIVE_NOT_RECRUITING,0.0055,0.0677,PASS,2026-06-21
NCT07076225,linezolid,pulmonary tuberculosis,Pulmonary Tuberculosis,NOT_YET_RECRUITING,0.0047,0.0677,PASS,2026-06-21
NCT06444802,linezolid,gram-positive bacterial infections,Gram-Positive Bacterial Infections,NOT_YET_RECRUITING,0.0047,0.0677,PASS,2026-06-21
NCT06028737,leucovorin,gastric adenocarcinoma,Gastric Adenocarcinoma,RECRUITING,0.0052,0.0677,PASS,2026-06-21
NCT04658862,gemcitabine,Urinary Bladder Neoplasms,Urinary Bladder Neoplasms,ACTIVE_NOT_RECRUITING,0.0058,0.0677,PASS,2026-06-21
NCT05243797,lenalidomide,Multiple Myeloma,Multiple Myeloma,RECRUITING,0.0054,0.0676,PASS,2026-06-21
NCT05827016,lenalidomide,Multiple Myeloma,Multiple Myeloma,RECRUITING,0.0062,0.0676,PASS,2026-06-21
NCT06272409,desloratadine,allergic rhinitis,Allergic Rhinitis,NOT_YET_RECRUITING,0.0075,0.0675,PASS,2026-06-21
NCT03844048,venetoclax,Multiple Myeloma,Multiple Myeloma,ACTIVE_NOT_RECRUITING,0.0084,0.0671,PASS,2026-06-21
NCT05257083,dexamethasone,Multiple Myeloma,Multiple Myeloma,ACTIVE_NOT_RECRUITING,0.008,0.0667,PASS,2026-06-21
NCT05552222,dexamethasone,Multiple Myeloma,Multiple Myeloma,RECRUITING,0.0087,0.0667,PASS,2026-06-21
NCT06083948,phenylephrine,hypotension,Hypotension,RECRUITING,0.0048,0.0665,PASS,2026-06-21
NCT06904274,medroxyprogesterone acetate,endometrial hyperplasia,Endometrial Hyperplasia,RECRUITING,0.0046,0.0665,PASS,2026-06-21
NCT05389449,danicopan,Paroxysmal Nocturnal Hemoglobinuria,Paroxysmal Nocturnal Hemoglobinuria,ACTIVE_NOT_RECRUITING,0.0052,0.0665,PASS,2026-06-21
NCT06494904,buprenorphine,Opioid Use Disorder,Opioid Use Disorder,RECRUITING,0.0046,0.0665,PASS,2026-06-21
NCT07595939,ruxolitinib,Vitiligo,Vitiligo,NOT_YET_RECRUITING,0.0052,0.0665,PASS,2026-06-21
NCT07608224,gemcitabine,Urinary Bladder Neoplasms,Urinary Bladder Neoplasms,NOT_YET_RECRUITING,0.0045,0.0665,PASS,2026-06-21
NCT06206733,capecitabine,Gastric Adenocarcinoma,Gastric Adenocarcinoma,ACTIVE_NOT_RECRUITING,0.005,0.0665,PASS,2026-06-21
NCT04181827,dexamethasone,Multiple Myeloma,Multiple Myeloma,ACTIVE_NOT_RECRUITING,0.0075,0.0646,PASS,2026-06-21
NCT07186413,trifarotene,acne vulgaris,Acne Vulgaris,RECRUITING,0.0058,0.0646,PASS,2026-06-21
NCT04923893,dexamethasone,Multiple Myeloma,Multiple Myeloma,ACTIVE_NOT_RECRUITING,0.0076,0.0646,PASS,2026-06-21
NCT06916884,desloratadine,allergic rhinitis,Allergic Rhinitis,RECRUITING,0.0058,0.0638,PASS,2026-06-21
NCT07047040,ketorolac,"Pain, Postoperative","Pain, Postoperative",NOT_YET_RECRUITING,0.0043,0.0636,PASS,2026-06-21
NCT06532006,capecitabine,Gastric Cancer,Gastric Cancer,RECRUITING,0.0043,0.0636,PASS,2026-06-21
NCT06380452,permethrin,scabies,Scabies,NOT_YET_RECRUITING,0.0059,0.0636,PASS,2026-06-21
NCT05357846,paclitaxel,Esophageal Cancer,Esophageal Cancer,RECRUITING,0.0053,0.0631,PASS,2026-06-21
NCT06136559,ibrutinib,Chronic Lymphocytic Leukemia,Chronic Lymphocytic Leukemia,RECRUITING,0.0051,0.0629,PASS,2026-06-21
NCT07321652,zanubrutinib,Chronic Lymphocytic Leukemia,Chronic Lymphocytic Leukemia,RECRUITING,0.0051,0.0629,PASS,2026-06-21
NCT03773965,baricitinib,Juvenile Idiopathic Arthritis,Juvenile Idiopathic Arthritis,RECRUITING,0.0038,0.0626,PASS,2026-06-21
NCT03993912,dexamethasone,Multiple Myeloma,Multiple Myeloma,ACTIVE_NOT_RECRUITING,0.0063,0.0624,PASS,2026-06-21
NCT03993912,lenalidomide,Multiple Myeloma,Multiple Myeloma,ACTIVE_NOT_RECRUITING,0.0062,0.0624,PASS,2026-06-21
NCT04181827,pomalidomide,Multiple Myeloma,Multiple Myeloma,ACTIVE_NOT_RECRUITING,0.0058,0.0617,PASS,2026-06-21
NCT06932562,lenalidomide,Multiple Myeloma,Multiple Myeloma,RECRUITING,0.0058,0.0614,PASS,2026-06-21
NCT06428019,acalabrutinib,Chronic Lymphocytic Leukemia,Chronic Lymphocytic Leukemia,RECRUITING,0.0051,0.0613,PASS,2026-06-21
NCT06343870,estradiol,Menopause,Menopause,RECRUITING,0.0058,0.0613,PASS,2026-06-21
NCT04724252,gabapentin,"Pain, Postoperative","Pain, Postoperative",RECRUITING,0.0053,0.0612,PASS,2026-06-21
NCT04579224,gemcitabine,Metastatic Urothelial Carcinoma,Metastatic Urothelial Carcinoma,ACTIVE_NOT_RECRUITING,0.0052,0.061,PASS,2026-06-21
NCT04594018,finasteride,androgenetic alopecia,Androgenetic Alopecia,RECRUITING,0.005,0.0607,PASS,2026-06-21
NCT06439342,maribavir,Cytomegalovirus (CMV),Cytomegalovirus (CMV),RECRUITING,0.0056,0.0607,PASS,2026-06-21
NCT06937385,bupivacaine,migraine,Migraine,NOT_YET_RECRUITING,0.0064,0.0607,PASS,2026-06-21
NCT04513639,dexamethasone,Multiple Myeloma,Multiple Myeloma,RECRUITING,0.0053,0.0607,PASS,2026-06-21
NCT02477696,acalabrutinib,Chronic Lymphocytic Leukemia,Chronic Lymphocytic Leukemia,ACTIVE_NOT_RECRUITING,0.0045,0.0607,PASS,2026-06-21
NCT02970318,acalabrutinib,Chronic Lymphocytic Leukemia,Chronic Lymphocytic Leukemia,ACTIVE_NOT_RECRUITING,0.0049,0.0607,PASS,2026-06-21
NCT06018337,capecitabine,Metastatic Breast Cancer,Metastatic Breast Cancer,ACTIVE_NOT_RECRUITING,0.0061,0.0605,PASS,2026-06-21
NCT06588413,melphalan,Multiple Myeloma,Multiple Myeloma,RECRUITING,0.0062,0.0605,PASS,2026-06-21
NCT05899010,progesterone,Infertility,Infertility,RECRUITING,0.0056,0.0605,PASS,2026-06-21
NCT07089875,allopurinol,gout,Gout,RECRUITING,0.005,0.0604,PASS,2026-06-21
NCT06358313,clopidogrel,Ischemic Stroke,Ischemic Stroke,RECRUITING,0.0045,0.0602,PASS,2026-06-21
NCT06028737,leucovorin,gastric cancer,Gastric Cancer,RECRUITING,0.0051,0.0602,PASS,2026-06-21
NCT04181827,lenalidomide,Multiple Myeloma,Multiple Myeloma,ACTIVE_NOT_RECRUITING,0.0055,0.0602,PASS,2026-06-21
NCT05127954,ubrogepant,migraine,Migraine,ENROLLING_BY_INVITATION,0.0043,0.0602,PASS,2026-06-21
NCT03729804,dexamethasone,Multiple Myeloma,Multiple Myeloma,ACTIVE_NOT_RECRUITING,0.0057,0.0602,PASS,2026-06-21
NCT07008365,furosemide,congestive heart failure,Congestive Heart Failure,RECRUITING,0.0052,0.0602,PASS,2026-06-21
NCT06717347,cyclophosphamide,Diffuse Large B-Cell Lymphoma,Diffuse Large B-Cell Lymphoma,RECRUITING,0.0053,0.0599,PASS,2026-06-21
NCT07566156,gemcitabine,Urinary Bladder Neoplasms,Urinary Bladder Neoplasms,RECRUITING,0.0047,0.0599,PASS,2026-06-21
NCT07625644,etoposide,SCLC,Sclc,NOT_YET_RECRUITING,0.0051,0.0599,PASS,2026-06-21
NCT03651128,pomalidomide,Multiple Myeloma,Multiple Myeloma,ACTIVE_NOT_RECRUITING,0.0056,0.0598,PASS,2026-06-21
NCT07332325,hydrocortisone,Sepsis,Sepsis,NOT_YET_RECRUITING,0.0055,0.0597,PASS,2026-06-21
NCT03729804,lenalidomide,Multiple Myeloma,Multiple Myeloma,ACTIVE_NOT_RECRUITING,0.0052,0.0597,PASS,2026-06-21
NCT06018883,paclitaxel,Metastatic Pancreatic Adenocarcinoma,Metastatic Pancreatic Adenocarcinoma,ACTIVE_NOT_RECRUITING,0.0056,0.0597,PASS,2026-06-21
NCT06136559,acalabrutinib,Chronic Lymphocytic Leukemia,Chronic Lymphocytic Leukemia,RECRUITING,0.0049,0.0595,PASS,2026-06-21
NCT01924819,leucovorin,gastric cancer,Gastric Cancer,ACTIVE_NOT_RECRUITING,0.0046,0.0595,PASS,2026-06-21
NCT05028348,pomalidomide,Multiple Myeloma,Multiple Myeloma,ACTIVE_NOT_RECRUITING,0.0053,0.0595,PASS,2026-06-21
NCT02659293,dexamethasone,Multiple Myeloma,Multiple Myeloma,ACTIVE_NOT_RECRUITING,0.0042,0.0595,PASS,2026-06-21
NCT05028348,dexamethasone,Multiple Myeloma,Multiple Myeloma,ACTIVE_NOT_RECRUITING,0.0049,0.0595,PASS,2026-06-21
NCT00843882,lenalidomide,Myelodysplastic Syndrome,Myelodysplastic Syndrome,ACTIVE_NOT_RECRUITING,0.0048,0.0595,PASS,2026-06-21
NCT03710603,dexamethasone,Multiple Myeloma,Multiple Myeloma,ACTIVE_NOT_RECRUITING,0.0048,0.0595,PASS,2026-06-21
NCT07277231,zanubrutinib,Chronic Lymphocytic Leukemia,Chronic Lymphocytic Leukemia,RECRUITING,0.0041,0.0593,PASS,2026-06-21
NCT05987332,dacarbazine,Metastatic Uveal Melanoma,Metastatic Uveal Melanoma,ACTIVE_NOT_RECRUITING,0.0051,0.0592,PASS,2026-06-21
NCT06361888,gemcitabine,Metastatic Pancreatic Cancer,Metastatic Pancreatic Cancer,RECRUITING,0.0051,0.0592,PASS,2026-06-21
NCT05568160,norepinephrine,Vasoplegic syndrome,Vasoplegic Syndrome,ACTIVE_NOT_RECRUITING,0.0046,0.0592,PASS,2026-06-21
NCT06389136,upadacitinib,atopic dermatitis,Atopic Dermatitis,RECRUITING,0.0043,0.0591,PASS,2026-06-21
NCT01917552,capecitabine,Gastric Cancer,Gastric Cancer,RECRUITING,0.0048,0.0591,PASS,2026-06-21
NCT07277231,acalabrutinib,Chronic Lymphocytic Leukemia,Chronic Lymphocytic Leukemia,RECRUITING,0.0037,0.059,PASS,2026-06-21
NCT06819774,diphenhydramine,Acute Urticaria,Acute Urticaria,RECRUITING,0.0049,0.0587,PASS,2026-06-21
NCT04997837,capecitabine,Gastric Cancer,Gastric Cancer,RECRUITING,0.0045,0.0587,PASS,2026-06-21
NCT03630614,varenicline,smoking cessation,Smoking Cessation,ACTIVE_NOT_RECRUITING,0.0045,0.0587,PASS,2026-06-21
NCT06633718,metronidazole,Intra-abdominal Infections,Intra-abdominal Infections,NOT_YET_RECRUITING,0.0046,0.0587,PASS,2026-06-21
NCT03651128,lenalidomide,Multiple Myeloma,Multiple Myeloma,ACTIVE_NOT_RECRUITING,0.0052,0.0586,PASS,2026-06-21
NCT04880876,eluxadoline,irritable bowel syndrome,Irritable Bowel Syndrome,ENROLLING_BY_INVITATION,0.0046,0.0586,PASS,2026-06-21
NCT06760637,letrozole,Breast Cancer,Breast Cancer,ACTIVE_NOT_RECRUITING,0.0049,0.0583,PASS,2026-06-21
NCT06682169,methotrexate,Graft-versus-host Disease,Graft-versus-host Disease,RECRUITING,0.0043,0.058,PASS,2026-06-21
NCT06360120,clopidogrel,Ischemic Stroke,Ischemic Stroke,RECRUITING,0.004,0.058,PASS,2026-06-21
NCT01924819,capecitabine,Gastric Cancer,Gastric Cancer,ACTIVE_NOT_RECRUITING,0.0043,0.058,PASS,2026-06-21
NCT07530146,ketamine,Septic Shock,Septic Shock,RECRUITING,0.0042,0.058,PASS,2026-06-21
NCT04702256,prednisone,Lupus Nephritis,Lupus Nephritis,RECRUITING,0.0041,0.058,PASS,2026-06-21
NCT07518147,paclitaxel,Gastric Cancer,Gastric Cancer,RECRUITING,0.0042,0.058,PASS,2026-06-21
NCT06081361,linezolid,pulmonary tuberculosis,Pulmonary Tuberculosis,ACTIVE_NOT_RECRUITING,0.0039,0.0576,PASS,2026-06-21
NCT02477696,ibrutinib,Chronic Lymphocytic Leukemia,Chronic Lymphocytic Leukemia,ACTIVE_NOT_RECRUITING,0.004,0.0575,PASS,2026-06-21
NCT05565222,meropenem,Sepsis,Sepsis,RECRUITING,0.0041,0.0569,PASS,2026-06-21
NCT04447352,leucovorin,gastric cancer,Gastric Cancer,RECRUITING,0.0036,0.0569,PASS,2026-06-21
NCT06742567,apixaban,Left Ventricular Thrombus,Left Ventricular Thrombus,RECRUITING,0.0035,0.0569,PASS,2026-06-21
NCT00572169,dexamethasone,Multiple Myeloma,Multiple Myeloma,ACTIVE_NOT_RECRUITING,0.0041,0.0566,PASS,2026-06-21
NCT05197192,acalabrutinib,Chronic Lymphocytic Leukemia,Chronic Lymphocytic Leukemia,RECRUITING,0.0043,0.0564,PASS,2026-06-21
NCT07582835,ticagrelor,Coronary Artery Disease,Coronary Artery Disease,RECRUITING,0.0045,0.0562,PASS,2026-06-21
NCT07582835,prasugrel,Coronary Artery Disease,Coronary Artery Disease,RECRUITING,0.0045,0.0562,PASS,2026-06-21
NCT07429734,solifenacin,overactive bladder,Overactive Bladder,NOT_YET_RECRUITING,0.0042,0.0558,PASS,2026-06-21
NCT07361432,buprenorphine,Opioid Use Disorder,Opioid Use Disorder,NOT_YET_RECRUITING,0.0048,0.0558,PASS,2026-06-21
NCT03630614,nicotine,smoking cessation,Smoking Cessation,ACTIVE_NOT_RECRUITING,0.0042,0.0558,PASS,2026-06-21
NCT06158841,selinexor,Multiple Myeloma,Multiple Myeloma,RECRUITING,0.005,0.0557,PASS,2026-06-21
NCT07418749,paclitaxel,Metastatic Cervical Cancer,Metastatic Cervical Cancer,RECRUITING,0.0039,0.0553,PASS,2026-06-21
NCT07222748,bupivacaine,postoperative pain,Postoperative Pain,RECRUITING,0.0045,0.0553,PASS,2026-06-21
NCT03661320,gemcitabine,Urinary Bladder Neoplasms,Urinary Bladder Neoplasms,ACTIVE_NOT_RECRUITING,0.0041,0.0553,PASS,2026-06-21
NCT05144854,capecitabine,Gastric Cancer,Gastric Cancer,ACTIVE_NOT_RECRUITING,0.004,0.0553,PASS,2026-06-21
NCT06998940,paclitaxel,Metastatic Pancreatic Adenocarcinoma,Metastatic Pancreatic Adenocarcinoma,RECRUITING,0.0041,0.0552,PASS,2026-06-21
NCT06306443,buprenorphine,Opioid Use Disorder,Opioid Use Disorder,RECRUITING,0.0041,0.0551,PASS,2026-06-21
NCT07582835,clopidogrel,Coronary Artery Disease,Coronary Artery Disease,RECRUITING,0.0044,0.0551,PASS,2026-06-21
NCT03710603,lenalidomide,Multiple Myeloma,Multiple Myeloma,ACTIVE_NOT_RECRUITING,0.0044,0.0551,PASS,2026-06-21
NCT04540692,paclitaxel,Breast Cancer,Breast Cancer,RECRUITING,0.004,0.0551,PASS,2026-06-21
NCT01804686,ibrutinib,Chronic Lymphocytic Leukemia,Chronic Lymphocytic Leukemia,RECRUITING,0.0038,0.0546,PASS,2026-06-21
NCT05686356,pretomanid,tuberculosis,Tuberculosis,ACTIVE_NOT_RECRUITING,0.0038,0.0546,PASS,2026-06-21
NCT05827159,naltrexone,Alcohol Use Disorder,Alcohol Use Disorder,RECRUITING,0.004,0.0546,PASS,2026-06-21
NCT07584135,capecitabine,Gastric Adenocarcinoma,Gastric Adenocarcinoma,NOT_YET_RECRUITING,0.0038,0.0546,PASS,2026-06-21
NCT06591338,clopidogrel,Ischemic Stroke,Ischemic Stroke,RECRUITING,0.0034,0.0541,PASS,2026-06-21
NCT05565560,apremilast,plaque psoriasis,Plaque Psoriasis,ACTIVE_NOT_RECRUITING,0.0034,0.0541,PASS,2026-06-21
NCT06591351,clopidogrel,Ischemic Stroke,Ischemic Stroke,RECRUITING,0.0034,0.0541,PASS,2026-06-21
NCT06591299,clopidogrel,Ischemic Stroke,Ischemic Stroke,RECRUITING,0.0034,0.0541,PASS,2026-06-21
NCT06591312,clopidogrel,Ischemic Stroke,Ischemic Stroke,RECRUITING,0.0034,0.0541,PASS,2026-06-21
NCT05438043,dexamethasone,Multiple Myeloma,Multiple Myeloma,RECRUITING,0.003,0.0541,PASS,2026-06-21
NCT06221748,paclitaxel,Gastric Cancer,Gastric Cancer,RECRUITING,0.0039,0.0541,PASS,2026-06-21
NCT07018297,furosemide,heart failure,Heart Failure,NOT_YET_RECRUITING,0.0031,0.0536,PASS,2026-06-21
NCT03414502,baricitinib,Rheumatoid Arthritis,Rheumatoid Arthritis,RECRUITING,0.0032,0.0536,PASS,2026-06-21
NCT05565222,meropenem,Septic Shock,Septic Shock,RECRUITING,0.0037,0.0536,PASS,2026-06-21
NCT05002127,paclitaxel,Gastric Cancer,Gastric Cancer,ACTIVE_NOT_RECRUITING,0.0034,0.053,PASS,2026-06-21
NCT06534411,metformin,"Diabetes Mellitus, Type 2","Diabetes Mellitus, Type 2",ACTIVE_NOT_RECRUITING,0.0038,0.0527,PASS,2026-06-21
NCT07122401,cinacalcet,"Secondary Hyperparathyroidism, Chronic Kidney Disease","Secondary Hyperparathyroidism, Chronic Kidney Disease",RECRUITING,0.0042,0.0524,PASS,2026-06-21
NCT07306663,paclitaxel,Esophageal Cancer,Esophageal Cancer,ACTIVE_NOT_RECRUITING,0.0041,0.0524,PASS,2026-06-21
NCT04269902,venetoclax,Chronic Lymphocytic Leukemia,Chronic Lymphocytic Leukemia,RECRUITING,0.004,0.0521,PASS,2026-06-21
NCT06346392,paclitaxel,Gastric Cancer,Gastric Cancer,ACTIVE_NOT_RECRUITING,0.0034,0.0521,PASS,2026-06-21
NCT06428019,venetoclax,Chronic Lymphocytic Leukemia,Chronic Lymphocytic Leukemia,RECRUITING,0.0033,0.0517,PASS,2026-06-21
NCT06089707,buprenorphine,Opioid Use Disorder,Opioid Use Disorder,RECRUITING,0.0035,0.0517,PASS,2026-06-21
NCT07361432,buprenorphine,Chronic pain,Chronic Pain,NOT_YET_RECRUITING,0.004,0.0517,PASS,2026-06-21
NCT02659293,lenalidomide,Multiple Myeloma,Multiple Myeloma,ACTIVE_NOT_RECRUITING,0.0036,0.0517,PASS,2026-06-21
NCT03789916,ticagrelor,Coronary Artery Disease,Coronary Artery Disease,RECRUITING,0.0037,0.0517,PASS,2026-06-21
NCT06461897,upadacitinib,atopic dermatitis,Atopic Dermatitis,RECRUITING,0.0034,0.0517,PASS,2026-06-21
NCT07423156,tranexamic acid,Placenta Previa,Placenta Previa,NOT_YET_RECRUITING,0.0037,0.0517,PASS,2026-06-21
NCT05175274,colchicine,coronary artery disease,Coronary Artery Disease,NOT_YET_RECRUITING,0.0032,0.0517,PASS,2026-06-21
NCT06405555,midodrine,hypotension,Hypotension,NOT_YET_RECRUITING,0.0037,0.0517,PASS,2026-06-21
NCT06719024,ruxolitinib,Vitiligo,Vitiligo,RECRUITING,0.0035,0.0517,PASS,2026-06-21
NCT06943872,venetoclax,Chronic Lymphocytic Leukemia,Chronic Lymphocytic Leukemia,RECRUITING,0.0029,0.0515,PASS,2026-06-21
NCT07387367,brincidofovir,adenovirus infection,Adenovirus Infections,RECRUITING,0.0027,0.0507,PASS,2026-06-21
NCT06853535,clopidogrel,Acute Ischemic Stroke,Acute Ischemic Stroke,RECRUITING,0.0036,0.0507,PASS,2026-06-21
NCT06883162,varenicline,tobacco use disorder,Tobacco Use Disorder,RECRUITING,0.0027,0.0507,PASS,2026-06-21
NCT04194775,lenvatinib,Hepatocellular Carcinoma,Hepatocellular Carcinoma,ACTIVE_NOT_RECRUITING,0.0036,0.0507,PASS,2026-06-21
NCT05285917,hydroxyurea,Sickle Cell Anemia in Children,Sickle Cell Anemia in Children,RECRUITING,0.0032,0.0507,PASS,2026-06-21
NCT07336095,melatonin,Anxiety,Anxiety,NOT_YET_RECRUITING,0.0024,0.0507,PASS,2026-06-21
NCT06469528,colchicine,coronary artery disease,Coronary Artery Disease,NOT_YET_RECRUITING,0.0032,0.0507,PASS,2026-06-21
NCT06312189,valbenazine,"Chorea, Huntington","Chorea, Huntington",ENROLLING_BY_INVITATION,0.0033,0.0507,PASS,2026-06-21
NCT04084548,ketamine,Postoperative Pain,Postoperative Pain,ACTIVE_NOT_RECRUITING,0.0028,0.0507,PASS,2026-06-21
NCT06371157,lenvatinib,Hepatocellular Carcinoma,Hepatocellular Carcinoma,RECRUITING,0.0029,0.0507,PASS,2026-06-21
NCT07596329,furosemide,heart failure,Heart Failure,NOT_YET_RECRUITING,0.0027,0.0507,PASS,2026-06-21
NCT03373968,givinostat,Duchenne muscular dystrophy,Duchenne Muscular Dystrophy,RECRUITING,0.0029,0.0507,PASS,2026-06-21
NCT06836128,metformin,Polycystic Ovary Syndrome,Polycystic Ovary Syndrome,RECRUITING,0.0035,0.0507,PASS,2026-06-21
NCT03737981,venetoclax,Chronic Lymphocytic Leukemia,Chronic Lymphocytic Leukemia,ACTIVE_NOT_RECRUITING,0.0029,0.0505,PASS,2026-06-21
NCT06088199,apremilast,plaque psoriasis,Plaque Psoriasis,ACTIVE_NOT_RECRUITING,0.0028,0.0505,PASS,2026-06-21
NCT04965493,venetoclax,Chronic Lymphocytic Leukemia,Chronic Lymphocytic Leukemia,ACTIVE_NOT_RECRUITING,0.0031,0.0505,PASS,2026-06-21
NCT05319353,maribavir,Cytomegalovirus (CMV),Cytomegalovirus (CMV),RECRUITING,0.0034,0.0505,PASS,2026-06-21
NCT06680869,amiodarone,cardiac arrest,Cardiac Arrest,RECRUITING,0.0027,0.0504,PASS,2026-06-21
NCT07336095,midazolam,Anxiety,Anxiety,NOT_YET_RECRUITING,0.0026,0.0501,PASS,2026-06-21
NCT03673501,imatinib,Gastrointestinal Stromal Tumors,Gastrointestinal Stromal Tumors,ACTIVE_NOT_RECRUITING,0.0024,0.0501,PASS,2026-06-21
NCT07165418,sunitinib,Renal Cell Carcinoma (RCC),Renal Cell Carcinoma (RCC),NOT_YET_RECRUITING,0.003,0.0501,PASS,2026-06-21
NCT06846671,venetoclax,Chronic Lymphocytic Leukemia,Chronic Lymphocytic Leukemia,RECRUITING,0.0023,0.0501,PASS,2026-06-21
NCT07275749,clopidogrel,Ischemic Stroke,Ischemic Stroke,RECRUITING,0.0024,0.0501,PASS,2026-06-21
NCT06195540,rivaroxaban,Venous Thromboembolism,Venous Thromboembolism,RECRUITING,0.0026,0.0501,PASS,2026-06-21
NCT04787354,capecitabine,Gastric Cancer,Gastric Cancer,RECRUITING,0.003,0.0501,PASS,2026-06-21
NCT06162286,moxifloxacin,Community-acquired Bacterial Pneumonia,Community-acquired Bacterial Pneumonia,RECRUITING,0.0027,0.0501,PASS,2026-06-21
NCT06646354,amlodipine,Hypertension,Hypertension,ENROLLING_BY_INVITATION,0.0024,0.0497,PASS,2026-06-21
NCT01804686,ibrutinib,Follicular Lymphoma,Follicular Lymphoma,RECRUITING,0.0027,0.0497,PASS,2026-06-21
NCT07524738,buprenorphine,Opioid Use Disorder,Opioid Use Disorder,ACTIVE_NOT_RECRUITING,0.0031,0.0497,PASS,2026-06-21
NCT03089905,remifentanil,Anesthesia,Anesthesia,ACTIVE_NOT_RECRUITING,0.0029,0.0486,PASS,2026-06-21
NCT05028348,selinexor,Multiple Myeloma,Multiple Myeloma,ACTIVE_NOT_RECRUITING,0.0028,0.0486,PASS,2026-06-21
NCT05254743,ibrutinib,Chronic Lymphocytic Leukemia,Chronic Lymphocytic Leukemia,RECRUITING,0.0028,0.0486,PASS,2026-06-21
NCT03774836,tramadol,Pain Management,Pain Management,ACTIVE_NOT_RECRUITING,0.0023,0.0476,PASS,2026-06-21
NCT07277231,venetoclax,Chronic Lymphocytic Leukemia,Chronic Lymphocytic Leukemia,RECRUITING,0.0021,0.0476,PASS,2026-06-21
NCT07641946,tranexamic acid,Hemoptysis,Hemoptysis,NOT_YET_RECRUITING,0.0029,0.0476,PASS,2026-06-21
NCT05438043,lenalidomide,Multiple Myeloma,Multiple Myeloma,RECRUITING,0.0028,0.0476,PASS,2026-06-21
NCT06316830,buprenorphine,Opioid Use Disorder,Opioid Use Disorder,RECRUITING,0.0027,0.0476,PASS,2026-06-21
NCT06313567,capecitabine,Gastric Cancer,Gastric Cancer,RECRUITING,0.0026,0.0476,PASS,2026-06-21
NCT03836261,venetoclax,Chronic Lymphocytic Leukemia,Chronic Lymphocytic Leukemia,ACTIVE_NOT_RECRUITING,0.0018,0.0476,PASS,2026-06-21
NCT03844048,venetoclax,Chronic Lymphocytic Leukemia,Chronic Lymphocytic Leukemia,ACTIVE_NOT_RECRUITING,0.0024,0.0476,PASS,2026-06-21
NCT06901505,vadadustat,anemia of chronic kidney disease,Anemia of Chronic Kidney Disease,ACTIVE_NOT_RECRUITING,0.0023,0.0476,PASS,2026-06-21
NCT06095765,colchicine,coronary artery disease,Coronary Artery Disease,RECRUITING,0.0021,0.0476,PASS,2026-06-21
NCT04787744,enzalutamide,Metastatic Prostate Cancer,Metastatic Prostate Cancer,RECRUITING,0.002,0.0476,PASS,2026-06-21
NCT04702256,mycophenolate mofetil,Lupus Nephritis,Lupus Nephritis,RECRUITING,0.0026,0.0476,PASS,2026-06-21
NCT06793917,leucovorin,gastric cancer,Gastric Cancer,RECRUITING,0.0031,0.0476,PASS,2026-06-21
NCT02475681,acalabrutinib,Chronic Lymphocytic Leukemia,Chronic Lymphocytic Leukemia,ACTIVE_NOT_RECRUITING,0.0024,0.0476,PASS,2026-06-21
NCT03399110,capecitabine,Gastric Cancer,Gastric Cancer,ACTIVE_NOT_RECRUITING,0.0026,0.0476,PASS,2026-06-21
NCT07569757,selinexor,Multiple Myeloma,Multiple Myeloma,NOT_YET_RECRUITING,0.0029,0.0476,PASS,2026-06-21
NCT06201065,lenvatinib,Hepatocellular Carcinoma,Hepatocellular Carcinoma,RECRUITING,0.0028,0.0476,PASS,2026-06-21
NCT02048813,ibrutinib,Chronic Lymphocytic Leukemia,Chronic Lymphocytic Leukemia,ACTIVE_NOT_RECRUITING,0.0022,0.0476,PASS,2026-06-21
NCT06793917,paclitaxel,Gastric Cancer,Gastric Cancer,RECRUITING,0.0028,0.0476,PASS,2026-06-21
NCT06937385,bupivacaine,Headache,Headache,NOT_YET_RECRUITING,0.0024,0.0476,PASS,2026-06-21
NCT06284122,lenalidomide,Follicular Lymphoma,Follicular Lymphoma,RECRUITING,0.0025,0.0476,PASS,2026-06-21
NCT05281471,paclitaxel,Primary Peritoneal Cancer,Primary Peritoneal Cancer,RECRUITING,0.0022,0.0476,PASS,2026-06-21
NCT05438043,pomalidomide,Multiple Myeloma,Multiple Myeloma,RECRUITING,0.003,0.0476,PASS,2026-06-21
NCT07596589,propofol,sedation,Sedation,RECRUITING,0.0022,0.0476,PASS,2026-06-21
NCT07582835,prasugrel,Acute Coronary Syndromes,Acute Coronary Syndromes,RECRUITING,0.0032,0.0476,PASS,2026-06-21
NCT07413055,dexamethasone,Postoperative Pain,Postoperative Pain,RECRUITING,0.0027,0.0476,PASS,2026-06-21
NCT06576375,dapagliflozin,Polycystic Ovary Syndrome,Polycystic Ovary Syndrome,RECRUITING,0.0026,0.0476,PASS,2026-06-21
NCT04787744,bicalutamide,Metastatic Prostate Cancer,Metastatic Prostate Cancer,RECRUITING,0.0021,0.0476,PASS,2026-06-21
NCT07393659,lamivudine,HIV infection,HIV Infections,NOT_YET_RECRUITING,0.0023,0.0476,PASS,2026-06-21
NCT06089382,lenvatinib,Hepatocellular Carcinoma,Hepatocellular Carcinoma,NOT_YET_RECRUITING,0.0021,0.0473,PASS,2026-06-21
NCT06911502,lenalidomide,Follicular Lymphoma,Follicular Lymphoma,RECRUITING,0.0023,0.0466,PASS,2026-06-21
NCT06994195,paclitaxel,Primary Peritoneal Cancer,Primary Peritoneal Cancer,RECRUITING,0.0018,0.0466,PASS,2026-06-21
NCT07474649,ezetimibe,Hypercholesterolemia,Hypercholesterolemia,NOT_YET_RECRUITING,0.0023,0.0466,PASS,2026-06-21
NCT03836261,acalabrutinib,Chronic Lymphocytic Leukemia,Chronic Lymphocytic Leukemia,ACTIVE_NOT_RECRUITING,0.0025,0.0466,PASS,2026-06-21
NCT07393659,dolutegravir,HIV infection,HIV Infections,NOT_YET_RECRUITING,0.0017,0.0466,PASS,2026-06-21
NCT05474846,melatonin,Anxiety,Anxiety,RECRUITING,0.0022,0.0466,PASS,2026-06-21
NCT06809218,propofol,sedation,Sedation,ACTIVE_NOT_RECRUITING,0.0022,0.0466,PASS,2026-06-21
NCT07162896,crisaborole,atopic dermatitis,Atopic Dermatitis,NOT_YET_RECRUITING,0.0019,0.0466,PASS,2026-06-21
NCT04176172,varenicline,nicotine dependence,Nicotine Dependence,ACTIVE_NOT_RECRUITING,0.0018,0.0466,PASS,2026-06-21
NCT03089905,sevoflurane,Anesthesia,Anesthesia,ACTIVE_NOT_RECRUITING,0.0021,0.0466,PASS,2026-06-21
NCT07545460,paclitaxel,Primary Peritoneal Cancer,Primary Peritoneal Cancer,NOT_YET_RECRUITING,0.0017,0.0466,PASS,2026-06-21
NCT06520826,vadadustat,anemia of chronic kidney disease,Anemia of Chronic Kidney Disease,ACTIVE_NOT_RECRUITING,0.0015,0.0466,PASS,2026-06-21
NCT06260722,metformin,"Diabetes Mellitus, Type 2","Diabetes Mellitus, Type 2",ACTIVE_NOT_RECRUITING,0.002,0.0466,PASS,2026-06-21
NCT03011684,letrozole,Infertility,Infertility,RECRUITING,0.0011,0.0421,PASS,2026-06-21
NCT06407232,letermovir,cytomegalovirus infection,Cytomegalovirus Infections,RECRUITING,0.0015,0.0421,PASS,2026-06-21
NCT06290869,nicotine,smoking cessation,Smoking Cessation,RECRUITING,0.0018,0.0421,PASS,2026-06-21
NCT06580223,rivaroxaban,Venous Thromboembolism,Venous Thromboembolism,NOT_YET_RECRUITING,0.0011,0.0421,PASS,2026-06-21
NCT06989866,bupivacaine,postoperative pain,Postoperative Pain,ENROLLING_BY_INVITATION,0.0017,0.0421,PASS,2026-06-21
NCT04039607,lenvatinib,Hepatocellular Carcinoma,Hepatocellular Carcinoma,ACTIVE_NOT_RECRUITING,0.0014,0.0421,PASS,2026-06-21
NCT04446117,enzalutamide,Metastatic Prostate Cancer,Metastatic Prostate Cancer,ACTIVE_NOT_RECRUITING,0.0012,0.0421,PASS,2026-06-21
NCT05301842,lenvatinib,Hepatocellular Carcinoma,Hepatocellular Carcinoma,ACTIVE_NOT_RECRUITING,0.0015,0.0421,PASS,2026-06-21
NCT07269808,propofol,Anesthesia,Anesthesia,ACTIVE_NOT_RECRUITING,0.0015,0.0421,PASS,2026-06-21
NCT05172726,tapinarof,plaque psoriasis,Plaque Psoriasis,ACTIVE_NOT_RECRUITING,0.0016,0.0421,PASS,2026-06-21
NCT05408221,lenvatinib,Hepatocellular Carcinoma,Hepatocellular Carcinoma,RECRUITING,0.0022,0.0421,PASS,2026-06-21
NCT06041477,lenvatinib,Hepatocellular Carcinoma,Hepatocellular Carcinoma,RECRUITING,0.0017,0.0421,PASS,2026-06-21
NCT06809218,isoflurane,sedation,Sedation,ACTIVE_NOT_RECRUITING,0.0012,0.0421,PASS,2026-06-21
NCT05786547,varenicline,smoking cessation,Smoking Cessation,RECRUITING,0.0014,0.0421,PASS,2026-06-21
NCT07474649,atorvastatin,Hypercholesterolemia,Hypercholesterolemia,NOT_YET_RECRUITING,0.0019,0.0421,PASS,2026-06-21
NCT05732272,bupropion,Smoking Cessation,Smoking Cessation,RECRUITING,0.0009,0.0409,PASS,2026-06-21
NCT03701282,ibrutinib,Chronic Lymphocytic Leukemia,Chronic Lymphocytic Leukemia,ACTIVE_NOT_RECRUITING,0.0019,0.0376,PASS,2026-06-21
NCT03701282,venetoclax,Chronic Lymphocytic Leukemia,Chronic Lymphocytic Leukemia,ACTIVE_NOT_RECRUITING,0.0011,0.0373,PASS,2026-06-21
NCT05413122,varenicline,smoking cessation,Smoking Cessation,RECRUITING,0.001,0.0331,PASS,2026-06-21
NCT07487818,nicotine,smoking cessation,Smoking Cessation,NOT_YET_RECRUITING,0.001,0.0321,PASS,2026-06-21
NCT07269808,propofol,sedation,Sedation,ACTIVE_NOT_RECRUITING,0.0009,0.0321,PASS,2026-06-21
NCT05413122,nicotine,smoking cessation,Smoking Cessation,RECRUITING,0.0009,0.0231,PASS,2026-06-21
