drug_class,drug_regex,biomarker_regex,driver_indication_regex,gating_strictness,rationale
EGFRi,gefitinib|erlotinib|afatinib|osimertinib|dacomitinib|icotinib,"egfr.{0,15}(mutat|positive|activating|del19|exon 19|exon 21|l858r|t790m)|\bl858r\b|\bt790m\b|exon 19 del|sensiti[sz]ing mutation",(?!),strict,"EGFR-TKIs benefit only EGFR-activating-mutant NSCLC; no benefit (often harm) in EGFR-wild-type."
ALKi,crizotinib|alectinib|ceritinib|lorlatinib|brigatinib,"alk.{0,15}(positive|rearrang|fusion|translocation|mutat)|ros1.{0,10}(positive|fusion|rearrang)",(?!),strict,"ALK/ROS1 inhibitors benefit only ALK/ROS1-rearranged tumours."
BRAFi,vemurafenib|dabrafenib|encorafenib,"braf.{0,10}(v600|mutat|positive)",(?!),strict,"BRAF inhibitors benefit only BRAF-V600-mutant tumours; paradoxical activation in wild-type."
KRASi,sotorasib|adagrasib,"kras.{0,10}g12c",(?!),strict,"KRAS-G12C inhibitors benefit only G12C-mutant tumours."
FLT3i,gilteritinib|midostaurin|quizartinib,"flt3.{0,10}(positive|mutat|itd|tkd)|\bflt3-itd\b",(?!),strict,"FLT3 inhibitors benefit FLT3-mutant AML."
HER2,trastuzumab|pertuzumab|lapatinib|tucatinib|neratinib,"her2.{0,12}(positive|over|amplif|3\+|\bihc 3)|erbb2.{0,10}(positive|amplif|mutat)|her-2.{0,10}positive",(?!),strict,"Anti-HER2 agents benefit only HER2-overexpressing/amplified (or HER2-mutant) tumours."
PARP,olaparib|niraparib|rucaparib|talazoparib,"brca|\bhrd\b|\bhrr\b|homologous recombination|dna damage repair|\bddr\b|deleterious|pathogenic (variant|mutation)|germline mutation|atm|palb2|rad51|loss.of.function",(?!),soft,"PARP inhibitors benefit is greatest in BRCA/HRD-deficient tumours but ovarian maintenance shows broader benefit; off-HRR populations enrich for failure."
CDK46,palbociclib|ribociclib|abemaciclib,"hr.?positive|er.?positive|estrogen receptor positive|hormone receptor positive|her2.{0,10}negative",(?!),soft,"CDK4/6 inhibitors are used in HR-positive/HER2-negative breast cancer; outside HR+ context the leverage drops."
JAK,ruxolitinib|fedratinib,"jak2|v617f|\bjak\b mutation",myelofibrosis|polycythemia|polycythaemia|essential thrombocyth|graft.versus.host|\bgvhd\b|atopic dermatitis|vitiligo|myeloproliferative,soft,"JAK inhibitors benefit JAK-driven myeloproliferative/immune diseases (indication-defined); off-driver solid tumours (colorectal/pancreatic) lack the driver."
