IK14,Disease,mendel_clinvar,mendel_ot_causal,mendel_max,depmap_dep_lin,depmap_selectivity,mi_raw,mi_within_disease_pct,mi_genetics,_depmap_has,_mi_route
OZOGDCZJYVSUBR,Ulcerative Colitis,0.0,0.0,0.0,0.0,0.0,0.0,0.75,0.0,0,genetics
WPEWQEMJFLWMLV,Breast Cancer,0.0,0.0,0.0,-0.1263824324821095,-0.01607975141182129,0.1263824324821095,0.5,0.5972122684134183,1,depmap
WPEWQEMJFLWMLV,Gastric Cancer,0.0,0.0,0.0,0.0,0.0,0.6490927786999079,1.0,0.6490927786999079,0,genetics
WPEWQEMJFLWMLV,Hepatocellular Carcinoma,0.0,0.18237923928348632,0.18237923928348632,-0.17313501379073803,-0.06283233272044982,0.17313501379073803,0.0,0.4559480982087158,1,depmap
WPEWQEMJFLWMLV,Ovarian Cancer,0.0,0.0,0.0,0.0,0.0,0.8326304121973805,1.0,0.8326304121973805,0,genetics
KJNNWYBAOPXVJY,COVID-19,0.0,0.0,0.0,0.0,0.0,0.0,0.9333333333333333,0.0,0,genetics
BZZKEPGENYLQSC,psoriasis,0.0,0.0,0.0,0.0,0.0,0.9208875026052056,1.0,0.9208875026052056,0,genetics
BZZKEPGENYLQSC,Systemic Lupus Erythematosus,0.0,0.0,0.0,0.0,0.0,0.8696757427787593,1.0,0.8696757427787593,0,genetics
BZZKEPGENYLQSC,plaque psoriasis,0.0,0.0,0.0,0.0,0.0,0.8591321708763696,1.0,0.8591321708763696,0,genetics
GXJABQQUPOEUTA,Multiple Myeloma,0.0,0.0,0.0,0.0,0.0,0.0,1.0,0.0,0,genetics
BSMCAPRUBJMWDF,Cancer,0.0,0.5592963338026914,0.5592963338026914,0.0,0.0,0.9740920971010244,1.0,0.9740920971010244,0,genetics
BSMCAPRUBJMWDF,Non-Small Cell Lung Cancer,0.0,0.5592963338026914,0.5592963338026914,-0.14695365241786995,0.040217777692378665,0.14695365241786995,0.0,0.6893009908072479,1,depmap
VFLDPWHFBUODDF,Osteoarthritis,0.0,0.0,0.0,0.0,0.0,0.0,0.7142857142857143,0.0,0,genetics
VFLDPWHFBUODDF,oral submucous fibrosis,0.0,0.0,0.0,0.0,0.0,0.0,1.0,0.0,0,genetics
AFLFKFHDSCQHOL,primary biliary cirrhosis,0.0,0.0,0.0,0.0,0.0,0.0,1.0,0.0,0,genetics
AFLFKFHDSCQHOL,Primary Sclerosing Cholangitis,0.0,0.0,0.0,0.0,0.0,0.0,0.0,0.0,0,genetics
KZFFYEPYCVDOGE,Sickle Cell Disease,0.0,0.0,0.0,0.0,0.0,0.456115279178059,1.0,0.456115279178059,0,genetics
RHGKLRLOHDJJDR,Sickle Cell Disease,0.0,0.0,0.0,0.0,0.0,0.0,1.0,0.0,0,genetics
AHJRHEGDXFFMBM,Metastatic Breast Cancer,1.0,0.0,1.0,-1.6440829492340658,-0.39816403262546696,1.6440829492340658,0.9090909090909091,0.8699743018321302,1,depmap
AHJRHEGDXFFMBM,Advanced Breast Cancer,1.0,0.0,1.0,-1.6440829492340658,-0.39816403262546696,1.6440829492340658,0.8571428571428571,0.8699743018321302,1,depmap
LCFFREMLXLZNHE,immune thrombocytopenia,0.0,0.0,0.0,0.0,0.0,0.0,1.0,0.0,0,genetics
LCFFREMLXLZNHE,Sickle Cell Disease,0.0,0.0,0.0,0.0,0.0,0.0,1.0,0.0,0,genetics
MLDQJTXFUGDVEO,Hepatocellular Carcinoma,0.0,0.18237923928348632,0.18237923928348632,-0.20131720392283284,-0.021684976428859748,0.20131720392283284,0.0,0.5319394479101685,1,depmap
JZRWCGZRTZMZEH,Heart Failure,0.0,0.0,0.0,0.0,0.0,0.0,0.75,0.0,0,genetics
UZWDCWONPYILKI,Breast Cancer,0.0,0.0,0.0,-1.1502225213990958,-0.4191460666509885,1.1502225213990958,0.8461538461538461,0.8699743018321302,1,depmap
UZWDCWONPYILKI,Metastatic Breast Cancer,0.0,0.0,0.0,-1.1502225213990958,-0.4191460666509885,1.1502225213990958,0.8181818181818182,0.8699743018321302,1,depmap
UZWDCWONPYILKI,Prostate Cancer,0.0,0.0,0.0,-1.1765515615508912,-0.445475106802784,1.1765515615508912,0.9285714285714286,0.7219178221638001,1,depmap
UZWDCWONPYILKI,Advanced Breast Cancer,0.0,0.0,0.0,-1.1502225213990958,-0.4191460666509885,1.1502225213990958,0.8571428571428571,0.8699743018321302,1,depmap
UVIQSJCZCSLXRZ,Prostate Cancer Metastatic,0.0,0.0,0.0,-0.03489303634110484,-0.005808700194614314,0.03489303634110484,0.0,0.0,1,depmap
UVIQSJCZCSLXRZ,Metastatic Prostate Cancer,0.0,0.0,0.0,-0.03489303634110484,-0.005808700194614314,0.03489303634110484,0.0,0.0,1,depmap
WDENQIQQYWYTPO,Mantle Cell Lymphoma,0.0,0.0,0.0,-0.12782927447705325,-0.11713577377976685,0.12782927447705325,0.0,0.4559480982087158,1,depmap
WDENQIQQYWYTPO,Diffuse Large B-Cell Lymphoma,0.0,0.0,0.0,-0.12782927447705325,-0.11713577377976685,0.12782927447705325,1.0,0.5288997939221103,1,depmap
RZVAJINKPMORJF,Headache,0.0,0.0,0.0,0.0,0.0,0.0,0.5,0.0,0,genetics
RZVAJINKPMORJF,Acute Pain,0.0,0.0,0.0,0.0,0.0,0.0,1.0,0.0,0,genetics
RZVAJINKPMORJF,Systemic Lupus Erythematosus,0.0,0.0,0.0,0.0,0.0,0.0,0.0,0.0,0,genetics
RZVAJINKPMORJF,Lupus Nephritis,0.0,0.0,0.0,0.0,0.0,0.0,1.0,0.0,0,genetics
PWKSKIMOESPYIA,autism spectrum disorder,0.0,0.0,0.0,0.0,0.0,0.0,0.3333333333333333,0.0,0,genetics
PWKSKIMOESPYIA,Tuberculosis,0.0,0.0,0.0,0.0,0.0,0.0,1.0,0.0,0,genetics
LZCDAPDGXCYOEH,acne vulgaris,0.0,0.0,0.0,0.0,0.0,0.0,1.0,0.0,0,genetics
UAHFGYDRQSXQEB,Vitiligo,0.0,0.0,0.0,0.0,0.0,0.4736760357457347,1.0,0.4736760357457347,0,genetics
ULXXDDBFHOBEHA,Non-Small Cell Lung Cancer,1.0,0.9336832402296186,1.0,-0.32521217790037726,0.02966470124243381,0.32521217790037726,0.5,0.9409039510472654,1,depmap
NDAUXUAQIAJITI,asthma,0.0,0.0,0.0,0.0,0.0,0.0,1.0,0.0,0,genetics
KDGFLJKFZUIJMX,"Carcinoma, Non-Small-Cell Lung",0.0,0.0,0.0,-0.07767852166784511,0.010142174799151249,0.07767852166784511,1.0,0.0,1,depmap
KDGFLJKFZUIJMX,Non-Small Cell Lung Cancer,0.0,0.0,0.0,-0.07767852166784511,0.010142174799151249,0.07767852166784511,0.0,0.8786863375545856,1,depmap
KDGFLJKFZUIJMX,Cancer,0.0,0.660273566653157,0.660273566653157,0.0,0.0,0.909034187865218,1.0,0.909034187865218,0,genetics
OFCNXPDARWKPPY,Depression,0.0,0.0,0.0,0.0,0.0,0.0,1.0,0.0,0,genetics
YBBLVLTVTVSKRW,Breast Cancer,0.0,0.0,0.0,-0.0492118307572316,-0.03621052123357958,0.0492118307572316,0.4230769230769231,0.0,1,depmap
YBBLVLTVTVSKRW,Advanced Breast Cancer,0.0,0.0,0.0,-0.0492118307572316,-0.03621052123357958,0.0492118307572316,0.14285714285714285,0.0,1,depmap
QNZCBYKSOIHPEH,Deep Vein Thrombosis,0.0,0.0,0.0,0.0,0.0,0.0,1.0,0.0,0,genetics
QNZCBYKSOIHPEH,atrial fibrillation,0.0,0.0,0.0,0.0,0.0,0.0521424845008356,0.75,0.0521424845008356,0,genetics
IMOZEMNVLZVGJZ,Psoriatic Arthritis,0.0,0.0,0.0,0.0,0.0,0.0,1.0,0.0,0,genetics
XUKUURHRXDUEBC,Prostate Cancer,0.0,0.0,0.0,-1.079897492512321,-0.26112340718894345,1.079897492512321,0.9285714285714286,0.0,1,depmap
XUKUURHRXDUEBC,schizophrenia,0.0,0.0,0.0,0.0,0.0,0.0,0.0,0.0,0,genetics
XUKUURHRXDUEBC,Ischemic Stroke,0.0,0.0,0.0,0.0,0.0,0.0,1.0,0.0,0,genetics
YXSLJKQTIDHPOT,Muscle Relaxation,0.0,0.0,0.0,0.0,0.0,0.0,1.0,0.0,0,genetics
NMUSYJAQQFHJEW,"Leukemia, Myeloid, Acute",1.0,0.0,1.0,-0.5878162354736143,0.007886673931410626,0.5878162354736143,0.0,0.0,1,depmap
NMUSYJAQQFHJEW,Myelodysplastic Syndromes,0.0,0.0,0.0,0.0,0.0,0.607930797611621,1.0,0.607930797611621,0,genetics
LMEKQMALGUDUQG,Rheumatoid Arthritis,0.0,0.0,0.0,0.0,0.0,0.0,0.4,0.0,0,genetics
XUZMWHLSFXCVMG,Uveitis,0.0,0.0,0.0,0.0,0.0,0.0,0.6666666666666666,0.0,0,genetics
XUZMWHLSFXCVMG,"Diabetes Mellitus, Type 1",0.0,0.0,0.0,0.0,0.0,0.0,0.0,0.0,0,genetics
XUZMWHLSFXCVMG,pneumonia,0.0,0.0,0.0,0.0,0.0,0.6778268833972223,1.0,0.6778268833972223,0,genetics
YTKUWDBFDASYHO,Follicular Lymphoma,0.0,0.0,0.0,0.0,0.0,0.0,0.0,0.0,0,genetics
YTKUWDBFDASYHO,Chronic Lymphocytic Leukemia,0.0,0.0,0.0,0.0,0.0,0.0,0.6,0.0,0,genetics
YTKUWDBFDASYHO,Hodgkin Lymphoma,0.0,0.0,0.0,0.0,0.0,0.0,0.0,0.0,0,genetics
YTKUWDBFDASYHO,Mantle Cell Lymphoma,0.0,0.0,0.0,0.0,0.0,0.0,0.0,0.0,0,genetics
YBHILYKTIRIUTE,Hyperlipidemia,0.0,0.0,0.0,0.0,0.0,0.0,0.0,0.0,0,genetics
UREBDLICKHMUKA,allergic rhinitis,0.0,0.0,0.0,0.0,0.0,0.0,1.0,0.0,0,genetics
UREBDLICKHMUKA,Chronic pain,0.0,0.0,0.0,0.0,0.0,0.0,1.0,0.0,0,genetics
MAEIEVLCKWDQJH,Cirrhosis,0.0,0.0,0.0,0.0,0.0,0.0,1.0,0.0,0,genetics
LEBVLXFERQHONN,atrial fibrillation,0.0,0.0,0.0,0.0,0.0,0.0,0.75,0.0,0,genetics
LEBVLXFERQHONN,Lung Cancer,0.0,0.0,0.0,0.013911693530755484,-0.022456866466038346,-0.013911693530755484,0.0,0.0,1,depmap
LEBVLXFERQHONN,Stroke,0.0,0.0,0.0,0.0,0.0,0.0,1.0,0.0,0,genetics
LEBVLXFERQHONN,Breast Cancer,0.0,0.0,0.0,0.02350432105482655,-0.012864238941967279,-0.02350432105482655,0.11538461538461539,0.0,1,depmap
LEBVLXFERQHONN,PTSD,0.0,0.0,0.0,0.0,0.0,0.0,1.0,0.0,0,genetics
LEBVLXFERQHONN,Pain Management,0.0,0.0,0.0,0.0,0.0,0.0,1.0,0.0,0,genetics
SNPPWIUOZRMYNY,obesity,0.0,0.0,0.0,0.0,0.0,0.4047147302399964,0.5,0.4047147302399964,0,genetics
SNPPWIUOZRMYNY,Breast Cancer,0.0,0.0,0.0,-0.05742544803736114,0.002655511950134859,0.05742544803736114,0.4230769230769231,0.0,1,depmap
QWCRAEMEVRGPNT,generalized anxiety disorder,0.0,0.0,0.0,0.0,0.0,0.0,1.0,0.0,0,genetics
ONIQOQHATWINJY,renal cell carcinoma,1.0,0.9813019915695471,1.0,-0.11003285764535325,0.004569741988616011,0.11003285764535325,1.0,0.949676099766488,1,depmap
ONIQOQHATWINJY,Hepatocellular Carcinoma,1.0,0.8897742701710087,1.0,-0.17313501379073803,-0.05853241415676877,0.17313501379073803,0.0,0.8247946631505852,1,depmap
ONIQOQHATWINJY,Cancer,0.0,0.9915036892274586,0.9915036892274586,0.0,0.0,0.9701286179166936,1.0,0.9701286179166936,0,genetics
RYYVLZVUVIJVGH,Alzheimer disease,0.0,0.0,0.0,0.0,0.0,0.0,1.0,0.0,0,genetics
QHMBSVQNZZTUGM,Bipolar Disorder,0.0,0.0,0.0,0.0,0.0,0.2881217710005117,0.3333333333333333,0.2881217710005117,0,genetics
QHMBSVQNZZTUGM,Alcohol Use Disorder,0.0,0.0,0.0,0.0,0.0,0.0,1.0,0.0,0,genetics
QHMBSVQNZZTUGM,insomnia,0.0,0.0,0.0,0.0,0.0,0.0,0.75,0.0,0,genetics
GAGWJHPBXLXJQN,Advanced Breast Cancer,0.0,0.0,0.0,-1.1965408302856364,-0.4040056108861245,1.1965408302856364,0.8571428571428571,0.0,1,depmap
GAGWJHPBXLXJQN,Nasopharyngeal Carcinoma,0.0,0.0,0.0,0.0,0.0,0.0,1.0,0.0,0,genetics
GAGWJHPBXLXJQN,Colorectal Cancer,0.0,0.0,0.0,-0.7327040841249612,0.05983113527455064,0.7327040841249612,1.0,0.0,1,depmap
GAGWJHPBXLXJQN,colorectal carcinoma,0.0,0.0,0.0,-0.7327040841249612,0.05983113527455064,0.7327040841249612,1.0,0.0,1,depmap
GAGWJHPBXLXJQN,Colon Cancer,0.0,0.0,0.0,-0.7327040841249612,0.05983113527455064,0.7327040841249612,1.0,0.0,1,depmap
GAGWJHPBXLXJQN,Triple Negative Breast Cancer,0.0,0.0,0.0,-1.1965408302856364,-0.4040056108861245,1.1965408302856364,0.5,0.0,1,depmap
GAGWJHPBXLXJQN,Gastric Carcinoma,0.0,0.0,0.0,0.0,0.0,0.0,1.0,0.0,0,genetics
GAGWJHPBXLXJQN,Neoplasms,0.0,0.0,0.0,0.0,0.0,0.0,1.0,0.0,0,genetics
GAGWJHPBXLXJQN,Hepatocellular Carcinoma,0.0,0.0,0.0,-0.7189792516404,0.07355596775911188,0.7189792516404,1.0,0.0,1,depmap
GAGWJHPBXLXJQN,Pancreatic Cancer,0.0,0.0,0.0,-1.1877833202112835,-0.39524810081177164,1.1877833202112835,0.6666666666666666,0.0,1,depmap
GAGWJHPBXLXJQN,Anal Cancer,0.0,0.0,0.0,0.0,0.0,0.0,1.0,0.0,0,genetics
YAYRGNWWLMLWJE,NSCLC,0.0,0.0,0.0,0.0,0.0,0.0,1.0,0.0,0,genetics
YAYRGNWWLMLWJE,Non-Small Cell Lung Cancer,0.0,0.0,0.0,0.0,0.0,0.0,0.0,0.0,0,genetics
YAYRGNWWLMLWJE,Breast Cancer,0.0,0.0,0.0,0.0,0.0,0.0,0.23076923076923078,0.0,0,genetics
YAYRGNWWLMLWJE,Endometrial Cancer,0.0,0.0,0.0,0.0,0.0,0.0,0.5,0.0,0,genetics
YAYRGNWWLMLWJE,Triple Negative Breast Cancer,0.0,0.0,0.0,0.0,0.0,0.0,0.0,0.0,0,genetics
YAYRGNWWLMLWJE,Urothelial Carcinoma,0.0,0.0,0.0,0.0,0.0,0.0,0.5,0.0,0,genetics
YAYRGNWWLMLWJE,"Carcinoma, Non-Small-Cell Lung",0.0,0.0,0.0,0.0,0.0,0.0,1.0,0.0,0,genetics
YAYRGNWWLMLWJE,Esophageal Cancer,0.0,0.0,0.0,0.0,0.0,0.0,1.0,0.0,0,genetics
YAYRGNWWLMLWJE,Ovarian Cancer,0.0,0.0,0.0,0.0,0.0,0.0,1.0,0.0,0,genetics
YAYRGNWWLMLWJE,Advanced Cervical Cancer,0.0,0.0,0.0,0.0,0.0,0.0,0.0,0.0,0,genetics
YAYRGNWWLMLWJE,Neoplasms,0.0,0.0,0.0,0.0,0.0,0.0,1.0,0.0,0,genetics
RZEKVGVHFLEQIL,Familial adenomatous polyposis,0.0,0.0,0.0,0.0,0.0,0.0,1.0,0.0,0,genetics
RZEKVGVHFLEQIL,Prostate Cancer,0.0,0.0,0.0,0.10714156063006719,0.026600052920597042,-0.10714156063006719,0.0,0.0,1,depmap
ZKLPARSLTMPFCP,Multiple Sclerosis,0.0,0.0,0.0,0.0,0.0,0.0,0.8461538461538461,0.0,0,genetics
ZKLPARSLTMPFCP,Acute Urticaria,0.0,0.0,0.0,0.0,0.0,0.0,1.0,0.0,0,genetics
RRGUKTPIGVIEKM,Ischemic Stroke,0.0,0.0,0.0,0.0,0.0,0.6546673717075597,1.0,0.6546673717075597,0,genetics
RRGUKTPIGVIEKM,Stroke,0.0,0.0,0.0,0.0,0.0,0.7480804713863115,1.0,0.7480804713863115,0,genetics
WSEQXVZVJXJVFP,Dementia,0.0,0.0,0.0,0.0,0.0,0.3762483706418323,1.0,0.3762483706418323,0,genetics
GKTWGGQPFAXNFI,Myocardial Infarction,0.0,0.0,0.0,0.0,0.0,0.0,1.0,0.0,0,genetics
IAKHMKGGTNLKSZ,Heart Failure,0.0,0.0,0.0,0.0,0.0,0.0,0.75,0.0,0,genetics
IAKHMKGGTNLKSZ,venous thromboembolism,0.0,0.0,0.0,0.0,0.0,0.0,0.0,0.0,0,genetics
IAKHMKGGTNLKSZ,pneumonia,0.0,0.0,0.0,0.0,0.0,0.0,0.6666666666666666,0.0,0,genetics
KTEIFNKAUNYNJU,"Carcinoma, Non-Small-Cell Lung",1.0,0.0,1.0,-0.7763151208422485,0.1445978712817183,0.7763151208422485,1.0,0.0,1,depmap
KTEIFNKAUNYNJU,Non-Small Cell Lung Cancer,0.0,0.0,0.0,-0.7763151208422485,0.1445978712817183,0.7763151208422485,1.0,0.951883250002906,1,depmap
KTEIFNKAUNYNJU,Metastatic Uveal Melanoma,0.0,0.0,0.0,-0.7944140258060965,0.12649896631787028,0.7944140258060965,1.0,0.8930646439182859,1,depmap
CMSMOCZEIVJLDB,Follicular Lymphoma,0.0,0.0,0.0,0.0,0.0,0.0,0.0,0.0,0,genetics
CMSMOCZEIVJLDB,Breast Cancer,0.0,0.0,0.0,0.0,0.0,0.0,0.23076923076923078,0.0,0,genetics
CMSMOCZEIVJLDB,Eosinophilic Granulomatosis With Polyangiitis,0.0,0.0,0.0,0.0,0.0,0.0,1.0,0.0,0,genetics
CMSMOCZEIVJLDB,Graft-versus-host Disease (GVHD),0.0,0.0,0.0,0.0,0.0,0.0,1.0,0.0,0,genetics
CMSMOCZEIVJLDB,Multiple Sclerosis,0.0,0.0,0.0,0.0,0.0,0.0,0.8461538461538461,0.0,0,genetics
CMSMOCZEIVJLDB,Multiple Myeloma,0.0,0.0,0.0,0.0,0.0,0.0,1.0,0.0,0,genetics
CMSMOCZEIVJLDB,"Glomerulonephritis, IGA",0.0,0.0,0.0,0.0,0.0,0.0,1.0,0.0,0,genetics
CMSMOCZEIVJLDB,severe aplastic anemia,0.0,0.0,0.0,0.0,0.0,0.0,1.0,0.0,0,genetics
CMSMOCZEIVJLDB,Ovarian Cancer,0.0,0.0,0.0,0.0,0.0,0.0,1.0,0.0,0,genetics
CMSMOCZEIVJLDB,Systemic Sclerosis,0.0,0.0,0.0,0.0,0.0,0.0,1.0,0.0,0,genetics
CMSMOCZEIVJLDB,Triple Negative Breast Cancer,0.0,0.0,0.0,0.0,0.0,0.0,0.0,0.0,0,genetics
CMSMOCZEIVJLDB,AL Amyloidosis,0.0,0.0,0.0,0.0,0.0,0.0,1.0,0.0,0,genetics
CMSMOCZEIVJLDB,Vasculitis,0.0,0.0,0.0,0.0,0.0,0.0,1.0,0.0,0,genetics
FDKXTQMXEQVLRF,Hodgkin Lymphoma,0.0,0.0,0.0,0.0,0.0,0.0,0.0,0.0,0,genetics
JVHXJTBJCFBINQ,"Polycystic Kidney, Autosomal Dominant",0.0,0.0,0.0,-0.06212915646936647,0.004845939418117798,0.0,1.0,0.0,1,genetics
JVHXJTBJCFBINQ,"Renal Insufficiency, Chronic",1.0,0.0,1.0,-0.06212915646936647,0.004845939418117798,0.0,1.0,0.0,1,genetics
JVHXJTBJCFBINQ,Septic Shock,0.0,0.0,0.0,0.0,0.0,0.0,1.0,0.0,0,genetics
JVHXJTBJCFBINQ,Nephrotic Syndrome,0.0,0.0,0.0,0.0,0.0,0.0,1.0,0.0,0,genetics
JVHXJTBJCFBINQ,"Diabetes Mellitus, Type 1",0.0,0.0,0.0,0.0,0.0,0.4468139379746011,1.0,0.4468139379746011,0,genetics
JVHXJTBJCFBINQ,diabetic nephropathy,0.0,0.0,0.0,0.0,0.0,0.0,1.0,0.0,0,genetics
JVHXJTBJCFBINQ,inflammatory bowel disease,0.0,0.0,0.0,0.0,0.0,0.0,1.0,0.0,0,genetics
JVHXJTBJCFBINQ,Type 1 Diabetes Mellitus,0.0,0.0,0.0,0.0,0.0,0.4468139379746011,1.0,0.4468139379746011,0,genetics
JVHXJTBJCFBINQ,Breast Cancer,0.0,0.0,0.0,-0.07052173122647709,-0.0035466353389928262,0.07052173122647709,0.4230769230769231,0.0,1,depmap
JAUOIFJMECXRGI,Chronic Idiopathic Urticaria,0.0,0.0,0.0,0.0,0.0,0.0,1.0,0.0,0,genetics
UREBDLICKHMUKA,acute respiratory distress syndrome,0.0,0.0,0.0,0.0,0.0,0.3457606411416095,1.0,0.3457606411416095,0,genetics
UREBDLICKHMUKA,Breast Cancer,0.0,0.0,0.0,-0.011130118065106501,-0.003624896446953416,0.011130118065106501,0.3076923076923077,0.0,1,depmap
UREBDLICKHMUKA,Thrombocytopenia,0.0,0.0,0.0,0.0,0.0,0.0,0.0,0.0,0,genetics
UREBDLICKHMUKA,Renal Colic,0.0,0.0,0.0,0.04176713245830078,0.04927235407645386,0.0,1.0,0.0,1,genetics
UREBDLICKHMUKA,Prostate Cancer Metastatic,0.0,0.0,0.0,-0.14926338368421263,-0.14175816206605954,0.14926338368421263,1.0,0.2279740491043579,1,depmap
UREBDLICKHMUKA,pneumonia,0.0,0.0,0.0,0.0,0.0,0.0,0.6666666666666666,0.0,0,genetics
UREBDLICKHMUKA,AL Amyloidosis,0.0,0.0,0.0,0.0,0.0,0.0,1.0,0.0,0,genetics
UREBDLICKHMUKA,Influenza,0.0,0.0,0.0,0.0,0.0,0.0,1.0,0.0,0,genetics
GZSOSUNBTXMUFQ,Breast Cancer,0.0,0.0,0.0,0.0,0.0,0.0,0.23076923076923078,0.0,0,genetics
GZSOSUNBTXMUFQ,Rheumatoid Arthritis,0.0,0.0,0.0,0.0,0.0,0.0,0.4,0.0,0,genetics
ZZVUWRFHKOJYTH,Systemic Lupus Erythematosus,0.0,0.0,0.0,0.0,0.0,0.3085746992510923,0.5,0.3085746992510923,0,genetics
ZZVUWRFHKOJYTH,Multiple Sclerosis,0.0,0.0,0.0,0.0,0.0,0.0,0.8461538461538461,0.0,0,genetics
ZZVUWRFHKOJYTH,Lupus Nephritis,0.0,0.0,0.0,0.0,0.0,0.0,1.0,0.0,0,genetics
JWJOTENAMICLJG,androgenetic alopecia,0.0,0.0,0.0,0.0,0.0,0.0,1.0,0.0,0,genetics
JGMOKGBVKVMRFX,Subfertility,0.0,0.0,0.0,0.0,0.0,0.8679214751404737,1.0,0.8679214751404737,0,genetics
SIFNOOUKXBRGGB,Breast Cancer,1.0,0.27820844960907676,1.0,-0.33033499306052333,-0.2774030028172715,0.33033499306052333,0.7307692307692307,0.8496114818642673,1,depmap
OBWASQILIWPZMG,Metabolic Syndrome,0.0,0.0,0.0,0.0,0.0,0.0,1.0,0.0,0,genetics
OBWASQILIWPZMG,Nephrotic Syndrome,0.0,0.0,0.0,0.0,0.0,0.0,1.0,0.0,0,genetics
OBWASQILIWPZMG,pneumonia,0.0,0.0,0.0,0.0,0.0,0.0,0.6666666666666666,0.0,0,genetics
OBWASQILIWPZMG,congenital heart disease,0.0,0.0,0.0,0.0,0.0,0.0,0.0,0.0,0,genetics
WXCXUHSOUPDCQV,Cancer,0.0,0.9057632260187225,0.9057632260187225,0.0,0.0,0.9554137826803796,1.0,0.9554137826803796,0,genetics
WXCXUHSOUPDCQV,Prostate Cancer Metastatic,1.0,0.9033360103280944,1.0,-0.2645388102368098,-0.35993598887995626,0.2645388102368098,1.0,0.8728762805808241,1,depmap
WXCXUHSOUPDCQV,Neoplasms,0.0,0.0,0.0,0.0,0.0,0.0,1.0,0.0,0,genetics
UFNVPOGXISZXJD,Advanced Breast Cancer,0.0,0.0,0.0,-2.2446930475135694,-0.28929779395321265,2.2446930475135694,0.8571428571428571,0.0,1,depmap
UFNVPOGXISZXJD,Metastatic Breast Cancer,0.0,0.0,0.0,-2.2446930475135694,-0.28929779395321265,2.2446930475135694,0.9090909090909091,0.0,1,depmap
UFNVPOGXISZXJD,Triple Negative Breast Cancer,0.0,0.0,0.0,-2.2446930475135694,-0.28929779395321265,2.2446930475135694,0.5,0.0,1,depmap
YQEZLKZALYSWHR,depressive disorder,0.0,0.0,0.0,0.0,0.0,0.0,1.0,0.0,0,genetics
YQEZLKZALYSWHR,"Depressive Disorder, Major",0.0,0.0,0.0,0.0,0.0,0.4867374381481546,1.0,0.4867374381481546,0,genetics
VJJPUSNTGOMMGY,Acute Myeloid Leukemia,0.0,0.0,0.0,-2.314612267788222,0.22137704331007368,2.314612267788222,0.8,0.0,1,depmap
VJJPUSNTGOMMGY,Ovarian Cancer,0.0,0.0,0.0,0.0,0.0,0.0,1.0,0.0,0,genetics
VJJPUSNTGOMMGY,"Carcinoma, Non-Small-Cell Lung",0.0,0.0,0.0,-2.6820224501729757,-0.14603313907467985,2.6820224501729757,1.0,0.0,1,depmap
VJJPUSNTGOMMGY,Multiple Myeloma,0.0,0.0,0.0,0.0,0.0,0.0,1.0,0.0,0,genetics
VJJPUSNTGOMMGY,hemophagocytic lymphohistiocytosis,0.0,0.0,0.0,0.0,0.0,0.0,1.0,0.0,0,genetics
VJJPUSNTGOMMGY,Non-Small Cell Lung Cancer,0.0,0.0,0.0,-2.6820224501729757,-0.14603313907467985,2.6820224501729757,1.0,0.0,1,depmap
YMTINGFKWWXKFG,Diabetic Retinopathy,0.0,0.0,0.0,0.0,0.0,0.0,1.0,0.0,0,genetics
PJMPHNIQZUBGLI,opioid use disorder,0.0,0.0,0.0,0.0,0.0,0.8551488348715596,1.0,0.8551488348715596,0,genetics
PJMPHNIQZUBGLI,Acute Traumatic Pain,0.0,0.0,0.0,0.0,0.0,0.0,1.0,0.0,0,genetics
RWTNPBWLLIMQHL,Parkinson Disease,0.0,0.0,0.0,0.0,0.0,0.0,1.0,0.0,0,genetics
GHASVSINZRGABV,Breast Cancer,0.0,0.0,0.0,-1.1965408302856364,-0.4040056108861245,1.1965408302856364,0.8846153846153846,0.0,1,depmap
GHASVSINZRGABV,Gastric Cancer,0.0,0.0,0.0,0.0,0.0,0.0,1.0,0.0,0,genetics
GHASVSINZRGABV,Colorectal Cancer,0.0,0.0,0.0,-0.7327040841249612,0.05983113527455064,0.7327040841249612,1.0,0.0,1,depmap
GHASVSINZRGABV,Metastatic Colorectal Cancer,0.0,0.0,0.0,-0.7327040841249612,0.05983113527455064,0.7327040841249612,0.6,0.0,1,depmap
GHASVSINZRGABV,Metastatic Pancreatic Adenocarcinoma,0.0,0.0,0.0,-1.1877833202112835,-0.39524810081177164,1.1877833202112835,0.5,0.0,1,depmap
GHASVSINZRGABV,Nasopharyngeal Carcinoma,0.0,0.0,0.0,0.0,0.0,0.0,1.0,0.0,0,genetics
GHASVSINZRGABV,Hepatocellular Carcinoma,0.0,0.0,0.0,-0.7189792516404,0.07355596775911188,0.7189792516404,1.0,0.0,1,depmap
GHASVSINZRGABV,Pancreatic Cancer,0.0,0.0,0.0,-1.1877833202112835,-0.39524810081177164,1.1877833202112835,0.6666666666666666,0.0,1,depmap
GHASVSINZRGABV,Urinary Bladder Neoplasms,0.0,0.0,0.0,0.0,0.0,0.0,1.0,0.0,0,genetics
RTHCYVBBDHJXIQ,"Depressive Disorder, Major",0.0,0.0,0.0,0.0,0.0,0.663267698464219,1.0,0.663267698464219,0,genetics
XTULMSXFIHGYFS,COPD,0.0,0.0,0.0,0.0,0.0,0.5748219056004791,1.0,0.5748219056004791,0,genetics
WMWTYOKRWGGJOA,chronic cough,0.0,0.0,0.0,0.0,0.0,0.0,1.0,0.0,0,genetics
OVBPIULPVIDEAO,Chronic Kidney Disease,0.0,0.0,0.0,0.0,0.0,0.0,1.0,0.0,0,genetics
ZZUFCTLCJUWOSV,Cirrhosis,0.0,0.0,0.0,0.0,0.0,0.0,1.0,0.0,0,genetics
UGJMXCAKCUNAIE,overactive bladder,0.0,0.0,0.0,0.0,0.0,0.0,1.0,0.0,0,genetics
UGJMXCAKCUNAIE,Alcohol Use Disorder,0.0,0.0,0.0,0.0,0.0,0.0,1.0,0.0,0,genetics
SDUQYLNIPVEERB,Nasopharyngeal Carcinoma,0.0,0.0,0.0,0.0,0.0,0.0,1.0,0.0,0,genetics
SDUQYLNIPVEERB,Hodgkin Lymphoma,0.0,0.0,0.0,-3.143186432660445,0.042625130447488946,3.143186432660445,1.0,0.0,1,depmap
SDUQYLNIPVEERB,Non-Small Cell Lung Cancer,0.0,0.0,0.0,-3.2498589886500917,-0.06404742554215792,3.2498589886500917,1.0,0.0,1,depmap
SDUQYLNIPVEERB,Breast Cancer,0.0,0.0,0.0,-3.244745184577926,-0.05893362146999204,3.244745184577926,1.0,0.0,1,depmap
SDUQYLNIPVEERB,Triple Negative Breast Cancer,0.0,0.0,0.0,-3.244745184577926,-0.05893362146999204,3.244745184577926,1.0,0.0,1,depmap
SDUQYLNIPVEERB,Urothelial Carcinoma,0.0,0.0,0.0,0.0,0.0,0.0,0.5,0.0,0,genetics
SDUQYLNIPVEERB,"Carcinoma, Non-Small-Cell Lung",0.0,0.0,0.0,-3.2498589886500917,-0.06404742554215792,3.2498589886500917,1.0,0.0,1,depmap
SDUQYLNIPVEERB,Metastatic Breast Cancer,0.0,0.0,0.0,-3.244745184577926,-0.05893362146999204,3.244745184577926,1.0,0.0,1,depmap
SDUQYLNIPVEERB,Ovarian Cancer,0.0,0.0,0.0,0.0,0.0,0.0,1.0,0.0,0,genetics
SDUQYLNIPVEERB,Diffuse Large B-Cell Lymphoma,0.0,0.0,0.0,-3.143186432660445,0.042625130447488946,3.143186432660445,1.0,0.0,1,depmap
SDUQYLNIPVEERB,Metastatic Pancreatic Adenocarcinoma,0.0,0.0,0.0,-3.285229495153491,-0.09941793204555704,3.285229495153491,1.0,0.0,1,depmap
YALNUENQHAQXEA,Polycythemia Vera,0.0,0.0,0.0,0.0,0.0,0.2741767897228411,0.5,0.2741767897228411,0,genetics
XXSMGPRMXLTPCZ,preeclampsia,0.0,0.0,0.0,0.0,0.0,0.0,1.0,0.0,0,genetics
XXSMGPRMXLTPCZ,Systemic Lupus Erythematosus,1.0,0.8274613634158176,1.0,0.0,0.0,0.7731204207945429,1.0,0.7731204207945429,0,genetics
XXSMGPRMXLTPCZ,pneumonia,0.0,0.0,0.0,0.0,0.0,0.0,0.6666666666666666,0.0,0,genetics
XYFPWWZEPKGCCK,Mantle Cell Lymphoma,0.0,0.0,0.0,-0.12782927447705325,-0.11713577377976685,0.12782927447705325,0.0,0.4559480982087158,1,depmap
HEFNNWSXXWATRW,Acute Pain,0.0,0.0,0.0,0.0,0.0,0.0,1.0,0.0,0,genetics
IFSDAJWBUCMOAH,Chronic Lymphocytic Leukemia,0.0,0.0,0.0,-0.30676416979093446,-0.10660273206553991,0.30676416979093446,0.8,0.0,1,depmap
KTUFNOKKBVMGRW,Graft-versus-host Disease,0.0,0.0,0.0,0.0,0.0,0.0,1.0,0.0,0,genetics
KTUFNOKKBVMGRW,GIST,0.0,0.0,0.0,0.0,0.0,0.908559202751775,1.0,0.908559202751775,0,genetics
SHGAZHPCJJPHSC,acne vulgaris,0.0,0.0,0.0,0.0,0.0,0.0,1.0,0.0,0,genetics
YQEZLKZALYSWHR,Treatment Resistant Depression,0.0,0.0,0.0,0.0,0.0,0.0,1.0,0.0,0,genetics
YQEZLKZALYSWHR,Acute Ischemic Stroke,0.0,0.0,0.0,0.0,0.0,0.0,1.0,0.0,0,genetics
YQEZLKZALYSWHR,critical illness,0.0,0.0,0.0,0.0,0.0,0.0,1.0,0.0,0,genetics
YQEZLKZALYSWHR,Pain,0.0,0.0,0.0,0.0,0.0,0.0,0.5,0.0,0,genetics
YQEZLKZALYSWHR,status epilepticus,0.0,0.0,0.0,0.0,0.0,0.0,1.0,0.0,0,genetics
YQEZLKZALYSWHR,Acute Traumatic Pain,0.0,0.0,0.0,0.0,0.0,0.0,1.0,0.0,0,genetics
OZWKMVRBQXNZKK,Pain Management,0.0,0.0,0.0,0.0,0.0,0.0,1.0,0.0,0,genetics
WMDSZGFJQKSLLH,Septic Shock,0.0,0.0,0.0,0.0,0.0,0.0,1.0,0.0,0,genetics
MJIHNNLFOKEZEW,Idiopathic Pulmonary Fibrosis,0.0,0.0,0.0,0.0,0.0,0.0,1.0,0.0,0,genetics
MJIHNNLFOKEZEW,Peptic Ulcer,0.0,0.0,0.0,0.0,0.0,0.0,1.0,0.0,0,genetics
VHOGYURTWQBHIL,Rheumatoid Arthritis,0.0,0.0,0.0,0.0,0.0,0.0,0.4,0.0,0,genetics
GOTYRUGSSMKFNF,Diffuse Large B-Cell Lymphoma,0.0,0.0,0.0,-2.0049650840751414,0.09601874168245628,2.0049650840751414,1.0,0.0,1,depmap
WOSKHXYHFSIKNG,renal cell carcinoma,0.0,0.0,0.0,-0.3374812002666932,-0.15324261930068575,0.3374812002666932,1.0,0.6517524759394587,1,depmap
HPJKCIUCZWXJDR,Early Breast Cancer,0.0,0.0,0.0,-0.0492118307572316,-0.03621052123357958,0.0492118307572316,0.0,0.0,1,depmap
VVIAGPKUTFNRDU,Colorectal Cancer,0.0,0.0,0.0,0.0,0.0,0.0,0.3333333333333333,0.0,0,genetics
VVIAGPKUTFNRDU,Metastatic Colorectal Cancer,0.0,0.0,0.0,0.0,0.0,0.0,0.0,0.0,0,genetics
VVIAGPKUTFNRDU,Hepatocellular Carcinoma,0.0,0.0,0.0,0.0,0.0,0.0,0.0,0.0,0,genetics
VVIAGPKUTFNRDU,Neoplasms,0.0,0.0,0.0,0.0,0.0,0.0,1.0,0.0,0,genetics
HPHUVLMMVZITSG,epilepsy,0.0,0.7568738430264683,0.7568738430264683,0.0,0.0,0.7568738430264683,0.2857142857142857,0.7568738430264683,0,genetics
HPHUVLMMVZITSG,Septic Shock,0.0,0.0,0.0,0.0,0.0,0.0,1.0,0.0,0,genetics
HPHUVLMMVZITSG,status epilepticus,0.0,0.0,0.0,0.0,0.0,0.0,1.0,0.0,0,genetics
WTDRDQBEARUVNC,Parkinson Disease,0.0,0.0,0.0,0.0,0.0,0.0,1.0,0.0,0,genetics
WWYNJERNGUHSAO,contraception,0.0,0.0,0.0,0.0,0.0,0.0,1.0,0.0,0,genetics
NNJVILVZKWQKPM,Stroke,0.0,0.0,0.0,0.0,0.0,0.0,1.0,0.0,0,genetics
NNJVILVZKWQKPM,"Infertility, Female",0.0,0.0,0.0,0.0,0.0,0.3111997752973888,1.0,0.3111997752973888,0,genetics
NNJVILVZKWQKPM,Cough,0.0,0.0,0.0,0.0,0.0,0.0,1.0,0.0,0,genetics
JGCMEBMXRHSZKX,CTEPH,0.0,0.0,0.0,0.0,0.0,0.0,1.0,0.0,0,genetics
JGCMEBMXRHSZKX,"Hypertension, Pulmonary",0.0,0.0,0.0,0.0,0.0,0.0,1.0,0.0,0,genetics
PSGAAPLEWMOORI,Endometrial Cancer,0.0,0.0,0.0,0.0019205742360772224,-0.014815980696632956,-0.0019205742360772224,0.25,0.0,1,depmap
SGDBTWWWUNNDEQ,AL Amyloidosis,0.0,0.0,0.0,0.0,0.0,0.0,1.0,0.0,0,genetics
SGDBTWWWUNNDEQ,Acute Myeloid Leukemia,0.0,0.0,0.0,0.0,0.0,0.0,0.06666666666666667,0.0,0,genetics
KBOPZPXVLCULAV,inflammatory bowel disease,0.0,0.0,0.0,0.0,0.0,0.0,1.0,0.0,0,genetics
XZWYZXLIPXDOLR,COPD,0.0,0.0,0.0,0.0,0.0,0.0,1.0,0.0,0,genetics
XZWYZXLIPXDOLR,Autosomal Dominant Polycystic Kidney Disease,0.0,0.0,0.0,-0.08603982928647336,-0.023094222035017334,0.0,1.0,0.0,1,genetics
XZWYZXLIPXDOLR,Parkinson Disease,0.0,0.7447152270742359,0.7447152270742359,0.0,0.0,0.7447152270742359,1.0,0.7447152270742359,0,genetics
XZWYZXLIPXDOLR,preeclampsia,0.0,0.0,0.0,0.0,0.0,0.0,1.0,0.0,0,genetics
XZWYZXLIPXDOLR,Type2 Diabetes Mellitus,0.0,0.0,0.0,0.0,0.0,0.0,1.0,0.0,0,genetics
XZWYZXLIPXDOLR,schizophrenia,0.0,0.0,0.0,0.0,0.0,0.0,0.0,0.0,0,genetics
XZWYZXLIPXDOLR,Tuberculosis,0.0,0.0,0.0,0.0,0.0,0.0,1.0,0.0,0,genetics
XZWYZXLIPXDOLR,Familial adenomatous polyposis,0.0,0.0,0.0,0.0,0.0,0.0,1.0,0.0,0,genetics
XZWYZXLIPXDOLR,Prostate Cancer,0.0,0.0,0.0,-0.04544749407289953,0.01749811317855649,0.04544749407289953,0.21428571428571427,0.0,1,depmap
XZWYZXLIPXDOLR,Idiopathic Pulmonary Fibrosis,0.0,0.0,0.0,0.0,0.0,0.0,1.0,0.0,0,genetics
USSIQXCVUWKGNF,"Pain, Postoperative",0.0,0.0,0.0,0.0,0.0,0.0,1.0,0.0,0,genetics
FBOZXECLQNJBKD,Graft-versus-host Disease (GVHD),0.0,0.0,0.0,0.0,0.0,0.0,1.0,0.0,0,genetics
FBOZXECLQNJBKD,Acute Myeloid Leukemia,0.0,0.0,0.0,-1.120280246411106,-0.30080046300056895,1.120280246411106,0.6,0.2913204382154888,1,depmap
FBOZXECLQNJBKD,giant cell arteritis,0.0,0.0,0.0,0.0,0.0,0.0,1.0,0.0,0,genetics
FBOZXECLQNJBKD,severe aplastic anemia,1.0,0.0,1.0,0.0,0.0,0.0,1.0,0.0,0,genetics
FBOZXECLQNJBKD,juvenile idiopathic arthritis,0.0,0.0,0.0,0.0,0.0,0.0,1.0,0.0,0,genetics
VHRSUDSXCMQTMA,acute respiratory distress syndrome,0.0,0.0,0.0,0.0,0.0,0.3457606411416095,1.0,0.3457606411416095,0,genetics
VHRSUDSXCMQTMA,Influenza,0.0,0.0,0.0,0.0,0.0,0.0,1.0,0.0,0,genetics
VHRSUDSXCMQTMA,Acute Ischemic Stroke,0.0,0.0,0.0,0.0,0.0,0.0,1.0,0.0,0,genetics
VHRSUDSXCMQTMA,Multiple Sclerosis,0.0,0.0,0.0,0.0,0.0,0.0,0.8461538461538461,0.0,0,genetics
VHRSUDSXCMQTMA,Systemic Lupus Erythematosus,0.0,0.0,0.0,0.0,0.0,0.3124764299723732,0.5,0.3124764299723732,0,genetics
VHRSUDSXCMQTMA,Lupus Nephritis,0.0,0.0,0.0,0.0,0.0,0.0,1.0,0.0,0,genetics
VHRSUDSXCMQTMA,Carpal Tunnel Syndrome,0.0,0.0,0.0,0.0,0.0,0.0,1.0,0.0,0,genetics
VHRSUDSXCMQTMA,Diffuse Large B-Cell Lymphoma,0.0,0.0,0.0,-0.016770117166875084,-0.009264895548721999,0.016770117166875084,1.0,0.0,1,depmap
PLBHSZGDDKCEHR,Carpal Tunnel Syndrome,0.0,0.0,0.0,0.0,0.0,0.0,1.0,0.0,0,genetics
TTWJBBZEZQICBI,Gastroenteritis,0.0,0.0,0.0,0.0,0.0,0.0,1.0,0.0,0,genetics
IUBSYMUCCVWXPE,"Muscular Dystrophy, Duchenne",0.0,0.0,0.0,0.0,0.0,0.0,1.0,0.0,0,genetics
DYKFCLLONBREIL,Rheumatoid Arthritis,0.0,0.0,0.0,0.0,0.0,0.0,0.4,0.0,0,genetics
DYKFCLLONBREIL,intracerebral hemorrhage,0.0,0.0,0.0,0.0,0.0,0.0,1.0,0.0,0,genetics
DYKFCLLONBREIL,Ischaemic Stroke,0.0,0.0,0.0,0.0,0.0,0.0,1.0,0.0,0,genetics
PBAPPPCECJKMCM,ureteral stent-related symptoms,0.0,0.0,0.0,0.0,0.0,0.0,1.0,0.0,0,genetics
XAYGBKHKBBXDAK,Sickle Cell Disease,0.0,0.0,0.0,0.0,0.0,0.456115279178059,1.0,0.456115279178059,0,genetics
KKZJGLLVHKMTCM,Acute Myeloid Leukemia,0.0,0.0,0.0,-2.314612267788222,0.22137704331007368,2.314612267788222,0.8,0.0,1,depmap
BQJCRHHNABKAKU,"Pain, Postoperative",0.0,0.0,0.0,0.0,0.0,0.0,1.0,0.0,0,genetics
BQJCRHHNABKAKU,Pain Management,0.0,0.0,0.0,0.0,0.0,0.0,1.0,0.0,0,genetics
BQJCRHHNABKAKU,Pain,0.0,0.0,0.0,0.0,0.0,0.5236630062353352,0.8333333333333334,0.5236630062353352,0,genetics
RTGDFNSFWBGLEC,Graft-versus-host Disease (GVHD),0.0,0.0,0.0,0.0,0.0,0.0,1.0,0.0,0,genetics
RTGDFNSFWBGLEC,Graft-versus-host Disease,0.0,0.0,0.0,0.0,0.0,0.0,1.0,0.0,0,genetics
UZHSEJADLWPNLE,opioid use disorder,0.0,0.0,0.0,0.0,0.0,0.8551488348715596,1.0,0.8551488348715596,0,genetics
DQCKKXVULJGBQN,obesity,0.0,0.0,0.0,0.0,0.0,0.4396185366019365,0.5,0.4396185366019365,0,genetics
DQCKKXVULJGBQN,opioid dependence,0.0,0.0,0.0,0.0,0.0,0.0,1.0,0.0,0,genetics
ZBBHBTPTTSWHBA,Acute Ischemic Stroke,0.0,0.0,0.0,0.0,0.0,0.0,1.0,0.0,0,genetics
SNICXCGAKADSCV,nicotine dependence,0.0,0.0,0.0,0.0,0.0,0.8114041190865997,1.0,0.8114041190865997,0,genetics
HYIMSNHJOBLJNT,Preterm premature rupture of membranes,0.0,0.0,0.0,0.0,0.0,0.0,1.0,0.0,0,genetics
XZXHXSATPCNXJR,Systemic Sclerosis,0.0,0.0,0.0,0.0,0.0,0.0,1.0,0.0,0,genetics
PCHKPVIQAHNQLW,Cancer,0.0,0.18237923928348632,0.18237923928348632,0.0,0.0,0.6815463541165917,1.0,0.6815463541165917,0,genetics
PCHKPVIQAHNQLW,Neoplasms,0.0,0.0,0.0,0.0,0.0,0.0,1.0,0.0,0,genetics
YQNQNVDNTFHQSW,hepatic encephalopathy,0.0,0.0,0.0,0.0,0.0,0.0,1.0,0.0,0,genetics
VIKNJXKGJWUCNN,Endometriosis,0.0,0.0,0.0,0.0019205742360772224,-0.014815980696632956,0.5256683512342566,1.0,0.5256683512342566,1,genetics
IMONTRJLAWHYGT,Endometriosis,0.0,0.0,0.0,0.0019205742360772224,-0.014815980696632956,0.5256683512342566,1.0,0.5256683512342566,1,genetics
KVWDHTXUZHCGIO,Chemotherapy Induced Nausea and Vomiting,0.0,0.0,0.0,0.0,0.0,0.0,1.0,0.0,0,genetics
KVWDHTXUZHCGIO,Multiple Myeloma,0.0,0.0,0.0,0.0,0.0,0.0,1.0,0.0,0,genetics
FDLYAMZZIXQODN,Endometrial Cancer,0.0,0.0,0.0,-0.18685696513899464,0.022428073780887986,0.18685696513899464,0.75,0.0,1,depmap
SUBDBMMJDZJVOS,Breast Cancer,0.0,0.0,0.0,0.014031931373713868,0.020778221853816697,-0.014031931373713868,0.15384615384615385,0.0,1,depmap
FELGMEQIXOGIFQ,Gastroenteritis,0.0,0.0,0.0,0.0,0.0,0.0,1.0,0.0,0,genetics
XRVDGNKRPOAQTN,"Colitis, Ulcerative",0.0,0.0,0.0,0.0,0.0,0.0442216758816547,1.0,0.0442216758816547,0,genetics
RCINICONZNJXQF,Endometrial Cancer,0.0,0.0,0.0,-1.7999085372905892,0.1554867162697675,1.7999085372905892,1.0,0.0,1,depmap
RCINICONZNJXQF,Non-Small Cell Lung Cancer,0.0,0.0,0.0,-1.7482893083390767,0.20710594522128,1.7482893083390767,1.0,0.0,1,depmap
RCINICONZNJXQF,Metastatic Pancreatic Cancer,0.0,0.0,0.0,-1.733920274771001,0.22147497878935574,1.733920274771001,0.5,0.0,1,depmap
RCINICONZNJXQF,Bladder Cancer,0.0,0.0,0.0,0.0,0.0,0.0,1.0,0.0,0,genetics
RCINICONZNJXQF,Metastatic Pancreatic Ductal Adenocarcinoma,0.0,0.0,0.0,-1.733920274771001,0.22147497878935574,1.733920274771001,0.0,0.0,1,depmap
RCINICONZNJXQF,Pancreatic Cancer,0.0,0.0,0.0,-1.733920274771001,0.22147497878935574,1.733920274771001,0.8333333333333334,0.0,1,depmap
RCINICONZNJXQF,"Carcinoma, Non-Small-Cell Lung",0.0,0.0,0.0,-1.7482893083390767,0.20710594522128,1.7482893083390767,1.0,0.0,1,depmap
RCINICONZNJXQF,Cancer,0.0,0.0,0.0,0.0,0.0,0.4779125267362147,1.0,0.4779125267362147,0,genetics
RCINICONZNJXQF,SCLC,0.0,0.0,0.0,0.0,0.0,0.0,1.0,0.0,0,genetics
RCINICONZNJXQF,Neoplasms,0.0,0.0,0.0,0.0,0.0,0.0,1.0,0.0,0,genetics
RCINICONZNJXQF,Urothelial Carcinoma,0.0,0.0,0.0,0.0,0.0,0.0,0.5,0.0,0,genetics
RCINICONZNJXQF,Advanced Endometrial Cancer,0.0,0.0,0.0,-1.7999085372905892,0.1554867162697675,1.7999085372905892,1.0,0.0,1,depmap
WBXPDJSOTKVWSJ,Non-Small Cell Lung Cancer,0.0,0.0,0.0,-0.9446053657300832,-0.1251255823195463,0.9446053657300832,1.0,0.0,1,depmap
WBXPDJSOTKVWSJ,"Carcinoma, Non-Small-Cell Lung",0.0,0.0,0.0,-0.9446053657300832,-0.1251255823195463,0.9446053657300832,1.0,0.0,1,depmap
WBXPDJSOTKVWSJ,Cancer,0.0,0.7018351466212964,0.7018351466212964,0.0,0.0,0.7018351466212964,1.0,0.7018351466212964,0,genetics
WBXPDJSOTKVWSJ,Neoplasms,0.0,0.0,0.0,0.0,0.0,0.0,1.0,0.0,0,genetics
SONNWYBIRXJNDC,Acute Ischemic Stroke,0.0,0.0,0.0,0.0,0.0,0.0,1.0,0.0,0,genetics
QYSPLQLAKJAUJT,contraception,0.0,0.0,0.0,0.0,0.0,0.0,1.0,0.0,0,genetics
OIGNJSKKLXVSLS,Follicular Lymphoma,0.0,0.0,0.0,-0.016770117166875084,-0.009264895548721999,0.016770117166875084,0.0,0.0,1,depmap
OIGNJSKKLXVSLS,acute respiratory distress syndrome,0.0,0.0,0.0,0.0,0.0,0.3457606411416095,1.0,0.3457606411416095,0,genetics
OIGNJSKKLXVSLS,Glaucoma,0.0,0.0,0.0,0.0,0.0,0.0,1.0,0.0,0,genetics
OIGNJSKKLXVSLS,Influenza,0.0,0.0,0.0,0.0,0.0,0.0,1.0,0.0,0,genetics
OIGNJSKKLXVSLS,"Glomerulonephritis, IGA",0.0,0.0,0.0,0.0,0.0,0.0,1.0,0.0,0,genetics
OIGNJSKKLXVSLS,Acute Ischemic Stroke,0.0,0.0,0.0,0.0,0.0,0.0,1.0,0.0,0,genetics
OIGNJSKKLXVSLS,Multiple Sclerosis,0.0,0.0,0.0,0.0,0.0,0.0,0.8461538461538461,0.0,0,genetics
OIGNJSKKLXVSLS,Prostate Cancer,0.0,0.0,0.0,-0.14926338368421263,-0.14175816206605954,0.14926338368421263,0.35714285714285715,0.2279740491043579,1,depmap
OIGNJSKKLXVSLS,Systemic Lupus Erythematosus,0.0,0.0,0.0,0.0,0.0,0.3124764299723732,0.5,0.3124764299723732,0,genetics
OIGNJSKKLXVSLS,Lupus Nephritis,0.0,0.0,0.0,0.0,0.0,0.0,1.0,0.0,0,genetics
OIGNJSKKLXVSLS,Carpal Tunnel Syndrome,0.0,0.0,0.0,0.0,0.0,0.0,1.0,0.0,0,genetics
OIGNJSKKLXVSLS,Chronic Graft Versus Host Disease,0.0,0.0,0.0,0.0,0.0,0.0,1.0,0.0,0,genetics
OIGNJSKKLXVSLS,Diffuse Large B-Cell Lymphoma,0.0,0.0,0.0,-0.016770117166875084,-0.009264895548721999,0.016770117166875084,1.0,0.0,1,depmap
LRJOMUJRLNCICJ,Carpal Tunnel Syndrome,0.0,0.0,0.0,0.0,0.0,0.0,1.0,0.0,0,genetics
XOFYZVNMUHMLCC,Follicular Lymphoma,0.0,0.0,0.0,-0.016770117166875084,-0.009264895548721999,0.016770117166875084,0.0,0.0,1,depmap
XOFYZVNMUHMLCC,giant cell arteritis,0.0,0.0,0.0,0.0,0.0,0.0,1.0,0.0,0,genetics
XOFYZVNMUHMLCC,Multiple Myeloma,0.0,0.0,0.0,0.0,0.0,0.0,1.0,0.0,0,genetics
XOFYZVNMUHMLCC,Diffuse Large B-Cell Lymphoma,0.0,0.0,0.0,-0.016770117166875084,-0.009264895548721999,0.016770117166875084,1.0,0.0,1,depmap
XOFYZVNMUHMLCC,Chronic Graft Versus Host Disease,0.0,0.0,0.0,0.0,0.0,0.0,1.0,0.0,0,genetics
MVFGUOIZUNYYSO,"Infertility, Female",0.0,0.0,0.0,0.0,0.0,0.3111997752973888,1.0,0.3111997752973888,0,genetics
WIKYUJGCLQQFNW,migraine,0.0,0.0,0.0,0.0,0.0,0.0,1.0,0.0,0,genetics
GZUITABIAKMVPG,Breast Cancer,1.0,0.27820844960907676,1.0,-0.33033499306052333,-0.2774030028172715,0.33033499306052333,0.7307692307692307,0.8496114818642673,1,depmap
RHXHGRAEPCAFML,Metastatic Breast Cancer,0.0,0.0,0.0,-1.1502225213990958,-0.4191460666509885,1.1502225213990958,0.8181818181818182,0.8699743018321302,1,depmap
RHXHGRAEPCAFML,Early Breast Cancer,0.0,0.0,0.0,-1.1502225213990958,-0.4191460666509885,1.1502225213990958,0.0,0.8699743018321302,1,depmap
FTALBRSUTCGOEG,Amyotrophic Lateral Sclerosis,0.0,0.0,0.0,0.0,0.0,0.552705146459485,1.0,0.552705146459485,0,genetics
KGFYHTZWPPHNLQ,Behcet syndrome,0.0,0.0,0.0,0.0,0.0,0.0,1.0,0.0,0,genetics
XSVMFMHYUFZWBK,Alzheimer disease,0.0,0.0,0.0,0.0,0.0,0.0,1.0,0.0,0,genetics
MNDBXUUTURYVHR,plaque psoriasis,0.0,0.0,0.0,0.0,0.0,0.1475191485167843,1.0,0.1475191485167843,0,genetics
MNDBXUUTURYVHR,"Depressive Disorder, Major",0.0,0.0,0.0,0.0,0.0,0.6471491402398376,1.0,0.6471491402398376,0,genetics
ZKMNUMMKYBVTFN,Chronic pain,0.0,0.0,0.0,0.0,0.0,0.0,1.0,0.0,0,genetics
KFQYTPMOWPVWEJ,Alzheimer disease,0.0,0.0,0.0,0.0,0.0,0.0,1.0,0.0,0,genetics
HMABYWSNWIZPAG,Cancer,0.0,0.18237923928348632,0.18237923928348632,0.0,0.0,0.6815463541165917,1.0,0.6815463541165917,0,genetics
HFNKQEVNSGCOJV,myelofibrosis,1.0,0.0,1.0,0.0,0.0,0.607930797611621,1.0,0.607930797611621,0,genetics
DEVSOMFAQLZNKR,myelofibrosis,0.0,0.0,0.0,0.0,0.0,0.0,0.0,0.0,0,genetics
DEVSOMFAQLZNKR,Endometrial Cancer,0.0,0.0,0.0,-1.8902836463964447,0.25196010421211334,1.8902836463964447,1.0,0.6839221473130737,1,depmap
DEVSOMFAQLZNKR,Acute Myeloid Leukemia,0.0,0.0,0.0,-2.309642253003175,-0.16739850239461695,2.309642253003175,0.8,0.4559480982087158,1,depmap
RYMZZMVNJRMUDD,Primary Sclerosing Cholangitis,0.0,0.0,0.0,0.0,0.0,0.0,0.0,0.0,0,genetics
RYMZZMVNJRMUDD,Cirrhosis,0.0,0.0,0.0,0.0,0.0,0.0,1.0,0.0,0,genetics
MFFMDFFZMYYVKS,Type 1 Diabetes,0.0,0.0,0.0,0.0,0.0,0.846742479705901,1.0,0.846742479705901,0,genetics
FBOUYBDGKBSUES,ureteral stent-related symptoms,0.0,0.0,0.0,0.0,0.0,0.0,1.0,0.0,0,genetics
LXMSZDCAJNLERA,Rheumatoid Arthritis,0.0,0.0,0.0,0.0,0.0,0.0,0.4,0.0,0,genetics
LXMSZDCAJNLERA,Heart Failure With Preserved Ejection Fraction,0.0,0.0,0.0,0.0,0.0,0.0,1.0,0.0,0,genetics
GGCSSNBKKAUURC,Pain Management,0.0,0.0,0.0,0.0,0.0,0.0,1.0,0.0,0,genetics
NCEXYHBECQHGNR,Rheumatoid Arthritis,0.0,0.0,0.0,0.0,0.0,0.2645714831205775,0.5,0.2645714831205775,0,genetics
NCEXYHBECQHGNR,Metastatic Colorectal Cancer,0.0,0.0,0.0,-0.04199173803808508,0.061680530430540614,0.04199173803808508,0.0,0.0,1,depmap
WINHZLLDWRZWRT,Cancer,0.0,0.9915036892274586,0.9915036892274586,0.0,0.0,0.9701286179166936,1.0,0.9701286179166936,0,genetics
WINHZLLDWRZWRT,renal cell carcinoma,0.0,0.0,0.0,-0.19830595276128432,-0.0008794337298736188,0.19830595276128432,1.0,0.6517524759394587,1,depmap
WINHZLLDWRZWRT,GIST,0.0,0.0,0.0,0.0,0.0,0.908559202751775,1.0,0.908559202751775,0,genetics
JYTNQNCOQXFQPK,insomnia,0.0,0.0,0.0,0.0,0.0,0.0,0.75,0.0,0,genetics
WOXKDUGGOYFFRN,erectile dysfunction,0.0,0.0,0.0,0.0,0.0,0.0,1.0,0.0,0,genetics
WOXKDUGGOYFFRN,Duchenne Muscular Dystrophy,0.0,0.0,0.0,0.0,0.0,0.0,0.8571428571428571,0.0,0,genetics
HWGQMRYQVZSGDQ,Prostate Cancer,0.0,0.0,0.0,-0.2448589443743246,-0.03557390545444197,0.2448589443743246,0.5714285714285714,0.0,1,depmap
NKANXQFJJICGDU,hot flashes,0.0,0.0,0.0,0.0,0.0,0.0,1.0,0.0,0,genetics
NKANXQFJJICGDU,Infertility,0.0,0.0,0.0,0.0,0.0,0.8203188616692642,0.0,0.8203188616692642,0,genetics
NKANXQFJJICGDU,Diffuse Large B Cell Lymphoma,0.0,0.0,0.0,-0.0344851096508971,0.018446880592354768,0.0344851096508971,0.0,0.0,1,depmap
DRHKJLXJIQTDTD,ureteral stent-related symptoms,0.0,0.0,0.0,0.0,0.0,0.0,1.0,0.0,0,genetics
ZISJNXNHJRQYJO,Atopic Dermatitis,0.0,0.0,0.0,0.0,0.0,0.0,1.0,0.0,0,genetics
UEJJHQNACJXSKW,Multiple Myeloma,0.0,0.0,0.0,0.0,0.0,0.4255515583281347,1.0,0.4255515583281347,0,genetics
UEJJHQNACJXSKW,Hepatocellular Carcinoma,0.0,0.0,0.0,-2.105103306048326,-0.0041194802907282835,2.105103306048326,1.0,0.0,1,depmap
OEKWJQXRCDYSHL,Ischemic Stroke,0.0,0.0,0.0,0.0,0.0,0.0,1.0,0.0,0,genetics
KJADKKWYZYXHBB,migraine,1.0,0.0,1.0,0.0,0.0,0.8777332696704853,1.0,0.8777332696704853,0,genetics
UCFGDBYHRUNTLO,SCLC,0.0,0.0,0.0,0.0,0.0,0.3039653988058105,1.0,0.3039653988058105,0,genetics
XFCLJVABOIYOMF,Breast Cancer,1.0,0.27820844960907676,1.0,-0.33033499306052333,-0.2774030028172715,0.33033499306052333,0.7307692307692307,0.8496114818642673,1,depmap
GYDJEQRTZSCIOI,postpartum hemorrhage,0.0,0.0,0.0,0.0,0.0,0.0,1.0,0.0,0,genetics
GYDJEQRTZSCIOI,melasma,0.0,0.0,0.0,0.0,0.0,0.0,1.0,0.0,0,genetics
GYDJEQRTZSCIOI,Chronic Subdural Hematomas,0.0,0.0,0.0,0.0,0.0,0.0,1.0,0.0,0,genetics
GYDJEQRTZSCIOI,anemia,0.0,0.0,0.0,0.0,0.0,0.1566260612174723,0.2,0.1566260612174723,0,genetics
GYDJEQRTZSCIOI,Sepsis,0.0,0.0,0.0,0.0,0.0,0.0,1.0,0.0,0,genetics
MKPLKVHSHYCHOC,Glaucoma,0.0,0.0,0.0,0.0,0.0,0.0,1.0,0.0,0,genetics
PDGKHKMBHVFCMG,Bladder Cancer,0.0,0.0,0.0,0.0,0.0,0.6205960225618631,1.0,0.6205960225618631,0,genetics
FVTWTVQXNAJTQP,COPD,0.0,0.0,0.0,0.0,0.0,0.4341160287393241,1.0,0.4341160287393241,0,genetics
WYQFJHHDOKWSHR,Vitiligo,0.0,0.0,0.0,0.0,0.0,0.0,1.0,0.0,0,genetics
WYQFJHHDOKWSHR,"Colitis, Ulcerative",0.0,0.0,0.0,0.0,0.0,0.2547837972790304,1.0,0.2547837972790304,0,genetics
WYQFJHHDOKWSHR,juvenile idiopathic arthritis,0.0,0.0,0.0,0.0,0.0,0.0,1.0,0.0,0,genetics
WYQFJHHDOKWSHR,Systemic Lupus Erythematosus,0.0,0.0,0.0,0.0,0.0,0.2541150734016576,0.5,0.2541150734016576,0,genetics
WYQFJHHDOKWSHR,Alopecia Areata,0.0,0.0,0.0,0.0,0.0,0.0,1.0,0.0,0,genetics
GPXBXXGIAQBQNI,Cancer,1.0,0.8943949971591182,1.0,0.0,0.0,0.9726022357806164,1.0,0.9726022357806164,0,genetics
GPXBXXGIAQBQNI,Non-Small Cell Lung Cancer,1.0,0.8770541811791724,1.0,-0.06425449865112526,0.11537772884284783,0.06425449865112526,0.0,0.8742075192829799,1,depmap
LQBVNQSMGBZMKD,"Leukemia, Myeloid, Acute",0.0,0.0,0.0,-0.2610540909570298,-0.22487235594580582,0.2610540909570298,0.0,0.0,1,depmap
LQBVNQSMGBZMKD,Cancer,0.0,0.0,0.0,0.0,0.0,0.9693376753302496,1.0,0.9693376753302496,0,genetics
DJXRIQMCROIRCZ,obesity,1.0,0.3742151798631534,1.0,0.0,0.0,0.3742151798631534,0.5,0.3742151798631534,0,genetics
DJXRIQMCROIRCZ,Neurogenic Detrusor Overactivity,0.0,0.0,0.0,0.0,0.0,0.0,1.0,0.0,0,genetics
OGWKCGZFUXNPDA,Follicular Lymphoma,0.0,0.0,0.0,-2.2647044345202,-0.30930918095984317,2.2647044345202,1.0,0.0,1,depmap
OGWKCGZFUXNPDA,Diffuse Large B-Cell Lymphoma,0.0,0.0,0.0,-2.2647044345202,-0.30930918095984317,2.2647044345202,1.0,0.0,1,depmap
RNOAOAWBMHREKO,Mantle Cell Lymphoma,0.0,0.0,0.0,-0.12782927447705325,-0.11713577377976685,0.12782927447705325,0.0,0.4559480982087158,1,depmap
RNOAOAWBMHREKO,Diffuse Large B-Cell Lymphoma,0.0,0.0,0.0,-0.12782927447705325,-0.11713577377976685,0.12782927447705325,1.0,0.5288997939221103,1,depmap
