IK14,Disease,topo_upstream,topo_downstream,topo_net,topo_outdeg,kegg_shared,kegg_frac,ot_genetic_association,ot_genetic_literature,ot_somatic_mutation,ot_affected_pathway,ot_animal_model,ot_rna_expression,clingen,in_module,coverage_disease,coverage_drug,direct_target_max,direct_target_mean,direct_target_n_engaged_05,direct_target_n_genes_matched
OZOGDCZJYVSUBR,Ulcerative Colitis,0.0,0.1,-0.1,0.5,1,0.25,0.0,0.0,0.0,0.0,0.0,0.0,0,0,1,1,0.1658549,0.082728971,0.0,10
WPEWQEMJFLWMLV,Breast Cancer,0.6333333333333333,0.5666666666666667,0.06666666666666667,14.0,13,1.0,0.0,0.0,0.5972122684134183,0.0,0.0,0.0,5,0,1,1,0.42877072,0.11746633866,0.0,10
WPEWQEMJFLWMLV,Gastric Cancer,0.6,0.4666666666666667,0.13333333333333333,14.0,13,1.0,0.0,0.0,0.6490927786999079,0.0,0.0,0.0,5,1,1,1,0.5397651,0.18405931866,1.0,10
WPEWQEMJFLWMLV,Hepatocellular Carcinoma,0.8,0.6333333333333333,0.16666666666666666,14.0,13,1.0,0.18237923928348632,0.0,0.4559480982087158,0.0,0.0,0.0,5,1,1,1,0.6228061,0.276877557,2.0,10
WPEWQEMJFLWMLV,Ovarian Cancer,0.5333333333333333,0.5,0.03333333333333333,14.0,13,1.0,0.0,0.0,0.8326304121973805,0.0,0.0,0.0,5,0,1,1,0.24760655,0.09430729360000001,0.0,10
KJNNWYBAOPXVJY,COVID-19,0.0,0.36666666666666664,-0.36666666666666664,1.0,2,0.2857142857142857,0.0,0.0,0.0,0.0,0.0,0.0,0,0,1,1,0.35190406,0.16760398510000002,0.0,10
BZZKEPGENYLQSC,psoriasis,0.3333333333333333,0.26666666666666666,0.06666666666666667,17.0,17,1.0,0.9208875026052057,0.0,0.0,0.0,0.0,0.0,0,1,1,1,0.9793623,0.11322984579999999,1.0,10
BZZKEPGENYLQSC,Systemic Lupus Erythematosus,0.3,0.3333333333333333,-0.03333333333333333,17.0,17,1.0,0.8696757427787593,0.0,0.0,0.0,0.0,0.0,0,1,1,1,0.13877308,0.046215189930000004,0.0,10
BZZKEPGENYLQSC,plaque psoriasis,0.3,0.3333333333333333,-0.03333333333333333,17.0,17,1.0,0.8591321708763696,0.0,0.0,0.0,0.0,0.0,0,1,1,1,0.9793623,0.10394065893,1.0,10
GXJABQQUPOEUTA,Multiple Myeloma,0.0,0.0,0.0,0.0,8,1.0,0.0,0.0,0.0,0.0,0.0,0.027294298277273005,0,1,1,1,0.28652638,0.11774461219999999,0.0,10
BSMCAPRUBJMWDF,Cancer,1.0,0.7,0.3,17.0,90,0.9782608695652174,0.5582805231246977,0.0,0.9740920971010244,0.9672292380155436,0.0,0.0,5,0,1,1,0.0,0.0,0.0,10
BSMCAPRUBJMWDF,Non-Small Cell Lung Cancer,0.8,0.7,0.1,17.0,89,0.967391304347826,0.5592963338026914,0.0,0.6893009908072479,0.0,0.0,0.0,5,0,1,1,0.0,0.0,0.0,10
VFLDPWHFBUODDF,Osteoarthritis,0.0,0.0,0.0,0.0,0,0.0,0.0,0.0,0.0,0.0,0.0,0.0,0,0,1,0,0.56805855,0.2974813016,2.0,10
VFLDPWHFBUODDF,oral submucous fibrosis,0.0,0.0,0.0,0.0,0,0.0,0.0,0.0,0.0,0.0,0.0,0.0,0,0,1,0,0.45606065,0.18998005229999998,0.0,10
AFLFKFHDSCQHOL,primary biliary cirrhosis,0.0,0.0,0.0,9.0,0,0.0,0.0,0.0,0.0,0.0,0.0,0.0,0,0,0,1,,,,0
AFLFKFHDSCQHOL,Primary Sclerosing Cholangitis,0.0,0.5,-0.5,9.0,10,0.7142857142857143,0.0,0.0,0.0,0.0,0.0,0.0,0,0,1,1,0.3831767,0.12283815436999998,0.0,10
KZFFYEPYCVDOGE,Sickle Cell Disease,0.0,0.0,0.0,0.0,9,1.0,0.0,0.0,0.0,0.0,0.456115279178059,0.0,5,1,1,1,0.0,0.0,0.0,10
RHGKLRLOHDJJDR,Sickle Cell Disease,0.0,0.0,0.0,0.0,0,0.0,0.0,0.0,0.0,0.0,0.0,0.0,0,0,1,0,0.22294734,0.1145139996,0.0,10
AHJRHEGDXFFMBM,Metastatic Breast Cancer,0.7333333333333333,0.6666666666666666,0.06666666666666667,17.333333333333332,49,0.9607843137254902,0.40465890500366697,0.0,0.8699743018321302,0.43002592936960776,0.0,0.0,5,1,1,1,0.16966029,0.04621522354,0.0,10
AHJRHEGDXFFMBM,Advanced Breast Cancer,0.7333333333333333,0.6666666666666666,0.06666666666666667,17.333333333333332,49,0.9607843137254902,0.40465890500366697,0.0,0.8699743018321302,0.43002592936960776,0.0,0.0,5,1,1,1,0.16966029,0.04621522354,0.0,10
LCFFREMLXLZNHE,immune thrombocytopenia,0.36666666666666664,0.23333333333333334,0.13333333333333333,26.0,7,1.0,0.0,0.0,0.0,0.0,0.0,0.0,5,1,1,1,0.97300345,0.10787241880000001,1.0,10
LCFFREMLXLZNHE,Sickle Cell Disease,0.3333333333333333,0.2,0.13333333333333333,26.0,1,0.14285714285714285,0.0,0.0,0.0,0.0,0.0,0.0,5,0,1,1,0.062188424,0.011580276740000001,0.0,10
MLDQJTXFUGDVEO,Hepatocellular Carcinoma,0.8666666666666667,0.7666666666666667,0.1,20.0,59,1.0,0.18237923928348632,0.0,0.5319394479101685,0.0,0.0,0.0,5,1,1,1,0.9428679,0.6735312615,8.0,10
JZRWCGZRTZMZEH,Heart Failure,0.0,0.0,0.0,0.0,0,0.0,0.0,0.0,0.0,0.0,0.0,0.0,0,0,1,0,0.35770872,0.19876812279999997,0.0,10
UZWDCWONPYILKI,Breast Cancer,0.7333333333333333,0.6666666666666666,0.06666666666666667,24.0,29,1.0,0.0,0.0,0.8699743018321302,0.3981682350153665,0.0,0.0,5,1,1,1,0.1955114,0.0532570302,0.0,10
UZWDCWONPYILKI,Metastatic Breast Cancer,0.7333333333333333,0.6666666666666666,0.06666666666666667,24.0,29,1.0,0.0,0.0,0.8699743018321302,0.3981682350153665,0.0,0.0,5,1,1,1,0.1955114,0.0532570302,0.0,10
UZWDCWONPYILKI,Prostate Cancer,0.6666666666666666,0.43333333333333335,0.23333333333333334,24.0,27,0.9310344827586207,0.0,0.0,0.7219178221638001,0.0,0.0,0.0,5,0,1,1,0.1955114,0.026299824500000003,0.0,10
UZWDCWONPYILKI,Advanced Breast Cancer,0.7333333333333333,0.6666666666666666,0.06666666666666667,24.0,29,1.0,0.0,0.0,0.8699743018321302,0.3981682350153665,0.0,0.0,5,1,1,1,0.1955114,0.0532570302,0.0,10
UVIQSJCZCSLXRZ,Prostate Cancer Metastatic,0.0,0.2,-0.2,0.0,6,1.0,0.0,0.0,0.0,0.7599134970145264,0.0,0.0,0,1,1,1,0.524916,0.1272685023,1.0,10
UVIQSJCZCSLXRZ,Metastatic Prostate Cancer,0.0,0.23333333333333334,-0.23333333333333334,0.0,6,1.0,0.0,0.0,0.0,0.0,0.0,0.0,0,1,1,1,0.92830515,0.389190654,1.0,10
WDENQIQQYWYTPO,Mantle Cell Lymphoma,0.3333333333333333,0.16666666666666666,0.16666666666666666,26.0,7,1.0,0.0,0.0,0.4559480982087158,0.607930797611621,0.0,0.0,5,1,1,1,0.9676359,0.1771121571,1.0,10
WDENQIQQYWYTPO,Diffuse Large B-Cell Lymphoma,0.6666666666666666,0.4,0.26666666666666666,26.0,5,0.7142857142857143,0.0,0.0,0.5288997939221103,0.0,0.0,0.0,5,0,1,1,0.15278403,0.0565440248,0.0,10
RZVAJINKPMORJF,Headache,0.36666666666666664,0.5,-0.13333333333333333,2.0,26,1.0,0.0,0.0,0.0,0.0,0.0,0.0,2,1,1,1,0.48970565,0.2700311744,0.0,10
RZVAJINKPMORJF,Acute Pain,0.36666666666666664,0.3333333333333333,0.03333333333333333,2.0,26,1.0,0.0,0.0,0.0,0.0,0.0,0.0,2,1,1,1,0.57460314,0.27037116699999997,1.0,10
RZVAJINKPMORJF,Systemic Lupus Erythematosus,0.3333333333333333,0.36666666666666664,-0.03333333333333333,2.0,11,0.4230769230769231,0.0,0.0,0.0,0.0,0.0,0.0,2,0,1,1,0.6205071,0.38272756960000004,3.0,10
RZVAJINKPMORJF,Lupus Nephritis,0.23333333333333334,0.3333333333333333,-0.1,2.0,26,1.0,0.0,0.0,0.0,0.0,0.0,0.0,2,1,1,1,0.6205071,0.36381868,1.0,10
PWKSKIMOESPYIA,autism spectrum disorder,0.0,0.0,0.0,0.0,0,0.0,0.0,0.0,0.0,0.0,0.0,0.0,0,0,1,0,0.18668482,0.0844729754,0.0,10
PWKSKIMOESPYIA,Tuberculosis,0.0,0.0,0.0,0.0,0,0.0,0.0,0.0,0.0,0.0,0.0,0.0,0,0,1,0,0.36485866,0.142313938,0.0,10
LZCDAPDGXCYOEH,acne vulgaris,0.3333333333333333,0.43333333333333335,-0.1,19.666666666666668,8,1.0,0.0,0.0,0.0,0.0,0.0,0.0,5,1,1,1,0.85504204,0.386832384,4.0,10
UAHFGYDRQSXQEB,Vitiligo,0.26666666666666666,0.0,0.26666666666666666,3.0,2,0.6666666666666666,0.26134241462395247,0.0,0.0,0.0,0.47367603574573475,0.0,0,0,1,1,0.8337772,0.37283183099999995,4.0,10
ULXXDDBFHOBEHA,Non-Small Cell Lung Cancer,0.8666666666666667,0.7666666666666667,0.1,80.5,53,1.0,0.9336832402296186,0.607930797611621,0.9409039510472654,0.9580964074361958,0.0,0.0,5,1,1,1,0.90311384,0.4701173134,5.0,10
NDAUXUAQIAJITI,asthma,0.26666666666666666,0.6,-0.3333333333333333,18.0,11,1.0,0.0,0.0,0.0,0.0,0.0,0.016957668054408362,0,1,1,1,0.98190224,0.14881116906,1.0,10
KDGFLJKFZUIJMX,"Carcinoma, Non-Small-Cell Lung",0.0,0.0,0.0,16.0,0,0.0,0.0,0.0,0.0,0.0,0.0,0.0,5,0,0,1,,,,0
KDGFLJKFZUIJMX,Non-Small Cell Lung Cancer,0.7,0.4666666666666667,0.23333333333333334,16.0,3,1.0,0.0,0.0,0.8786863375545856,0.979400228199195,0.0,0.0,5,1,1,1,0.7840223,0.2108752096,1.0,10
KDGFLJKFZUIJMX,Cancer,0.9,0.5666666666666667,0.3333333333333333,16.0,3,1.0,0.6866779847710189,0.0,0.9090341878652181,0.9800733135045633,0.43303079583541776,0.0,5,0,1,1,0.3797465,0.1405222733,0.0,10
OFCNXPDARWKPPY,Depression,0.0,0.0,0.0,0.0,1,0.16666666666666666,0.0,0.0,0.0,0.0,0.0,0.0,0,0,1,1,0.39333808,0.198803106,0.0,10
YBBLVLTVTVSKRW,Breast Cancer,0.0,0.4666666666666667,-0.4666666666666667,0.0,1,0.3333333333333333,0.0,0.0,0.0,0.0,0.0,0.0,0,0,1,1,0.37697268,0.0889566567,0.0,10
YBBLVLTVTVSKRW,Advanced Breast Cancer,0.0,0.4666666666666667,-0.4666666666666667,0.0,1,0.3333333333333333,0.0,0.0,0.0,0.0,0.0,0.0,0,0,1,1,0.37697268,0.0889566567,0.0,10
QNZCBYKSOIHPEH,Deep Vein Thrombosis,0.06666666666666667,0.13333333333333333,-0.06666666666666667,7.0,1,1.0,0.0,0.0,0.0,0.0,0.0,0.0,5,1,1,1,0.98493373,0.43874244090000003,4.0,10
QNZCBYKSOIHPEH,atrial fibrillation,0.0,0.03333333333333333,-0.03333333333333333,7.0,1,1.0,0.052142484500835654,0.0,0.0,0.0,0.0,0.0,5,1,1,1,0.1405221,0.0648503993,0.0,10
IMOZEMNVLZVGJZ,Psoriatic Arthritis,0.3333333333333333,0.26666666666666666,0.06666666666666667,0.25,5,1.0,0.0,0.0,0.0,0.0,0.0,0.0,0,1,1,1,0.54789764,0.196642202,1.0,10
XUKUURHRXDUEBC,Prostate Cancer,0.0,0.13333333333333333,-0.13333333333333333,0.0,1,0.25,0.0,0.0,0.0,0.0,0.0,0.0,3,0,1,1,0.86816823,0.1500278411,1.0,10
XUKUURHRXDUEBC,schizophrenia,0.0,0.06666666666666667,-0.06666666666666667,0.0,1,0.25,0.0,0.0,0.0,0.0,0.0,0.0,3,0,1,1,0.65713567,0.1572941517,1.0,10
XUKUURHRXDUEBC,Ischemic Stroke,0.0,0.1,-0.1,0.0,4,1.0,0.0,0.0,0.0,0.0,0.0,0.0,3,1,1,1,0.8025295,0.24388620110000003,2.0,10
YXSLJKQTIDHPOT,Muscle Relaxation,0.0,0.0,0.0,0.0,0,0.0,0.0,0.0,0.0,0.0,0.0,0.0,5,0,0,1,,,,0
NMUSYJAQQFHJEW,"Leukemia, Myeloid, Acute",0.0,0.0,0.0,0.5,0,0.0,0.0,0.0,0.0,0.0,0.0,0.0,5,0,1,1,0.59535587,0.43030332000000004,1.0,2
NMUSYJAQQFHJEW,Myelodysplastic Syndromes,0.0,0.23333333333333334,-0.23333333333333334,0.5,4,1.0,0.0,0.0,0.607930797611621,0.0,0.0,0.0,5,1,1,1,0.4892128,0.22293116529999998,0.0,10
LMEKQMALGUDUQG,Rheumatoid Arthritis,0.0,0.13333333333333333,-0.13333333333333333,0.0,3,1.0,0.0,0.0,0.0,0.0,0.0,0.0,0,1,1,1,0.65310276,0.25129088,1.0,10
XUZMWHLSFXCVMG,Uveitis,0.5666666666666667,0.36666666666666664,0.2,50.0,38,1.0,0.0,0.0,0.0,0.0,0.0,0.0,5,1,1,1,0.1932755,0.11438096949999998,0.0,10
XUZMWHLSFXCVMG,"Diabetes Mellitus, Type 1",0.6,0.43333333333333335,0.16666666666666666,50.0,29,0.7631578947368421,0.0,0.0,0.0,0.0,0.0,0.017371178142363813,5,0,1,1,0.30194637,0.12566267809999998,0.0,10
XUZMWHLSFXCVMG,pneumonia,0.4666666666666667,0.3333333333333333,0.13333333333333333,50.0,34,0.8947368421052632,0.6778268833972223,0.0,0.0,0.0,0.0,0.0,5,1,1,1,0.92733294,0.15435157325999999,1.0,10
YTKUWDBFDASYHO,Follicular Lymphoma,0.0,0.0,0.0,0.0,0,0.0,0.0,0.0,0.0,0.0,0.0,0.0,0,0,1,0,0.22586878,0.08775328889999999,0.0,10
YTKUWDBFDASYHO,Chronic Lymphocytic Leukemia,0.0,0.0,0.0,0.0,0,0.0,0.0,0.0,0.0,0.0,0.0,0.0,0,0,1,0,0.1976093,0.07626175649999999,0.0,10
YTKUWDBFDASYHO,Hodgkin Lymphoma,0.0,0.0,0.0,0.0,0,0.0,0.0,0.0,0.0,0.0,0.0,0.0,0,0,1,0,0.19881703,0.0992052135,0.0,10
YTKUWDBFDASYHO,Mantle Cell Lymphoma,0.0,0.0,0.0,0.0,0,0.0,0.0,0.0,0.0,0.0,0.0,0.0,0,0,1,0,0.22964731,0.071146796174,0.0,10
YBHILYKTIRIUTE,Hyperlipidemia,0.0,0.0,0.0,0.0,0,0.0,0.0,0.0,0.0,0.0,0.0,0.0,0,0,1,0,0.49947315,0.1844563686,0.0,10
UREBDLICKHMUKA,allergic rhinitis,0.0,0.0,0.0,16.0,0,0.0,0.0,0.0,0.0,0.0,0.0,0.0,0,0,0,1,,,,0
UREBDLICKHMUKA,Chronic pain,0.3,0.16666666666666666,0.13333333333333333,16.0,1,1.0,0.0,0.0,0.0,0.0,0.0,0.0,0,0,1,1,0.5852476,0.1443398224,1.0,10
MAEIEVLCKWDQJH,Cirrhosis,0.0,0.0,0.0,0.0,0,0.0,0.0,0.0,0.0,0.0,0.0,0.0,5,0,1,1,0.5219308,0.24892927599999998,1.0,10
LEBVLXFERQHONN,atrial fibrillation,0.0,0.0,0.0,0.0,0,0.0,0.0,0.0,0.0,0.0,0.0,0.0,5,0,1,1,0.59826064,0.33886279799999997,1.0,10
LEBVLXFERQHONN,Lung Cancer,0.0,0.4666666666666667,-0.4666666666666667,0.0,0,0.0,0.0,0.0,0.0,0.0,0.0,0.0,5,0,1,1,0.25007415,0.11098153290000001,0.0,10
LEBVLXFERQHONN,Stroke,0.0,0.06666666666666667,-0.06666666666666667,0.0,0,0.0,0.0,0.0,0.0,0.0,0.0,0.0,5,0,1,1,0.28519168,0.1609989227,0.0,10
LEBVLXFERQHONN,Breast Cancer,0.0,0.4666666666666667,-0.4666666666666667,0.0,0,0.0,0.0,0.0,0.0,0.0,0.0,0.0,5,0,1,1,0.20074749,0.0851506088,0.0,10
LEBVLXFERQHONN,PTSD,0.0,0.1,-0.1,0.0,0,0.0,0.0,0.0,0.0,0.0,0.0,0.0,5,0,1,1,0.45029256,0.2150227902,0.0,10
LEBVLXFERQHONN,Pain Management,0.0,0.08333333333333333,-0.08333333333333333,0.0,0,0.0,0.0,0.0,0.0,0.0,0.0,0.0,5,1,1,1,0.5917097,0.2207944367,2.0,10
SNPPWIUOZRMYNY,obesity,0.0,0.2,-0.2,0.0,11,0.9166666666666666,0.0,0.0,0.0,0.0,0.4047147302399964,0.0,5,1,1,1,0.2742241,0.112895031,0.0,10
SNPPWIUOZRMYNY,Breast Cancer,0.0,0.43333333333333335,-0.43333333333333335,0.0,6,0.5,0.0,0.0,0.0,0.0,0.0,0.0,5,0,1,1,0.31214413,0.15852681140000002,0.0,10
QWCRAEMEVRGPNT,generalized anxiety disorder,0.23333333333333334,0.06666666666666667,0.16666666666666666,8.0,5,1.0,0.0,0.0,0.0,0.0,0.0,0.0,0,1,1,1,0.87876326,0.2344557084,2.0,10
ONIQOQHATWINJY,renal cell carcinoma,0.9,0.6666666666666666,0.23333333333333334,27.0,29,0.9666666666666667,0.9496760997664879,0.8006893431957935,0.7816370735609669,0.0,0.43216494832912744,0.0,5,1,1,1,0.83407056,0.573805232,7.0,10
ONIQOQHATWINJY,Hepatocellular Carcinoma,0.9,0.7,0.2,27.0,29,0.9666666666666667,0.8247946631505852,0.607930797611621,0.7591839800573924,0.607930797611621,0.27010365337884323,0.11247451806008119,5,1,1,1,0.8218055,0.606983967,7.0,10
ONIQOQHATWINJY,Cancer,1.0,0.8,0.2,27.0,30,1.0,0.9701286179166936,0.9356261016183203,0.9445448177322894,0.9580964074361958,0.9489456225348631,0.0,5,1,1,1,0.8202977,0.38399420950000007,3.0,10
RYYVLZVUVIJVGH,Alzheimer disease,0.26666666666666666,0.1,0.16666666666666666,6.5,8,0.6153846153846154,0.0,0.0,0.0,0.4372549153278103,0.0,0.0,0,0,1,1,0.5677391,0.18859296,1.0,10
QHMBSVQNZZTUGM,Bipolar Disorder,0.3333333333333333,0.03333333333333333,0.3,10.0,1,1.0,0.28812177100051173,0.0,0.0,0.0,0.0,0.0,0,0,1,1,0.14837359,0.0657721367,0.0,10
QHMBSVQNZZTUGM,Alcohol Use Disorder,0.06666666666666667,0.03333333333333333,0.03333333333333333,10.0,0,0.0,0.0,0.0,0.0,0.0,0.0,0.0,0,0,1,1,0.2333849,0.0952358084,0.0,10
QHMBSVQNZZTUGM,insomnia,0.2,0.03333333333333333,0.16666666666666666,10.0,1,1.0,0.0,0.0,0.0,0.0,0.0,0.0,0,0,1,1,0.17760032,0.07761248270000001,0.0,10
GAGWJHPBXLXJQN,Advanced Breast Cancer,0.0,0.16666666666666666,-0.16666666666666666,0.0,1,0.16666666666666666,0.0,0.0,0.0,0.0,0.0,0.0,0,0,1,1,0.49859384,0.1665085604,0.0,10
GAGWJHPBXLXJQN,Nasopharyngeal Carcinoma,0.0,0.03333333333333333,-0.03333333333333333,0.0,6,1.0,0.0,0.0,0.0,0.0,0.0,0.0,0,1,1,1,0.37336037,0.2086573934,0.0,10
GAGWJHPBXLXJQN,Colorectal Cancer,0.0,0.16666666666666666,-0.16666666666666666,0.0,1,0.16666666666666666,0.0,0.0,0.0,0.25229128100882275,0.0,0.0,0,0,1,1,0.5400763,0.2086838332,1.0,10
GAGWJHPBXLXJQN,colorectal carcinoma,0.0,0.16666666666666666,-0.16666666666666666,0.0,1,0.16666666666666666,0.0,0.0,0.0,0.25229128100882275,0.0,0.0,0,0,1,1,0.5400763,0.2022046782,1.0,10
GAGWJHPBXLXJQN,Colon Cancer,0.0,0.06666666666666667,-0.06666666666666667,0.0,1,0.16666666666666666,0.0,0.0,0.0,0.0,0.0,0.0,0,0,1,1,0.5400763,0.2123290634,1.0,10
GAGWJHPBXLXJQN,Triple Negative Breast Cancer,0.0,0.0,0.0,0.0,6,1.0,0.0,0.0,0.0,0.0,0.0,0.0,0,1,1,1,0.49859384,0.323909544,0.0,10
GAGWJHPBXLXJQN,Gastric Carcinoma,0.0,0.1,-0.1,0.0,1,0.16666666666666666,0.0,0.0,0.0,0.0,0.0,0.0,0,0,1,1,0.2933144,0.1521006466,0.0,10
GAGWJHPBXLXJQN,Neoplasms,0.0,0.0,0.0,0.0,1,0.16666666666666666,0.0,0.0,0.0,0.0,0.0,0.0,0,0,1,1,0.21193787,0.21193787,0.0,1
GAGWJHPBXLXJQN,Hepatocellular Carcinoma,0.0,0.2,-0.2,0.0,1,0.16666666666666666,0.0,0.0,0.0,0.0,0.0,0.020128104520601094,0,0,1,1,0.39178795,0.1932149735,0.0,10
GAGWJHPBXLXJQN,Pancreatic Cancer,0.0,0.16666666666666666,-0.16666666666666666,0.0,1,0.16666666666666666,0.0,0.0,0.0,0.3497980990274504,0.0,0.0,0,0,1,1,0.36261714,0.1261163842,0.0,10
GAGWJHPBXLXJQN,Anal Cancer,0.0,0.06666666666666667,-0.06666666666666667,0.0,1,0.16666666666666666,0.0,0.0,0.0,0.0,0.0,0.0,0,0,1,1,0.30043903,0.1630958416,0.0,10
YAYRGNWWLMLWJE,NSCLC,0.0,0.0,0.0,0.0,0,0.0,0.0,0.0,0.0,0.0,0.0,0.0,0,0,1,0,0.16658017,0.0709171902,0.0,10
YAYRGNWWLMLWJE,Non-Small Cell Lung Cancer,0.0,0.0,0.0,0.0,0,0.0,0.0,0.0,0.0,0.0,0.0,0.0,0,0,1,0,0.16658017,0.07594424819999998,0.0,10
YAYRGNWWLMLWJE,Breast Cancer,0.0,0.0,0.0,0.0,0,0.0,0.0,0.0,0.0,0.0,0.0,0.0,0,0,1,0,0.16658017,0.0706690007,0.0,10
YAYRGNWWLMLWJE,Endometrial Cancer,0.0,0.0,0.0,0.0,0,0.0,0.0,0.0,0.0,0.0,0.0,0.0,0,0,1,0,0.268508,0.0958844908,0.0,10
YAYRGNWWLMLWJE,Triple Negative Breast Cancer,0.0,0.0,0.0,0.0,0,0.0,0.0,0.0,0.0,0.0,0.0,0.0,0,0,1,0,0.15273796,0.0892579945,0.0,10
YAYRGNWWLMLWJE,Urothelial Carcinoma,0.0,0.0,0.0,0.0,0,0.0,0.0,0.0,0.0,0.0,0.0,0.0,0,0,1,0,0.16658017,0.07027111225,0.0,10
YAYRGNWWLMLWJE,"Carcinoma, Non-Small-Cell Lung",0.0,0.0,0.0,0.0,0,0.0,0.0,0.0,0.0,0.0,0.0,0.0,0,0,0,0,,,,0
YAYRGNWWLMLWJE,Esophageal Cancer,0.0,0.0,0.0,0.0,0,0.0,0.0,0.0,0.0,0.0,0.0,0.0,0,0,1,0,0.16078681,0.06830836870999998,0.0,10
YAYRGNWWLMLWJE,Ovarian Cancer,0.0,0.0,0.0,0.0,0,0.0,0.0,0.0,0.0,0.0,0.0,0.0,0,0,1,0,0.14720708,0.0774422152,0.0,10
YAYRGNWWLMLWJE,Advanced Cervical Cancer,0.0,0.0,0.0,0.0,0,0.0,0.0,0.0,0.0,0.0,0.0,0.0,0,0,1,0,0.15162195,0.06943201574999999,0.0,10
YAYRGNWWLMLWJE,Neoplasms,0.0,0.0,0.0,0.0,0,0.0,0.0,0.0,0.0,0.0,0.0,0.0,0,0,1,0,0.10507137,0.10507137,0.0,1
RZEKVGVHFLEQIL,Familial adenomatous polyposis,0.2,0.4,-0.2,7.0,23,1.0,0.0,0.0,0.0,0.0,0.0,0.0,0,1,1,1,0.8724991,0.3079031034,2.0,10
RZEKVGVHFLEQIL,Prostate Cancer,0.3333333333333333,0.43333333333333335,-0.1,7.0,11,0.4782608695652174,0.0,0.0,0.0,0.0,0.0,0.0,0,0,1,1,0.3913223,0.1362540177,0.0,10
ZKLPARSLTMPFCP,Multiple Sclerosis,0.16666666666666666,0.06666666666666667,0.1,8.0,1,0.25,0.0,0.0,0.0,0.0,0.0,0.0,0,0,1,1,0.38119313,0.25470831259999993,0.0,10
ZKLPARSLTMPFCP,Acute Urticaria,0.0,0.0,0.0,8.0,2,0.5,0.0,0.0,0.0,0.0,0.0,0.0,0,0,1,1,0.27679387,0.18287248,0.0,5
RRGUKTPIGVIEKM,Ischemic Stroke,0.0,0.1,-0.1,1.0,6,1.0,0.6546673717075597,0.0,0.0,0.0,0.0,0.0,0,1,1,1,0.55884683,0.18889157220000002,2.0,10
RRGUKTPIGVIEKM,Stroke,0.0,0.1,-0.1,1.0,6,1.0,0.7480804713863115,0.0,0.0,0.0,0.0,0.0,0,1,1,1,0.55884683,0.22550294600000004,2.0,10
WSEQXVZVJXJVFP,Dementia,0.0,0.13333333333333333,-0.13333333333333333,0.0,1,0.3333333333333333,0.0,0.0,0.0,0.0,0.3762483706418323,0.0,1,0,1,1,0.54856646,0.2045156037,1.0,10
GKTWGGQPFAXNFI,Myocardial Infarction,0.13333333333333333,0.13333333333333333,0.0,4.0,3,1.0,0.0,0.0,0.0,0.0,0.0,0.0,5,1,1,1,0.4356023,0.18168692160000002,0.0,10
IAKHMKGGTNLKSZ,Heart Failure,0.06666666666666667,0.1,-0.03333333333333333,0.26666666666666666,5,0.35714285714285715,0.0,0.0,0.0,0.0,0.0,0.0,5,0,1,1,0.79640526,0.36967885150000007,3.0,10
IAKHMKGGTNLKSZ,venous thromboembolism,0.03333333333333333,0.26666666666666666,-0.23333333333333334,0.26666666666666666,2,0.14285714285714285,0.0,0.0,0.0,0.0,0.0,0.0,5,0,1,1,0.7271905,0.307199234,3.0,10
IAKHMKGGTNLKSZ,pneumonia,0.03333333333333333,0.13333333333333333,-0.1,0.26666666666666666,7,0.5,0.0,0.0,0.0,0.0,0.0,0.0,5,0,1,1,0.45561492,0.20202591390000002,0.0,10
KTEIFNKAUNYNJU,"Carcinoma, Non-Small-Cell Lung",0.0,0.0,0.0,11.833333333333334,0,0.0,0.0,0.0,0.0,0.0,0.0,0.0,5,0,0,1,,,,0
KTEIFNKAUNYNJU,Non-Small Cell Lung Cancer,0.9,0.7333333333333333,0.16666666666666666,11.833333333333334,26,1.0,0.48192219376726453,0.0,0.951883250002906,0.979400228199195,0.48952874318965406,0.0,5,1,1,1,0.7743858,0.46563516299999996,6.0,10
KTEIFNKAUNYNJU,Metastatic Uveal Melanoma,0.8333333333333334,0.6666666666666666,0.16666666666666666,11.833333333333334,25,0.9615384615384616,0.0,0.0,0.8930646439182859,0.0,0.0,0.0,5,0,1,1,0.69520795,0.34156901230000003,3.0,10
CMSMOCZEIVJLDB,Follicular Lymphoma,0.0,0.0,0.0,0.0,0,0.0,0.0,0.0,0.0,0.0,0.0,0.0,0,0,1,0,0.79338515,0.29021533855,3.0,10
CMSMOCZEIVJLDB,Breast Cancer,0.0,0.0,0.0,0.0,0,0.0,0.0,0.0,0.0,0.0,0.0,0.0,0,0,1,0,0.71659887,0.15643028944,1.0,10
CMSMOCZEIVJLDB,Eosinophilic Granulomatosis With Polyangiitis,0.0,0.0,0.0,0.0,0,0.0,0.0,0.0,0.0,0.0,0.0,0.0,0,0,1,0,0.65999687,0.2208489598,1.0,10
CMSMOCZEIVJLDB,Graft-versus-host Disease (GVHD),0.0,0.0,0.0,0.0,0,0.0,0.0,0.0,0.0,0.0,0.0,0.0,0,0,1,0,0.53671545,0.13796868359999997,1.0,10
CMSMOCZEIVJLDB,Multiple Sclerosis,0.0,0.0,0.0,0.0,0,0.0,0.0,0.0,0.0,0.0,0.0,0.0,0,0,1,0,0.81138855,0.476792997,4.0,10
CMSMOCZEIVJLDB,Multiple Myeloma,0.0,0.0,0.0,0.0,0,0.0,0.0,0.0,0.0,0.0,0.0,0.0,0,0,1,0,0.48253056,0.159768331,0.0,10
CMSMOCZEIVJLDB,"Glomerulonephritis, IGA",0.0,0.0,0.0,0.0,0,0.0,0.0,0.0,0.0,0.0,0.0,0.0,0,0,1,0,0.5986793,0.243008799,1.0,10
CMSMOCZEIVJLDB,severe aplastic anemia,0.0,0.0,0.0,0.0,0,0.0,0.0,0.0,0.0,0.0,0.0,0.0,0,0,1,0,0.42403156,0.18077870122222223,0.0,9
CMSMOCZEIVJLDB,Ovarian Cancer,0.0,0.0,0.0,0.0,0,0.0,0.0,0.0,0.0,0.0,0.0,0.0,0,0,1,0,0.71659887,0.29371739939999997,3.0,10
CMSMOCZEIVJLDB,Systemic Sclerosis,0.0,0.0,0.0,0.0,0,0.0,0.0,0.0,0.0,0.0,0.0,0.0,0,0,1,0,0.42557165,0.1170093556,0.0,10
CMSMOCZEIVJLDB,Triple Negative Breast Cancer,0.0,0.0,0.0,0.0,0,0.0,0.0,0.0,0.0,0.0,0.0,0.0,0,0,1,0,0.7707682,0.39683462300000005,4.0,10
CMSMOCZEIVJLDB,AL Amyloidosis,0.0,0.0,0.0,0.0,0,0.0,0.0,0.0,0.0,0.0,0.0,0.0,0,0,1,0,0.4412415,0.20540609999999998,0.0,10
CMSMOCZEIVJLDB,Vasculitis,0.0,0.0,0.0,0.0,0,0.0,0.0,0.0,0.0,0.0,0.0,0.0,0,0,1,0,0.6906323,0.28666145499999995,1.0,10
FDKXTQMXEQVLRF,Hodgkin Lymphoma,0.0,0.0,0.0,0.0,0,0.0,0.0,0.0,0.0,0.0,0.0,0.0,0,0,1,0,0.5112098,0.3209793127,1.0,10
JVHXJTBJCFBINQ,"Polycystic Kidney, Autosomal Dominant",0.0,0.0,0.0,0.0,0,0.0,0.0,0.0,0.0,0.0,0.0,0.0,0,0,1,1,0.52150124,0.202995608,1.0,5
JVHXJTBJCFBINQ,"Renal Insufficiency, Chronic",0.0,0.0,0.0,0.0,0,0.0,0.0,0.0,0.0,0.0,0.0,0.0,0,0,1,1,0.52150124,0.17630525930000002,1.0,10
JVHXJTBJCFBINQ,Septic Shock,0.0,0.0,0.0,0.0,0,0.0,0.0,0.0,0.0,0.0,0.0,0.0,0,0,1,1,0.10544374,0.044917418599999995,0.0,10
JVHXJTBJCFBINQ,Nephrotic Syndrome,0.0,0.0,0.0,0.0,0,0.0,0.0,0.0,0.0,0.0,0.0,0.0,0,0,1,1,0.6262526,0.19653080630000003,1.0,10
JVHXJTBJCFBINQ,"Diabetes Mellitus, Type 1",0.0,0.0,0.0,0.0,0,0.0,0.0,0.0,0.0,0.0,0.44681393797460117,0.0,0,1,1,1,0.6690065,0.2592409366,2.0,10
JVHXJTBJCFBINQ,diabetic nephropathy,0.0,0.0,0.0,0.0,0,0.0,0.0,0.0,0.0,0.0,0.0,0.0,0,0,0,1,,,,0
JVHXJTBJCFBINQ,inflammatory bowel disease,0.0,0.0,0.0,0.0,0,0.0,0.0,0.0,0.0,0.0,0.0,0.0,0,0,0,1,,,,0
JVHXJTBJCFBINQ,Type 1 Diabetes Mellitus,0.0,0.0,0.0,0.0,0,0.0,0.0,0.0,0.0,0.0,0.44681393797460117,0.0,0,1,1,1,0.6690065,0.2592409366,2.0,10
JVHXJTBJCFBINQ,Breast Cancer,0.0,0.0,0.0,0.0,0,0.0,0.0,0.0,0.0,0.0,0.0,0.0,0,0,1,1,0.5908505,0.14975497761999998,1.0,10
JAUOIFJMECXRGI,Chronic Idiopathic Urticaria,0.1,0.23333333333333334,-0.13333333333333333,8.0,4,1.0,0.0,0.0,0.0,0.0,0.0,0.0,0,1,1,1,0.7666764,0.13767789460000002,1.0,10
UREBDLICKHMUKA,acute respiratory distress syndrome,0.20689655172413793,0.034482758620689655,0.1724137931034483,16.0,1,1.0,0.0,0.0,0.0,0.0,0.3457606411416095,0.0,0,1,1,1,0.8651454,0.3503343217,3.0,10
UREBDLICKHMUKA,Breast Cancer,0.7333333333333333,0.7,0.03333333333333333,16.0,0,0.0,0.0,0.0,0.0,0.0,0.0,0.0,0,0,1,1,0.55734026,0.11866928620000002,1.0,10
UREBDLICKHMUKA,Thrombocytopenia,0.4,0.3,0.1,16.0,1,1.0,0.0,0.0,0.0,0.0,0.0,0.0,0,1,1,1,0.2992093,0.1382199724,0.0,10
UREBDLICKHMUKA,Renal Colic,0.23333333333333334,0.3,-0.06666666666666667,16.0,1,1.0,0.0,0.0,0.0,0.0,0.0,0.0,0,0,1,1,0.56115645,0.24378347860000002,1.0,10
UREBDLICKHMUKA,Prostate Cancer Metastatic,0.5666666666666667,0.36666666666666664,0.2,16.0,1,1.0,0.0,0.0,0.2279740491043579,0.0,0.0,0.0,0,0,1,1,0.83139646,0.174651492,2.0,10
UREBDLICKHMUKA,pneumonia,0.23333333333333334,0.26666666666666666,-0.03333333333333333,16.0,1,1.0,0.0,0.0,0.0,0.0,0.0,0.0,0,1,1,1,0.8651454,0.1932946735,1.0,10
UREBDLICKHMUKA,AL Amyloidosis,0.3,0.2,0.1,16.0,1,1.0,0.0,0.0,0.0,0.0,0.0,0.0,0,1,1,1,0.34317896,0.1506406163,0.0,10
UREBDLICKHMUKA,Influenza,0.3,0.16666666666666666,0.13333333333333333,16.0,1,1.0,0.0,0.0,0.0,0.0,0.0,0.0,0,0,1,1,0.30261928,0.1942030269,0.0,10
GZSOSUNBTXMUFQ,Breast Cancer,0.0,0.0,0.0,0.0,0,0.0,0.0,0.0,0.0,0.0,0.0,0.0,0,0,1,0,0.61597264,0.13115334029,1.0,10
GZSOSUNBTXMUFQ,Rheumatoid Arthritis,0.0,0.0,0.0,0.0,0,0.0,0.0,0.0,0.0,0.0,0.0,0.0,0,0,1,0,0.6974518,0.1525085238,1.0,10
ZZVUWRFHKOJYTH,Systemic Lupus Erythematosus,0.2,0.16666666666666666,0.03333333333333333,8.0,1,0.25,0.3085746992510923,0.0,0.0,0.0,0.0,0.0,0,0,1,1,0.2657383,0.1424065755,0.0,10
ZZVUWRFHKOJYTH,Multiple Sclerosis,0.16666666666666666,0.06666666666666667,0.1,8.0,1,0.25,0.0,0.0,0.0,0.0,0.0,0.0,0,0,1,1,0.26327106,0.14185720200000002,0.0,10
ZZVUWRFHKOJYTH,Lupus Nephritis,0.16666666666666666,0.13333333333333333,0.03333333333333333,8.0,4,1.0,0.0,0.0,0.0,0.0,0.0,0.0,0,1,1,1,0.67855954,0.1720552736,1.0,10
JWJOTENAMICLJG,androgenetic alopecia,0.0,0.0,0.0,0.0,0,0.0,0.0,0.0,0.0,0.0,0.0,0.0,5,0,0,1,,,,0
JGMOKGBVKVMRFX,Subfertility,0.1,0.26666666666666666,-0.16666666666666666,2.0,4,0.8,0.5256683512342566,0.0,0.0,0.0,0.8679214751404737,0.0,0,0,1,1,0.21948877,0.10112570406999999,0.0,10
SIFNOOUKXBRGGB,Breast Cancer,0.6333333333333333,0.6666666666666666,-0.03333333333333333,40.0,10,1.0,0.7362363711407216,0.0,0.8496114818642673,0.8492097570461924,0.2784930983858836,0.0,0,1,1,1,0.8093833,0.17233447219999998,2.0,10
OBWASQILIWPZMG,Metabolic Syndrome,0.0,0.0,0.0,0.0,0,0.0,0.0,0.0,0.0,0.0,0.0,0.0,0,0,1,1,0.3813684,0.13799685369999998,0.0,10
OBWASQILIWPZMG,Nephrotic Syndrome,0.0,0.0,0.0,0.0,0,0.0,0.0,0.0,0.0,0.0,0.0,0.0,0,0,1,1,0.29101047,0.1121121992,0.0,10
OBWASQILIWPZMG,pneumonia,0.0,0.0,0.0,0.0,0,0.0,0.0,0.0,0.0,0.0,0.0,0.0,0,0,1,1,0.2467218,0.0994884578,0.0,10
OBWASQILIWPZMG,congenital heart disease,0.0,0.0,0.0,0.0,0,0.0,0.0,0.0,0.0,0.0,0.0,0.0,0,0,1,1,0.19321679,0.09361735360000001,0.0,10
WXCXUHSOUPDCQV,Cancer,0.8666666666666667,0.8,0.06666666666666667,43.0,4,0.8,0.8748180531333265,0.0,0.9554137826803797,0.9513974960387728,0.5588902674845435,0.0,5,0,1,1,0.008455368,0.0008455368,0.0,10
WXCXUHSOUPDCQV,Prostate Cancer Metastatic,0.6666666666666666,0.4,0.26666666666666666,43.0,5,1.0,0.8728762805808241,0.0,0.8304717518195258,0.9285669064556789,0.0,0.0,5,1,1,1,0.9812304,0.10055049969999999,1.0,10
WXCXUHSOUPDCQV,Neoplasms,0.0,0.0,0.0,43.0,0,0.0,0.0,0.0,0.0,0.0,0.0,0.0,5,0,1,1,0.0017345228,0.0017345228,0.0,1
UFNVPOGXISZXJD,Advanced Breast Cancer,0.23333333333333334,0.6666666666666666,-0.43333333333333335,2.0,10,0.8333333333333334,0.0,0.0,0.0,0.0,0.0,0.0,0,0,1,1,0.0,0.0,0.0,10
UFNVPOGXISZXJD,Metastatic Breast Cancer,0.23333333333333334,0.6666666666666666,-0.43333333333333335,2.0,10,0.8333333333333334,0.0,0.0,0.0,0.0,0.0,0.0,0,0,1,1,0.0,0.0,0.0,10
UFNVPOGXISZXJD,Triple Negative Breast Cancer,0.1,0.1,0.0,2.0,12,1.0,0.0,0.0,0.0,0.0,0.0,0.0,0,1,1,1,0.03938704,0.005953380699999999,0.0,10
YQEZLKZALYSWHR,depressive disorder,0.0,0.0,0.0,0.42857142857142855,0,0.0,0.0,0.0,0.0,0.0,0.0,0.0,5,0,0,1,,,,0
YQEZLKZALYSWHR,"Depressive Disorder, Major",0.23333333333333334,0.3,-0.06666666666666667,0.42857142857142855,20,0.9523809523809523,0.4867374381481546,0.0,0.0,0.0,0.0,0.0,5,1,1,1,0.29154408,0.21905972099999999,0.0,10
VJJPUSNTGOMMGY,Acute Myeloid Leukemia,0.0,0.3,-0.3,0.0,1,1.0,0.0,0.0,0.0,0.0,0.0,0.0,3,0,1,1,0.54497486,0.1808452528,1.0,10
VJJPUSNTGOMMGY,Ovarian Cancer,0.0,0.6333333333333333,-0.6333333333333333,0.0,1,1.0,0.0,0.0,0.0,0.0,0.0,0.0,3,0,1,1,0.88317597,0.3572466746,5.0,10
VJJPUSNTGOMMGY,"Carcinoma, Non-Small-Cell Lung",0.0,0.0,0.0,0.0,0,0.0,0.0,0.0,0.0,0.0,0.0,0.0,3,0,0,1,,,,0
VJJPUSNTGOMMGY,Multiple Myeloma,0.0,0.26666666666666666,-0.26666666666666666,0.0,1,1.0,0.0,0.0,0.0,0.0,0.0,0.0,3,1,1,1,0.5946973,0.19274799699999998,1.0,10
VJJPUSNTGOMMGY,hemophagocytic lymphohistiocytosis,0.0,0.13333333333333333,-0.13333333333333333,0.0,0,0.0,0.0,0.0,0.0,0.0,0.0,0.0,3,0,1,1,0.906061,0.2949681896,3.0,10
VJJPUSNTGOMMGY,Non-Small Cell Lung Cancer,0.0,0.6333333333333333,-0.6333333333333333,0.0,1,1.0,0.0,0.0,0.0,0.0,0.0,0.0,3,0,1,1,0.7535266,0.21314658260000002,2.0,10
YMTINGFKWWXKFG,Diabetic Retinopathy,0.13333333333333333,0.2,-0.06666666666666667,14.0,6,0.6,0.0,0.0,0.0,0.0,0.0,0.0,0,0,1,1,0.63268065,0.341091306,3.0,10
PJMPHNIQZUBGLI,opioid use disorder,0.1,0.26666666666666666,-0.16666666666666666,9.0,5,1.0,0.8551488348715596,0.0,0.0,0.0,0.0,0.0,0,1,1,1,0.7985019,0.30953468289999997,3.0,10
PJMPHNIQZUBGLI,Acute Traumatic Pain,0.03333333333333333,0.1,-0.06666666666666667,9.0,0,0.0,0.0,0.0,0.0,0.0,0.0,0.0,0,0,1,1,0.20577715,0.07503638660000002,0.0,10
RWTNPBWLLIMQHL,Parkinson Disease,0.23333333333333334,0.23333333333333334,0.0,8.0,4,1.0,0.0,0.0,0.0,0.0,0.0,0.0,0,0,1,1,0.18360592,0.08577730773,0.0,10
GHASVSINZRGABV,Breast Cancer,0.0,0.16666666666666666,-0.16666666666666666,0.0,1,0.16666666666666666,0.0,0.0,0.0,0.0,0.0,0.0,0,0,1,1,0.69306856,0.34287584039999996,2.0,10
GHASVSINZRGABV,Gastric Cancer,0.0,0.06666666666666667,-0.06666666666666667,0.0,1,0.16666666666666666,0.0,0.0,0.0,0.0,0.0,0.0,0,0,1,1,0.57941735,0.29236288740000005,2.0,10
GHASVSINZRGABV,Colorectal Cancer,0.0,0.16666666666666666,-0.16666666666666666,0.0,1,0.16666666666666666,0.0,0.0,0.0,0.25229128100882275,0.0,0.0,0,0,1,1,0.6814991,0.45154274600000005,6.0,10
GHASVSINZRGABV,Metastatic Colorectal Cancer,0.0,0.23333333333333334,-0.23333333333333334,0.0,6,1.0,0.0,0.0,0.0,0.0,0.0,0.0,0,1,1,1,0.5291392,0.23630322670000004,1.0,10
GHASVSINZRGABV,Metastatic Pancreatic Adenocarcinoma,0.0,0.06666666666666667,-0.06666666666666667,0.0,1,0.16666666666666666,0.0,0.0,0.0,0.0,0.0,0.0,0,0,1,1,0.690583,0.40658301299999994,3.0,10
GHASVSINZRGABV,Nasopharyngeal Carcinoma,0.0,0.03333333333333333,-0.03333333333333333,0.0,6,1.0,0.0,0.0,0.0,0.0,0.0,0.0,0,1,1,1,0.49988467,0.27648266600000004,0.0,10
GHASVSINZRGABV,Hepatocellular Carcinoma,0.0,0.2,-0.2,0.0,1,0.16666666666666666,0.0,0.0,0.0,0.0,0.0,0.020128104520601094,0,0,1,1,0.65598494,0.374656011,2.0,10
GHASVSINZRGABV,Pancreatic Cancer,0.0,0.16666666666666666,-0.16666666666666666,0.0,1,0.16666666666666666,0.0,0.0,0.0,0.3497980990274504,0.0,0.0,0,0,1,1,0.6814991,0.26838186,1.0,10
GHASVSINZRGABV,Urinary Bladder Neoplasms,0.0,0.13333333333333333,-0.13333333333333333,0.0,1,0.16666666666666666,0.0,0.0,0.0,0.25229128100882275,0.0,0.0,0,0,1,1,0.5077151,0.28033171349999997,1.0,10
RTHCYVBBDHJXIQ,"Depressive Disorder, Major",0.0,0.3,-0.3,0.0,3,1.0,0.0,0.0,0.0,0.0,0.663267698464219,0.0,1,1,1,1,0.9853371,0.569046163,7.0,10
XTULMSXFIHGYFS,COPD,0.3333333333333333,0.4,-0.06666666666666667,16.0,1,1.0,0.5748219056004791,0.0,0.0,0.0,0.34890668301924965,0.0,0,1,1,1,0.90073746,0.377464233,4.0,10
WMWTYOKRWGGJOA,chronic cough,0.2,0.26666666666666666,-0.06666666666666667,16.0,1,1.0,0.0,0.0,0.0,0.0,0.0,0.0,0,1,1,1,0.64487356,0.18248522279999999,1.0,10
OVBPIULPVIDEAO,Chronic Kidney Disease,0.0,0.0,0.0,0.0,0,0.0,0.0,0.0,0.0,0.0,0.0,0.0,0,0,1,0,0.43569258,0.24661897100000002,0.0,10
ZZUFCTLCJUWOSV,Cirrhosis,0.0,0.0,0.0,0.0,0,0.0,0.0,0.0,0.0,0.0,0.0,0.0,5,0,1,1,0.41215757,0.20679219459999998,0.0,10
UGJMXCAKCUNAIE,overactive bladder,0.0,0.16666666666666666,-0.16666666666666666,0.0,14,0.32558139534883723,0.0,0.0,0.0,0.0,0.0,0.0,5,0,1,1,0.76803327,0.2347838425,1.0,10
UGJMXCAKCUNAIE,Alcohol Use Disorder,0.0,0.3,-0.3,0.0,5,0.11627906976744186,0.0,0.0,0.0,0.0,0.0,0.0,5,0,1,1,0.4333367,0.21687160547000003,0.0,10
SDUQYLNIPVEERB,Nasopharyngeal Carcinoma,0.0,0.1,-0.1,0.0,6,1.0,0.0,0.0,0.0,0.0,0.0,0.0,0,1,1,1,0.5161203,0.259329726,1.0,10
SDUQYLNIPVEERB,Hodgkin Lymphoma,0.0,0.06666666666666667,-0.06666666666666667,0.0,6,1.0,0.0,0.0,0.0,0.0,0.0,0.0,0,1,1,1,0.6631432,0.2901834978,3.0,10
SDUQYLNIPVEERB,Non-Small Cell Lung Cancer,0.0,0.43333333333333335,-0.43333333333333335,0.0,1,0.16666666666666666,0.0,0.0,0.0,0.0,0.0,0.0,0,0,1,1,0.49855548,0.32916528300000003,0.0,10
SDUQYLNIPVEERB,Breast Cancer,0.0,0.4666666666666667,-0.4666666666666667,0.0,1,0.16666666666666666,0.0,0.0,0.0,0.0,0.0,0.0,0,0,1,1,0.9155554,0.391214128,2.0,10
SDUQYLNIPVEERB,Triple Negative Breast Cancer,0.0,0.06666666666666667,-0.06666666666666667,0.0,6,1.0,0.0,0.0,0.0,0.0,0.0,0.0,0,1,1,1,0.9155554,0.5203452659999999,5.0,10
SDUQYLNIPVEERB,Urothelial Carcinoma,0.0,0.4666666666666667,-0.4666666666666667,0.0,1,0.16666666666666666,0.0,0.0,0.0,0.0,0.0,0.0,0,0,1,1,0.7359418,0.29197570100000003,1.0,10
SDUQYLNIPVEERB,"Carcinoma, Non-Small-Cell Lung",0.0,0.0,0.0,0.0,0,0.0,0.0,0.0,0.0,0.0,0.0,0.0,0,0,0,1,,,,0
SDUQYLNIPVEERB,Metastatic Breast Cancer,0.0,0.4666666666666667,-0.4666666666666667,0.0,1,0.16666666666666666,0.0,0.0,0.0,0.0,0.0,0.0,0,0,1,1,0.9155554,0.391214128,2.0,10
SDUQYLNIPVEERB,Ovarian Cancer,0.0,0.43333333333333335,-0.43333333333333335,0.0,1,0.16666666666666666,0.0,0.0,0.0,0.0,0.0,0.0,0,0,1,1,0.9155554,0.38746882200000005,3.0,10
SDUQYLNIPVEERB,Diffuse Large B-Cell Lymphoma,0.0,0.4,-0.4,0.0,1,0.16666666666666666,0.0,0.0,0.0,0.0,0.0,0.0,0,0,1,1,0.7359418,0.312336216,2.0,10
SDUQYLNIPVEERB,Metastatic Pancreatic Adenocarcinoma,0.0,0.23333333333333334,-0.23333333333333334,0.0,2,0.3333333333333333,0.0,0.0,0.0,0.0,0.0,0.0,0,0,1,1,0.76198757,0.425861628,4.0,10
YALNUENQHAQXEA,Polycythemia Vera,0.7333333333333333,0.5666666666666667,0.16666666666666666,11.25,13,0.6842105263157895,0.0,0.0,0.0,0.0,0.2741767897228411,0.0,1,0,1,1,0.095614105,0.028558928509999998,0.0,10
XXSMGPRMXLTPCZ,preeclampsia,0.0,0.06666666666666667,-0.06666666666666667,2.5,0,0.0,0.0,0.0,0.0,0.0,0.0,0.0,3,0,1,1,0.7095731,0.3146352680303333,2.0,9
XXSMGPRMXLTPCZ,Systemic Lupus Erythematosus,0.1,0.1,0.0,2.5,12,0.9230769230769231,0.7731204207945429,0.5831172956682895,0.0,0.0,0.5519775562520447,0.0,3,1,1,1,0.48278403,0.24374177700000002,0.0,10
XXSMGPRMXLTPCZ,pneumonia,0.03333333333333333,0.06666666666666667,-0.03333333333333333,2.5,13,1.0,0.0,0.0,0.0,0.0,0.0,0.0,3,1,1,1,0.47453356,0.1488961442,0.0,10
XYFPWWZEPKGCCK,Mantle Cell Lymphoma,0.3333333333333333,0.16666666666666666,0.16666666666666666,26.0,7,1.0,0.0,0.0,0.4559480982087158,0.607930797611621,0.0,0.0,5,1,1,1,0.9386915,0.163049094149,1.0,10
HEFNNWSXXWATRW,Acute Pain,0.23333333333333334,0.2,0.03333333333333333,3.5,24,1.0,0.0,0.0,0.0,0.0,0.0,0.0,2,1,1,1,0.7563,0.31246885459999996,2.0,10
IFSDAJWBUCMOAH,Chronic Lymphocytic Leukemia,0.0,0.23333333333333334,-0.23333333333333334,0.0,110,1.0,0.0,0.0,0.0,0.0,0.0,0.0,5,1,1,1,0.6951137,0.30284372579999996,3.0,10
KTUFNOKKBVMGRW,Graft-versus-host Disease,0.8,0.6666666666666666,0.13333333333333333,74.0,35,1.0,0.0,0.0,0.0,0.0,0.0,0.0,5,1,1,1,0.40891412,0.2017140301,0.0,10
KTUFNOKKBVMGRW,GIST,0.8333333333333334,0.6666666666666666,0.16666666666666666,74.0,35,1.0,0.908559202751775,0.8168275681045472,0.7814745002642415,0.9607983220922475,0.4653556753190563,0.0,5,1,1,1,0.8949256,0.601901742,6.0,10
SHGAZHPCJJPHSC,acne vulgaris,0.36666666666666664,0.4666666666666667,-0.1,17.166666666666668,15,0.75,0.0,0.0,0.0,0.0,0.0,0.0,5,1,1,1,0.9847186,0.39870528899999996,4.0,10
YQEZLKZALYSWHR,Treatment Resistant Depression,0.0,0.0,0.0,0.42857142857142855,0,0.0,0.0,0.0,0.0,0.0,0.0,0.0,5,0,0,1,,,,0
YQEZLKZALYSWHR,Acute Ischemic Stroke,0.13333333333333333,0.36666666666666664,-0.23333333333333334,0.42857142857142855,7,0.3333333333333333,0.0,0.0,0.0,0.0,0.0,0.0,5,0,1,1,0.39227462,0.1901139417,0.0,10
YQEZLKZALYSWHR,critical illness,0.058823529411764705,0.11764705882352941,-0.058823529411764705,0.42857142857142855,5,0.23809523809523808,0.0,0.0,0.0,0.0,0.0,0.0,5,0,1,1,0.5059136,0.22464963200000004,1.0,10
YQEZLKZALYSWHR,Pain,0.4,0.3333333333333333,0.06666666666666667,0.42857142857142855,8,0.38095238095238093,0.0,0.0,0.0,0.0,0.0,0.0,5,0,1,1,0.49860868,0.22721961380000005,0.0,10
YQEZLKZALYSWHR,status epilepticus,0.23333333333333334,0.0,0.23333333333333334,0.42857142857142855,8,0.38095238095238093,0.0,0.0,0.0,0.0,0.0,0.0,5,0,1,1,0.5389753,0.25686159599999997,2.0,10
YQEZLKZALYSWHR,Acute Traumatic Pain,0.03333333333333333,0.06666666666666667,-0.03333333333333333,0.42857142857142855,5,0.23809523809523808,0.0,0.0,0.0,0.0,0.0,0.0,5,0,1,1,0.41590834,0.199340233,0.0,10
OZWKMVRBQXNZKK,Pain Management,0.2916666666666667,0.3333333333333333,-0.041666666666666664,3.5,24,1.0,0.0,0.0,0.0,0.0,0.0,0.0,2,1,1,1,0.46685237,0.24152159960000003,0.0,10
WMDSZGFJQKSLLH,Septic Shock,0.23333333333333334,0.13333333333333333,0.1,3.0,13,1.0,0.0,0.0,0.0,0.0,0.0,0.0,0,1,1,1,0.9765075,0.3324894193,3.0,10
MJIHNNLFOKEZEW,Idiopathic Pulmonary Fibrosis,0.0,0.0,0.0,0.0,0,0.0,0.0,0.0,0.0,0.0,0.0,0.0,0,0,1,1,0.7467085,0.42918378339999996,4.0,10
MJIHNNLFOKEZEW,Peptic Ulcer,0.0,0.0,0.0,0.0,4,1.0,0.0,0.0,0.0,0.0,0.0,0.0,0,1,1,1,0.572488,0.2839230906,1.0,10
VHOGYURTWQBHIL,Rheumatoid Arthritis,0.0,0.0,0.0,0.0,3,1.0,0.0,0.0,0.0,0.0,0.0,0.0,5,1,1,1,0.48006237,0.252053081,0.0,10
GOTYRUGSSMKFNF,Diffuse Large B-Cell Lymphoma,0.5,0.3,0.2,3.0,12,0.8,0.0,0.0,0.0,0.0,0.0,0.0,3,0,1,1,0.7655,0.2892035326,1.0,10
WOSKHXYHFSIKNG,renal cell carcinoma,0.9,0.6666666666666666,0.23333333333333334,22.666666666666668,25,1.0,0.0,0.0,0.6517524759394587,0.0,0.0,0.0,5,1,1,1,0.89708596,0.540106419,5.0,10
HPJKCIUCZWXJDR,Early Breast Cancer,0.0,0.4666666666666667,-0.4666666666666667,0.0,1,0.3333333333333333,0.0,0.0,0.0,0.0,0.0,0.0,0,0,1,1,0.29647735,0.05917587401,0.0,10
VVIAGPKUTFNRDU,Colorectal Cancer,0.0,0.0,0.0,0.0,0,0.0,0.0,0.0,0.0,0.0,0.0,0.0,0,0,1,0,0.6595417,0.1963752603,1.0,10
VVIAGPKUTFNRDU,Metastatic Colorectal Cancer,0.0,0.0,0.0,0.0,0,0.0,0.0,0.0,0.0,0.0,0.0,0.0,0,0,1,0,0.48324373,0.1442474835,0.0,10
VVIAGPKUTFNRDU,Hepatocellular Carcinoma,0.0,0.0,0.0,0.0,0,0.0,0.0,0.0,0.0,0.0,0.0,0.0,0,0,1,0,0.44771823,0.138879907,0.0,10
VVIAGPKUTFNRDU,Neoplasms,0.0,0.0,0.0,0.0,0,0.0,0.0,0.0,0.0,0.0,0.0,0.0,0,0,1,0,0.2077149,0.2077149,0.0,1
HPHUVLMMVZITSG,epilepsy,0.0,0.1,-0.1,0.5,14,0.875,0.7568738430264683,0.0,0.0,0.0,0.3359425587601818,0.0,3,0,1,1,0.6129648,0.3004093684,1.0,10
HPHUVLMMVZITSG,Septic Shock,0.0,0.23333333333333334,-0.23333333333333334,0.5,10,0.625,0.0,0.0,0.0,0.0,0.0,0.0,3,0,1,1,0.48143435,0.3187335596,0.0,10
HPHUVLMMVZITSG,status epilepticus,0.03333333333333333,0.06666666666666667,-0.03333333333333333,0.5,16,1.0,0.0,0.0,0.0,0.0,0.0,0.0,3,1,1,1,0.7440392,0.356789355,3.0,10
WTDRDQBEARUVNC,Parkinson Disease,0.3,0.06666666666666667,0.23333333333333334,7.0,4,1.0,0.0,0.0,0.0,0.0,0.0,0.0,0,1,1,1,0.6038349,0.2954072554,1.0,10
WWYNJERNGUHSAO,contraception,0.16666666666666666,0.20833333333333334,-0.041666666666666664,2.0,5,1.0,0.0,0.0,0.0,0.0,0.0,0.0,0,1,1,1,0.9808939,0.2529693081,2.0,10
NNJVILVZKWQKPM,Stroke,0.0,0.16666666666666666,-0.16666666666666666,0.0,3,0.6,0.0,0.0,0.0,0.0,0.0,0.0,5,0,1,1,0.43484482,0.18896636979999998,0.0,10
NNJVILVZKWQKPM,"Infertility, Female",0.0,0.3,-0.3,0.0,2,0.4,0.0,0.0,0.0,0.0,0.31119977529738885,0.0,5,0,1,1,0.54420274,0.327235544,2.0,10
NNJVILVZKWQKPM,Cough,0.0,0.23333333333333334,-0.23333333333333334,0.0,5,1.0,0.0,0.0,0.0,0.0,0.0,0.0,5,1,1,1,0.66027844,0.2869164294,1.0,10
JGCMEBMXRHSZKX,CTEPH,0.03333333333333333,0.23333333333333334,-0.2,10.5,8,0.8888888888888888,0.0,0.0,0.0,0.0,0.0,0.0,3,0,1,1,0.5539243,0.13972376612999998,2.0,10
JGCMEBMXRHSZKX,"Hypertension, Pulmonary",0.2,0.1,0.1,10.5,8,0.8888888888888888,0.0,0.0,0.0,0.0,0.0,0.0,3,0,1,1,0.08002817,0.021119774311111107,0.0,9
PSGAAPLEWMOORI,Endometrial Cancer,0.23333333333333334,0.5666666666666667,-0.3333333333333333,2.0,5,1.0,0.0,0.0,0.0,0.0,0.0,0.0,0,0,1,1,0.4065623,0.131782520676,0.0,10
SGDBTWWWUNNDEQ,AL Amyloidosis,0.0,0.0,0.0,0.0,0,0.0,0.0,0.0,0.0,0.0,0.0,0.0,0,0,1,0,0.35198998,0.17363482800000002,0.0,10
SGDBTWWWUNNDEQ,Acute Myeloid Leukemia,0.0,0.0,0.0,0.0,0,0.0,0.0,0.0,0.0,0.0,0.0,0.0,0,0,1,0,0.42416865,0.1768570002,0.0,10
KBOPZPXVLCULAV,inflammatory bowel disease,0.0,0.0,0.0,7.25,0,0.0,0.0,0.0,0.0,0.0,0.0,0.0,5,0,0,1,,,,0
XZWYZXLIPXDOLR,COPD,0.26666666666666666,0.26666666666666666,0.0,9.0,9,0.3333333333333333,0.0,0.0,0.0,0.0,0.0,0.0,5,0,1,1,0.3505437,0.16075378629999998,0.0,10
XZWYZXLIPXDOLR,Autosomal Dominant Polycystic Kidney Disease,0.06666666666666667,0.03333333333333333,0.03333333333333333,9.0,13,0.48148148148148145,0.0,0.0,0.0,0.0,0.0,0.0,5,0,1,1,0.20295455,0.10065128029999999,0.0,10
XZWYZXLIPXDOLR,Parkinson Disease,0.4,0.2,0.2,9.0,8,0.2962962962962963,0.7447152270742359,0.0,0.0,0.566509824753281,0.0,0.0,5,0,1,1,0.27141896,0.10742487154,0.0,10
XZWYZXLIPXDOLR,preeclampsia,0.2,0.16666666666666666,0.03333333333333333,9.0,13,0.48148148148148145,0.0,0.0,0.0,0.0,0.0,0.0,5,0,1,1,0.41642362,0.19074218125555556,0.0,9
XZWYZXLIPXDOLR,Type2 Diabetes Mellitus,0.0,0.0,0.0,9.0,0,0.0,0.0,0.0,0.0,0.0,0.0,0.0,5,0,0,1,,,,0
XZWYZXLIPXDOLR,schizophrenia,0.2,0.16666666666666666,0.03333333333333333,9.0,7,0.25925925925925924,0.0,0.0,0.0,0.0,0.0,0.0,5,0,1,1,0.23909211,0.06981302534,0.0,10
XZWYZXLIPXDOLR,Tuberculosis,0.36666666666666664,0.26666666666666666,0.1,9.0,14,0.5185185185185185,0.0,0.0,0.0,0.0,0.0,0.0,5,0,1,1,0.4514254,0.09817330260000001,0.0,10
XZWYZXLIPXDOLR,Familial adenomatous polyposis,0.4666666666666667,0.26666666666666666,0.2,9.0,23,0.8518518518518519,0.0,0.0,0.0,0.0,0.0,0.0,5,0,1,1,0.20067233,0.06146210065,0.0,10
XZWYZXLIPXDOLR,Prostate Cancer,0.6333333333333333,0.3333333333333333,0.3,9.0,14,0.5185185185185185,0.0,0.0,0.0,0.0,0.0,0.0,5,0,1,1,0.43027842,0.1010360141,0.0,10
XZWYZXLIPXDOLR,Idiopathic Pulmonary Fibrosis,0.4,0.3333333333333333,0.06666666666666667,9.0,1,0.037037037037037035,0.0,0.0,0.0,0.0,0.0,0.0,5,0,1,1,0.47482,0.18375571880000002,0.0,10
USSIQXCVUWKGNF,"Pain, Postoperative",0.14285714285714285,0.2857142857142857,-0.14285714285714285,4.5,2,0.4,0.0,0.0,0.0,0.0,0.0,0.0,5,0,1,1,0.30294055,0.18424867500000003,0.0,7
FBOZXECLQNJBKD,Graft-versus-host Disease (GVHD),0.0,0.06666666666666667,-0.06666666666666667,0.0,6,1.0,0.0,0.0,0.0,0.0,0.0,0.0,0,1,1,1,0.94025534,0.1979061493,1.0,10
FBOZXECLQNJBKD,Acute Myeloid Leukemia,0.0,0.03333333333333333,-0.03333333333333333,0.0,1,0.16666666666666666,0.0,0.0,0.0,0.0,0.2913204382154888,0.0,0,0,1,1,0.2280877,0.0921870424,0.0,10
FBOZXECLQNJBKD,giant cell arteritis,0.0,0.03333333333333333,-0.03333333333333333,0.0,6,1.0,0.0,0.0,0.0,0.0,0.0,0.0,0,1,1,1,0.94025534,0.2722464571,1.0,10
FBOZXECLQNJBKD,severe aplastic anemia,0.0,0.0,0.0,0.0,6,1.0,0.0,0.0,0.0,0.0,0.0,0.0,0,1,1,1,0.94025534,0.2820088388888889,1.0,9
FBOZXECLQNJBKD,juvenile idiopathic arthritis,0.0,0.03333333333333333,-0.03333333333333333,0.0,6,1.0,0.0,0.0,0.0,0.0,0.0,0.022760651419878694,0,1,1,1,0.94025534,0.1984752535,1.0,10
VHRSUDSXCMQTMA,acute respiratory distress syndrome,0.20689655172413793,0.034482758620689655,0.1724137931034483,16.0,1,1.0,0.0,0.0,0.0,0.0,0.3457606411416095,0.0,0,1,1,1,0.84050554,0.4294850984,5.0,10
VHRSUDSXCMQTMA,Influenza,0.3,0.16666666666666666,0.13333333333333333,16.0,1,1.0,0.0,0.0,0.0,0.0,0.0,0.0,0,0,1,1,0.39623696,0.254281286,0.0,10
VHRSUDSXCMQTMA,Acute Ischemic Stroke,0.2,0.3333333333333333,-0.13333333333333333,16.0,0,0.0,0.0,0.0,0.0,0.0,0.0,0.0,0,0,1,1,0.7033145,0.21373507460000002,2.0,10
VHRSUDSXCMQTMA,Multiple Sclerosis,0.26666666666666666,0.16666666666666666,0.1,16.0,1,1.0,0.0,0.0,0.0,0.4983940764479856,0.0,0.0,0,1,1,1,0.84050554,0.5223279470000002,5.0,10
VHRSUDSXCMQTMA,Systemic Lupus Erythematosus,0.4666666666666667,0.26666666666666666,0.2,16.0,1,1.0,0.0,0.0,0.0,0.0,0.31247642997237324,0.0,0,1,1,1,0.84050554,0.387845242,4.0,10
VHRSUDSXCMQTMA,Lupus Nephritis,0.26666666666666666,0.23333333333333334,0.03333333333333333,16.0,1,1.0,0.0,0.0,0.0,0.0,0.0,0.0,0,1,1,1,0.84050554,0.29012738930000004,2.0,10
VHRSUDSXCMQTMA,Carpal Tunnel Syndrome,0.13333333333333333,0.23333333333333334,-0.1,16.0,1,1.0,0.0,0.0,0.0,0.0,0.0,0.0,0,1,1,1,0.2584454,0.11409864550000001,0.0,10
VHRSUDSXCMQTMA,Diffuse Large B-Cell Lymphoma,0.7,0.5666666666666667,0.13333333333333333,16.0,1,1.0,0.0,0.0,0.0,0.0,0.0,0.0,0,0,1,1,0.6715339,0.22209385999999998,1.0,10
PLBHSZGDDKCEHR,Carpal Tunnel Syndrome,0.13333333333333333,0.23333333333333334,-0.1,16.0,1,1.0,0.0,0.0,0.0,0.0,0.0,0.0,0,1,1,1,0.31275326,0.1383287882,0.0,10
TTWJBBZEZQICBI,Gastroenteritis,0.3,0.2,0.1,11.0,6,0.6,0.0,0.0,0.0,0.0,0.0,0.0,0,0,1,1,0.29798284,0.10619840946999999,0.0,10
IUBSYMUCCVWXPE,"Muscular Dystrophy, Duchenne",0.06666666666666667,0.16666666666666666,-0.1,3.0,2,0.15384615384615385,0.0,0.0,0.0,0.0,0.0,0.0,0,0,1,1,0.16937765,0.07509987012000001,0.0,10
DYKFCLLONBREIL,Rheumatoid Arthritis,0.0,0.0,0.0,0.0,0,0.0,0.0,0.0,0.0,0.0,0.0,0.0,0,0,1,0,0.0,0.0,0.0,10
DYKFCLLONBREIL,intracerebral hemorrhage,0.0,0.0,0.0,0.0,0,0.0,0.0,0.0,0.0,0.0,0.0,0.0,0,0,1,0,0.0,0.0,0.0,10
DYKFCLLONBREIL,Ischaemic Stroke,0.0,0.0,0.0,0.0,0,0.0,0.0,0.0,0.0,0.0,0.0,0.0,0,0,1,0,0.0,0.0,0.0,10
PBAPPPCECJKMCM,ureteral stent-related symptoms,0.0,0.0,0.0,2.0,0,0.0,0.0,0.0,0.0,0.0,0.0,0.0,0,0,0,1,,,,0
XAYGBKHKBBXDAK,Sickle Cell Disease,0.0,0.0,0.0,0.0,9,1.0,0.0,0.0,0.0,0.0,0.456115279178059,0.0,5,1,1,1,0.4353411,0.18630183360000002,0.0,10
KKZJGLLVHKMTCM,Acute Myeloid Leukemia,0.0,0.26666666666666666,-0.26666666666666666,0.0,1,1.0,0.0,0.0,0.0,0.0,0.0,0.0,0,0,1,1,0.7595151,0.2974417285,2.0,10
BQJCRHHNABKAKU,"Pain, Postoperative",0.14285714285714285,0.2857142857142857,-0.14285714285714285,9.0,2,0.4,0.0,0.0,0.0,0.0,0.0,0.0,0,0,1,1,0.08072747,0.049753750571428564,0.0,7
BQJCRHHNABKAKU,Pain Management,0.16666666666666666,0.16666666666666666,0.0,9.0,5,1.0,0.0,0.0,0.0,0.0,0.0,0.0,0,1,1,1,0.20043962,0.06467716499000001,0.0,10
BQJCRHHNABKAKU,Pain,0.23333333333333334,0.2,0.03333333333333333,9.0,5,1.0,0.5236630062353352,0.0,0.0,0.0,0.0,0.0,0,1,1,1,0.9842876,0.1607110039,1.0,10
RTGDFNSFWBGLEC,Graft-versus-host Disease (GVHD),0.0,0.3333333333333333,-0.3333333333333333,0.0,4,1.0,0.0,0.0,0.0,0.0,0.0,0.0,5,1,1,1,0.097017236,0.0249393607,0.0,10
RTGDFNSFWBGLEC,Graft-versus-host Disease,0.0,0.3333333333333333,-0.3333333333333333,0.0,4,1.0,0.0,0.0,0.0,0.0,0.0,0.0,5,1,1,1,0.097017236,0.0249393607,0.0,10
UZHSEJADLWPNLE,opioid use disorder,0.1,0.26666666666666666,-0.16666666666666666,9.0,5,1.0,0.8551488348715596,0.0,0.0,0.0,0.0,0.0,0,1,1,1,0.98985946,0.32853335185000004,3.0,10
DQCKKXVULJGBQN,obesity,0.1,0.3333333333333333,-0.23333333333333334,6.333333333333333,6,0.8571428571428571,0.0,0.0,0.0,0.0,0.4396185366019365,0.0,0,0,1,1,0.26542127,0.0640423769,0.0,10
DQCKKXVULJGBQN,opioid dependence,0.0,0.0,0.0,6.333333333333333,0,0.0,0.0,0.0,0.0,0.0,0.0,0.0,0,0,0,1,,,,0
ZBBHBTPTTSWHBA,Acute Ischemic Stroke,0.0,0.36666666666666664,-0.36666666666666664,0.0,12,0.35294117647058826,0.0,0.0,0.0,0.0,0.0,0.0,5,0,1,1,0.7157006,0.2144986253,2.0,10
SNICXCGAKADSCV,nicotine dependence,0.0,0.0,0.0,0.0,5,1.0,0.8114041190865997,0.0,0.0,0.0,0.0,0.0,5,1,1,1,0.7556555,0.43013230199999997,4.0,10
HYIMSNHJOBLJNT,Preterm premature rupture of membranes,0.0,0.2,-0.2,0.0,37,1.0,0.0,0.0,0.0,0.0,0.0,0.0,5,1,1,1,0.56415206,0.31324484739999997,3.0,10
XZXHXSATPCNXJR,Systemic Sclerosis,0.5357142857142857,0.35714285714285715,0.17857142857142858,16.333333333333332,15,0.4838709677419355,0.0,0.0,0.0,0.0,0.0,0.0,5,0,1,1,0.485988,0.1727861618,0.0,10
PCHKPVIQAHNQLW,Cancer,0.8333333333333334,0.7333333333333333,0.1,11.5,4,0.8,0.6815463541165917,0.0,0.0,0.0,0.0,0.0,0,0,1,1,0.7432656,0.327531008,2.0,10
PCHKPVIQAHNQLW,Neoplasms,0.0,0.0,0.0,11.5,0,0.0,0.0,0.0,0.0,0.0,0.0,0.0,0,0,1,1,0.22595122,0.22595122,0.0,1
YQNQNVDNTFHQSW,hepatic encephalopathy,0.0,0.0,0.0,0.0,0,0.0,0.0,0.0,0.0,0.0,0.0,0.0,0,0,1,1,0.80235016,0.565638996,4.0,5
VIKNJXKGJWUCNN,Endometriosis,0.2,0.3333333333333333,-0.13333333333333333,2.0,5,1.0,0.5256683512342566,0.0,0.0,0.0,0.0,0.0,0,1,1,1,0.70338184,0.257070409,2.0,10
IMONTRJLAWHYGT,Endometriosis,0.2,0.3333333333333333,-0.13333333333333333,2.0,5,1.0,0.5256683512342566,0.0,0.0,0.0,0.0,0.0,0,1,1,1,0.86125815,0.271226788,2.0,10
KVWDHTXUZHCGIO,Chemotherapy Induced Nausea and Vomiting,0.26666666666666666,0.06666666666666667,0.2,7.4,13,1.0,0.0,0.0,0.0,0.0,0.0,0.0,0,1,1,1,0.9268346,0.611270768,7.0,10
KVWDHTXUZHCGIO,Multiple Myeloma,0.3333333333333333,0.16666666666666666,0.16666666666666666,7.4,7,0.5384615384615384,0.0,0.0,0.0,0.0,0.0,0.0,0,0,1,1,0.37404191,0.1490662599,0.0,10
FDLYAMZZIXQODN,Endometrial Cancer,0.7,0.6666666666666666,0.03333333333333333,7.666666666666667,4,0.8,0.0,0.0,0.0,0.0,0.0,0.0,0,0,1,1,0.49874797,0.1464723867,0.0,10
SUBDBMMJDZJVOS,Breast Cancer,0.0,0.0,0.0,0.0,1,0.25,0.0,0.0,0.0,0.0,0.0,0.0,0,0,1,1,0.85601723,0.43908312600000005,5.0,10
FELGMEQIXOGIFQ,Gastroenteritis,0.0,0.0,0.0,0.0,2,0.6666666666666666,0.0,0.0,0.0,0.0,0.0,0.0,0,0,1,1,0.43658674,0.241114416,0.0,10
XRVDGNKRPOAQTN,"Colitis, Ulcerative",0.26666666666666666,0.1,0.16666666666666666,2.0,2,1.0,0.04422167588165474,0.0,0.0,0.0,0.0,0.0,0,0,1,1,0.3652057,0.07361670925000001,0.0,10
RCINICONZNJXQF,Endometrial Cancer,0.2,0.5333333333333333,-0.3333333333333333,0.26666666666666666,12,0.8571428571428571,0.0,0.0,0.0,0.0,0.0,0.0,5,0,1,1,0.61241,0.19827830285700002,2.0,10
RCINICONZNJXQF,Non-Small Cell Lung Cancer,0.16666666666666666,0.7,-0.5333333333333333,0.26666666666666666,13,0.9285714285714286,0.0,0.0,0.0,0.0,0.0,0.0,5,0,1,1,0.72346026,0.20977074399999998,1.0,10
RCINICONZNJXQF,Metastatic Pancreatic Cancer,0.23333333333333334,0.5333333333333333,-0.3,0.26666666666666666,12,0.8571428571428571,0.0,0.0,0.0,0.25229128100882275,0.0,0.0,5,0,1,1,0.5613676,0.1863476066,1.0,10
RCINICONZNJXQF,Bladder Cancer,0.3333333333333333,0.6,-0.26666666666666666,0.26666666666666666,12,0.8571428571428571,0.0,0.0,0.0,0.607930797611621,0.0,0.0,5,0,1,1,0.48331267,0.1477983778,0.0,10
RCINICONZNJXQF,Metastatic Pancreatic Ductal Adenocarcinoma,0.2,0.23333333333333334,-0.03333333333333333,0.26666666666666666,13,0.9285714285714286,0.0,0.0,0.0,0.0,0.0,0.06663274164556973,5,1,1,1,0.8855593,0.25337276830000005,2.0,10
RCINICONZNJXQF,Pancreatic Cancer,0.26666666666666666,0.5,-0.23333333333333334,0.26666666666666666,8,0.5714285714285714,0.0,0.0,0.0,0.0,0.0,0.0,5,0,1,1,0.8855593,0.1644892141,1.0,10
RCINICONZNJXQF,"Carcinoma, Non-Small-Cell Lung",0.0,0.0,0.0,0.26666666666666666,0,0.0,0.0,0.0,0.0,0.0,0.0,0.0,5,0,0,1,,,,0
RCINICONZNJXQF,Cancer,0.16666666666666666,0.7,-0.5333333333333333,0.26666666666666666,13,0.9285714285714286,0.4779125267362147,0.0,0.2279740491043579,0.607930797611621,0.0,0.0,5,0,1,1,0.84793645,0.27887411710000004,2.0,10
RCINICONZNJXQF,SCLC,0.13333333333333333,0.5333333333333333,-0.4,0.26666666666666666,11,0.7857142857142857,0.0,0.0,0.0,0.0,0.0,0.1431963198319518,5,0,1,1,0.9120339,0.3098462072,2.0,10
RCINICONZNJXQF,Neoplasms,0.0,0.0,0.0,0.26666666666666666,0,0.0,0.0,0.0,0.0,0.0,0.0,0.0,5,0,1,1,0.44032305,0.44032305,0.0,1
RCINICONZNJXQF,Urothelial Carcinoma,0.16666666666666666,0.6333333333333333,-0.4666666666666667,0.26666666666666666,12,0.8571428571428571,0.0,0.0,0.0,0.0,0.0,0.0,5,0,1,1,0.8375975,0.1474064606456,1.0,10
RCINICONZNJXQF,Advanced Endometrial Cancer,0.2,0.5333333333333333,-0.3333333333333333,0.26666666666666666,12,0.8571428571428571,0.0,0.0,0.0,0.0,0.0,0.0,5,0,1,1,0.61241,0.19827830285700002,2.0,10
WBXPDJSOTKVWSJ,Non-Small Cell Lung Cancer,0.0,0.13333333333333333,-0.13333333333333333,0.0,1,0.1111111111111111,0.0,0.0,0.0,0.0,0.0,0.0,0,0,1,1,0.3055033,0.130114102,0.0,10
WBXPDJSOTKVWSJ,"Carcinoma, Non-Small-Cell Lung",0.0,0.0,0.0,0.0,0,0.0,0.0,0.0,0.0,0.0,0.0,0.0,0,0,0,1,,,,0
WBXPDJSOTKVWSJ,Cancer,0.0,0.2,-0.2,0.0,1,0.1111111111111111,0.7018351466212964,0.0,0.0,0.5318190799849095,0.35510757715488817,0.0,0,0,1,1,0.35806787,0.15551093200000002,0.0,10
WBXPDJSOTKVWSJ,Neoplasms,0.0,0.0,0.0,0.0,2,0.2222222222222222,0.0,0.0,0.0,0.0,0.0,0.0,0,0,1,1,0.18594025,0.18594025,0.0,1
SONNWYBIRXJNDC,Acute Ischemic Stroke,0.06666666666666667,0.0,0.06666666666666667,8.0,5,0.5555555555555556,0.0,0.0,0.0,0.0,0.0,0.0,0,0,1,1,0.19803298,0.0761515788,0.0,10
QYSPLQLAKJAUJT,contraception,0.2916666666666667,0.3333333333333333,-0.041666666666666664,3.5,24,1.0,0.0,0.0,0.0,0.0,0.0,0.0,2,1,1,1,0.45144415,0.23009832169999997,0.0,10
OIGNJSKKLXVSLS,Follicular Lymphoma,0.5,0.3,0.2,16.0,1,1.0,0.0,0.0,0.0,0.0,0.0,0.0,0,1,1,1,0.6157801,0.22524851380000005,2.0,10
OIGNJSKKLXVSLS,acute respiratory distress syndrome,0.20689655172413793,0.034482758620689655,0.1724137931034483,16.0,1,1.0,0.0,0.0,0.0,0.0,0.3457606411416095,0.0,0,1,1,1,0.8674861,0.35002059550000003,3.0,10
OIGNJSKKLXVSLS,Glaucoma,0.3,0.4666666666666667,-0.16666666666666666,16.0,1,1.0,0.0,0.0,0.0,0.0,0.0,0.0,0,0,1,1,0.3053766,0.1251433571,0.0,10
OIGNJSKKLXVSLS,Influenza,0.3,0.16666666666666666,0.13333333333333333,16.0,1,1.0,0.0,0.0,0.0,0.0,0.0,0.0,0,0,1,1,0.30199093,0.19384105050000003,0.0,10
OIGNJSKKLXVSLS,"Glomerulonephritis, IGA",0.6333333333333333,0.6,0.03333333333333333,16.0,1,1.0,0.0,0.0,0.0,0.0,0.0,0.0,0,0,1,1,0.46466056,0.19150342300000003,0.0,10
OIGNJSKKLXVSLS,Acute Ischemic Stroke,0.2,0.3333333333333333,-0.13333333333333333,16.0,0,0.0,0.0,0.0,0.0,0.0,0.0,0.0,0,0,1,1,0.5360292,0.16289760076,1.0,10
OIGNJSKKLXVSLS,Multiple Sclerosis,0.26666666666666666,0.16666666666666666,0.1,16.0,1,1.0,0.0,0.0,0.0,0.4983940764479856,0.0,0.0,0,1,1,1,0.8674861,0.42078051499999997,4.0,10
OIGNJSKKLXVSLS,Prostate Cancer,0.5666666666666667,0.36666666666666664,0.2,16.0,1,1.0,0.0,0.0,0.2279740491043579,0.0,0.0,0.0,0,0,1,1,0.8393092,0.17525274975,2.0,10
OIGNJSKKLXVSLS,Systemic Lupus Erythematosus,0.4666666666666667,0.26666666666666666,0.2,16.0,1,1.0,0.0,0.0,0.0,0.0,0.31247642997237324,0.0,0,1,1,1,0.8674861,0.318284903,3.0,10
OIGNJSKKLXVSLS,Lupus Nephritis,0.26666666666666666,0.23333333333333334,0.03333333333333333,16.0,1,1.0,0.0,0.0,0.0,0.0,0.0,0.0,0,1,1,1,0.8674861,0.24385077459999996,1.0,10
OIGNJSKKLXVSLS,Carpal Tunnel Syndrome,0.13333333333333333,0.23333333333333334,-0.1,16.0,1,1.0,0.0,0.0,0.0,0.0,0.0,0.0,0,1,1,1,0.19697346,0.0869599676,0.0,10
OIGNJSKKLXVSLS,Chronic Graft Versus Host Disease,0.5666666666666667,0.4666666666666667,0.1,16.0,1,1.0,0.0,0.0,0.0,0.0,0.0,0.0,0,1,1,1,0.8674861,0.29398840400000004,3.0,10
OIGNJSKKLXVSLS,Diffuse Large B-Cell Lymphoma,0.7,0.5666666666666667,0.13333333333333333,16.0,1,1.0,0.0,0.0,0.0,0.0,0.0,0.0,0,0,1,1,0.5118077,0.1692682225,1.0,10
LRJOMUJRLNCICJ,Carpal Tunnel Syndrome,0.13333333333333333,0.23333333333333334,-0.1,16.0,1,1.0,0.0,0.0,0.0,0.0,0.0,0.0,0,1,1,1,0.24897824,0.11997028659999998,0.0,10
XOFYZVNMUHMLCC,Follicular Lymphoma,0.5,0.3,0.2,16.0,1,1.0,0.0,0.0,0.0,0.0,0.0,0.0,0,1,1,1,0.7873652,0.2988738336,3.0,10
XOFYZVNMUHMLCC,giant cell arteritis,0.36666666666666664,0.4,-0.03333333333333333,16.0,1,1.0,0.0,0.0,0.0,0.0,0.0,0.0,0,1,1,1,0.7971067,0.34584713499999997,4.0,10
XOFYZVNMUHMLCC,Multiple Myeloma,0.43333333333333335,0.26666666666666666,0.16666666666666666,16.0,0,0.0,0.0,0.0,0.0,0.0,0.0,0.0,0,0,1,1,0.4788693,0.15655027559999998,0.0,10
XOFYZVNMUHMLCC,Diffuse Large B-Cell Lymphoma,0.7,0.5666666666666667,0.13333333333333333,16.0,1,1.0,0.0,0.0,0.0,0.0,0.0,0.0,0,0,1,1,0.86056906,0.258433372,2.0,10
XOFYZVNMUHMLCC,Chronic Graft Versus Host Disease,0.5666666666666667,0.4666666666666667,0.1,16.0,1,1.0,0.0,0.0,0.0,0.0,0.0,0.0,0,1,1,1,0.7890131,0.32587559409999994,4.0,10
MVFGUOIZUNYYSO,"Infertility, Female",0.0,0.3,-0.3,0.0,2,0.4,0.0,0.0,0.0,0.0,0.31119977529738885,0.0,5,0,1,1,0.40194988,0.2165350107,0.0,10
WIKYUJGCLQQFNW,migraine,0.3,0.1,0.2,11.0,8,0.8,0.0,0.0,0.0,0.0,0.0,0.0,0,0,1,1,0.8392086,0.22601747649999998,1.0,10
GZUITABIAKMVPG,Breast Cancer,0.6333333333333333,0.6666666666666666,-0.03333333333333333,40.0,10,1.0,0.7362363711407216,0.0,0.8496114818642673,0.8492097570461924,0.2784930983858836,0.0,0,1,1,1,0.6985095,0.2730041633,2.0,10
RHXHGRAEPCAFML,Metastatic Breast Cancer,0.7333333333333333,0.6666666666666666,0.06666666666666667,24.0,29,1.0,0.0,0.0,0.8699743018321302,0.3981682350153665,0.0,0.0,5,1,1,1,0.54863566,0.25899131080000004,1.0,10
RHXHGRAEPCAFML,Early Breast Cancer,0.7333333333333333,0.6666666666666666,0.06666666666666667,24.0,29,1.0,0.0,0.0,0.8699743018321302,0.3981682350153665,0.0,0.0,5,1,1,1,0.54863566,0.25899131080000004,1.0,10
FTALBRSUTCGOEG,Amyotrophic Lateral Sclerosis,0.0,0.3,-0.3,0.0,2,0.4,0.0,0.0,0.0,0.0,0.552705146459485,0.0,5,1,1,1,0.48678455,0.256269724,0.0,10
KGFYHTZWPPHNLQ,Behcet syndrome,0.0,0.03333333333333333,-0.03333333333333333,7.0,0,0.0,0.0,0.0,0.0,0.0,0.0,0.0,5,0,1,1,0.16249706,0.0796461136,0.0,10
XSVMFMHYUFZWBK,Alzheimer disease,0.0,0.06666666666666667,-0.06666666666666667,0.0,3,1.0,0.0,0.0,0.0,0.0,0.0,0.0,0,1,1,1,0.95230407,0.20817184540000003,1.0,10
MNDBXUUTURYVHR,plaque psoriasis,0.5333333333333333,0.2,0.3333333333333333,0.25,5,1.0,0.1475191485167843,0.0,0.0,0.0,0.0,0.0,0,1,1,1,0.7020232,0.1936717683,1.0,10
MNDBXUUTURYVHR,"Depressive Disorder, Major",0.4,0.13333333333333333,0.26666666666666666,0.25,2,0.4,0.6471491402398376,0.0,0.0,0.0,0.0,0.0,0,0,1,1,0.17300333,0.0738062411,0.0,10
ZKMNUMMKYBVTFN,Chronic pain,0.0,0.03333333333333333,-0.03333333333333333,0.0,1,1.0,0.0,0.0,0.0,0.0,0.0,0.0,0,1,1,1,0.4140543,0.2662929904,0.0,10
KFQYTPMOWPVWEJ,Alzheimer disease,0.23333333333333334,0.2,0.03333333333333333,7.666666666666667,8,0.8,0.0,0.0,0.0,0.0,0.0,0.0,0,0,1,1,0.40050793,0.1439329627,0.0,10
HMABYWSNWIZPAG,Cancer,0.8333333333333334,0.7333333333333333,0.1,7.666666666666667,4,0.8,0.6815463541165917,0.0,0.0,0.0,0.0,0.0,0,0,1,1,0.6770009,0.354161609,2.0,10
HFNKQEVNSGCOJV,myelofibrosis,0.8333333333333334,0.6666666666666666,0.16666666666666666,50.0,38,1.0,0.0,0.607930797611621,0.607930797611621,0.607930797611621,0.3906360661853073,0.0,5,1,1,1,0.70449024,0.30979517640000004,3.0,10
DEVSOMFAQLZNKR,myelofibrosis,0.3333333333333333,0.23333333333333334,0.1,2.0,5,1.0,0.0,0.0,0.0,0.0,0.0,0.0,0,1,1,1,0.069757864,0.023720499800000003,0.0,10
DEVSOMFAQLZNKR,Endometrial Cancer,0.4666666666666667,0.3,0.16666666666666666,2.0,2,0.4,0.0,0.0,0.6839221473130737,0.0,0.0,0.0,0,0,1,1,0.18963279,0.0752645189,0.0,10
DEVSOMFAQLZNKR,Acute Myeloid Leukemia,0.2,0.16666666666666666,0.03333333333333333,2.0,2,0.4,0.0,0.0,0.4559480982087158,0.0,0.0,0.0,0,0,1,1,0.35425055,0.0916920206,0.0,10
RYMZZMVNJRMUDD,Primary Sclerosing Cholangitis,0.0,0.13333333333333333,-0.13333333333333333,0.0,0,0.0,0.0,0.0,0.0,0.0,0.0,0.0,3,0,1,1,0.9798581,0.221149038,1.0,10
RYMZZMVNJRMUDD,Cirrhosis,0.0,0.06666666666666667,-0.06666666666666667,0.0,2,0.5,0.0,0.0,0.0,0.0,0.0,0.0,3,0,1,1,0.9163057,0.4623114613,5.0,10
MFFMDFFZMYYVKS,Type 1 Diabetes,0.0,0.13333333333333333,-0.13333333333333333,0.0,1,0.5,0.0,0.0,0.0,0.0,0.846742479705901,0.0,0,0,1,1,0.110008724,0.061505933699999994,0.0,10
FBOUYBDGKBSUES,ureteral stent-related symptoms,0.0,0.0,0.0,5.0,0,0.0,0.0,0.0,0.0,0.0,0.0,0.0,0,0,0,1,,,,0
LXMSZDCAJNLERA,Rheumatoid Arthritis,0.13333333333333333,0.23333333333333334,-0.1,1.0,0,0.0,0.0,0.0,0.0,0.0,0.0,0.0,5,0,1,1,0.8002449,0.1232311103,1.0,10
LXMSZDCAJNLERA,Heart Failure With Preserved Ejection Fraction,0.0,0.0,0.0,1.0,0,0.0,0.0,0.0,0.0,0.0,0.0,0.0,5,0,0,1,,,,0
GGCSSNBKKAUURC,Pain Management,0.16666666666666666,0.16666666666666666,0.0,9.0,5,1.0,0.0,0.0,0.0,0.0,0.0,0.0,0,1,1,1,0.3542331,0.12457945860000001,0.0,10
NCEXYHBECQHGNR,Rheumatoid Arthritis,0.26666666666666666,0.3,-0.03333333333333333,2.3333333333333335,26,1.0,0.0,0.0,0.0,0.0,0.2645714831205775,0.07992442723504707,2,1,1,1,0.652903,0.340638722,3.0,10
NCEXYHBECQHGNR,Metastatic Colorectal Cancer,0.7333333333333333,0.8666666666666667,-0.13333333333333333,2.3333333333333335,20,0.7692307692307693,0.0,0.0,0.0,0.0,0.0,0.0,2,0,1,1,0.5550969,0.20737671410000003,1.0,10
WINHZLLDWRZWRT,Cancer,1.0,0.7666666666666667,0.23333333333333334,16.444444444444443,35,0.8974358974358975,0.9701286179166936,0.9356261016183203,0.922718152153416,0.9773607557856371,0.9489456225348631,0.0,5,1,1,1,0.9373174,0.4207752545,5.0,10
WINHZLLDWRZWRT,renal cell carcinoma,0.9,0.7666666666666667,0.13333333333333333,16.444444444444443,39,1.0,0.0,0.0,0.6517524759394587,0.0,0.0,0.0,5,1,1,1,0.9463718,0.616503508,8.0,10
WINHZLLDWRZWRT,GIST,0.8333333333333334,0.7,0.13333333333333333,16.444444444444443,39,1.0,0.908559202751775,0.8168275681045472,0.7814745002642415,0.9607983220922475,0.4653556753190563,0.0,5,1,1,1,0.9600881,0.6776129089999999,7.0,10
JYTNQNCOQXFQPK,insomnia,0.1,0.3333333333333333,-0.23333333333333334,7.5,3,1.0,0.0,0.0,0.0,0.0,0.0,0.0,0,1,1,1,0.031678744,0.0031678744000000003,0.0,10
WOXKDUGGOYFFRN,erectile dysfunction,0.0,0.03333333333333333,-0.03333333333333333,0.0,3,1.0,0.0,0.0,0.0,0.0,0.0,0.0,0,1,1,1,0.95248985,0.14118827577999998,1.0,10
WOXKDUGGOYFFRN,Duchenne Muscular Dystrophy,0.0,0.0,0.0,0.0,0,0.0,0.0,0.0,0.0,0.0,0.0,0.0,0,0,1,1,0.23724449,0.06914841220000001,0.0,10
HWGQMRYQVZSGDQ,Prostate Cancer,0.5,0.4,0.1,11.5,3,0.6,0.0,0.0,0.0,0.0,0.0,0.0,0,0,1,1,0.52501404,0.25174958,1.0,10
NKANXQFJJICGDU,hot flashes,0.1,0.1,0.0,40.0,10,1.0,0.0,0.0,0.0,0.0,0.0,0.0,0,1,1,1,0.5265145,0.3299770232,2.0,10
NKANXQFJJICGDU,Infertility,0.13333333333333333,0.16666666666666666,-0.03333333333333333,40.0,1,0.1,0.6450426300535506,0.0,0.0,0.0,0.8203188616692642,0.0,0,0,1,1,0.6218893,0.43026923146999996,5.0,10
NKANXQFJJICGDU,Diffuse Large B Cell Lymphoma,0.0,0.0,0.0,40.0,0,0.0,0.0,0.0,0.0,0.0,0.0,0.0,0,0,0,1,,,,0
DRHKJLXJIQTDTD,ureteral stent-related symptoms,0.0,0.0,0.0,6.0,0,0.0,0.0,0.0,0.0,0.0,0.0,0.0,0,0,0,1,,,,0
ZISJNXNHJRQYJO,Atopic Dermatitis,0.0,0.3,-0.3,0.0,4,1.0,0.0,0.0,0.0,0.0,0.0,0.0,0,1,1,1,0.3346229,0.15611942339999998,0.0,10
UEJJHQNACJXSKW,Multiple Myeloma,0.23333333333333334,0.26666666666666666,-0.03333333333333333,3.0,15,1.0,0.0,0.0,0.42555155832813474,0.9066612367713315,0.0,0.0,3,1,1,1,0.48636,0.21854792229999997,0.0,10
UEJJHQNACJXSKW,Hepatocellular Carcinoma,0.5666666666666667,0.6666666666666666,-0.1,3.0,11,0.7333333333333333,0.0,0.0,0.0,0.0,0.0,0.0,3,0,1,1,0.58491653,0.371721619,2.0,10
OEKWJQXRCDYSHL,Ischemic Stroke,0.06666666666666667,0.06666666666666667,0.0,4.0,3,1.0,0.0,0.0,0.0,0.0,0.0,0.0,5,1,1,1,0.0,0.0,0.0,10
KJADKKWYZYXHBB,migraine,0.1,0.26666666666666666,-0.16666666666666666,0.05405405405405406,26,0.8387096774193549,0.8777332696704853,0.8186866817578015,0.0,0.0,0.3647601672636327,0.0,5,1,1,1,0.29026338,0.10304443519999999,0.0,10
UCFGDBYHRUNTLO,SCLC,0.0,0.5333333333333333,-0.5333333333333333,2.0,0,0.0,0.0,0.0,0.3039653988058105,0.0,0.0,0.0,0,1,1,1,0.9499373,0.3201076948,3.0,10
XFCLJVABOIYOMF,Breast Cancer,0.6333333333333333,0.6666666666666666,-0.03333333333333333,40.0,10,1.0,0.7362363711407216,0.0,0.8496114818642673,0.8492097570461924,0.2784930983858836,0.0,0,1,1,1,0.59169316,0.16845672967000003,2.0,10
GYDJEQRTZSCIOI,postpartum hemorrhage,0.13333333333333333,0.0,0.13333333333333333,16.0,4,1.0,0.0,0.0,0.0,0.0,0.0,0.0,5,1,1,1,0.95348424,0.284413273,1.0,10
GYDJEQRTZSCIOI,melasma,0.23333333333333334,0.03333333333333333,0.2,16.0,4,1.0,0.0,0.0,0.0,0.0,0.0,0.0,5,1,1,1,0.95348424,0.1886263654,1.0,10
GYDJEQRTZSCIOI,Chronic Subdural Hematomas,0.35714285714285715,0.0,0.35714285714285715,16.0,3,0.75,0.0,0.0,0.0,0.0,0.0,0.0,5,0,1,1,0.3076144,0.14072368879999997,0.0,10
GYDJEQRTZSCIOI,anemia,0.16666666666666666,0.0,0.16666666666666666,16.0,0,0.0,0.15662606121747233,0.0,0.0,0.0,0.0,0.0,5,0,1,1,0.902748,0.23990232800000003,1.0,10
GYDJEQRTZSCIOI,Sepsis,0.43333333333333335,0.03333333333333333,0.4,16.0,3,0.75,0.0,0.0,0.0,0.0,0.0,0.0,5,0,1,1,0.051136516,0.024186724299999997,0.0,10
MKPLKVHSHYCHOC,Glaucoma,0.16666666666666666,0.0,0.16666666666666666,4.0,3,1.0,0.0,0.0,0.0,0.0,0.0,0.0,0,1,1,1,0.18547411,0.07228537809999999,0.0,10
PDGKHKMBHVFCMG,Bladder Cancer,0.8,0.6333333333333333,0.16666666666666666,24.0,29,1.0,0.0,0.0,0.6205960225618631,0.0,0.0,0.0,5,0,1,1,0.45317802,0.144296644,0.0,10
FVTWTVQXNAJTQP,COPD,0.13333333333333333,0.0,0.13333333333333333,5.0,12,1.0,0.4341160287393241,0.0,0.0,0.0,0.0,0.0,0,1,1,1,0.8846396,0.3443704808,2.0,10
WYQFJHHDOKWSHR,Vitiligo,0.6,0.4666666666666667,0.13333333333333333,41.0,28,1.0,0.0,0.0,0.0,0.0,0.0,0.0,5,1,1,1,0.9849855,0.12230149729999999,1.0,10
WYQFJHHDOKWSHR,"Colitis, Ulcerative",0.6333333333333333,0.6666666666666666,-0.03333333333333333,41.0,28,1.0,0.0,0.0,0.0,0.0,0.2547837972790304,0.0,5,0,1,1,0.9775261,0.1002836028,1.0,10
WYQFJHHDOKWSHR,juvenile idiopathic arthritis,0.5,0.6,-0.1,41.0,28,1.0,0.0,0.0,0.0,0.0,0.0,0.0,5,1,1,1,0.0045687305,0.000473423947,0.0,10
WYQFJHHDOKWSHR,Systemic Lupus Erythematosus,0.5,0.4,0.1,41.0,23,0.8214285714285714,0.0,0.0,0.0,0.0,0.2541150734016576,0.0,5,0,1,1,0.11106701,0.022196796344,0.0,10
WYQFJHHDOKWSHR,Alopecia Areata,0.6666666666666666,0.5666666666666667,0.1,41.0,28,1.0,0.0,0.0,0.0,0.0,0.0,0.0,5,1,1,1,0.9849855,0.45155627190000003,4.0,10
GPXBXXGIAQBQNI,Cancer,0.9333333333333333,0.7,0.23333333333333334,15.0,44,1.0,0.8444672437429412,0.7987535201952688,0.9726022357806164,0.9555783832574059,0.0,0.0,5,1,1,1,0.49326268,0.2025981077,0.0,10
GPXBXXGIAQBQNI,Non-Small Cell Lung Cancer,0.8333333333333334,0.6,0.23333333333333334,15.0,44,1.0,0.8536260443462431,0.7835552502549783,0.8742075192829799,0.9580964074361958,0.0,0.0,5,1,1,1,0.9743974,0.402678188,2.0,10
LQBVNQSMGBZMKD,"Leukemia, Myeloid, Acute",0.0,0.0,0.0,8.0,2,0.046511627906976744,0.0,0.0,0.0,0.0,0.0,0.0,0,0,1,1,0.05002561,0.0433966415,0.0,2
LQBVNQSMGBZMKD,Cancer,0.43333333333333335,0.8,-0.36666666666666664,8.0,38,0.8837209302325582,0.6399370836887003,0.0,0.9693376753302496,0.6583890538133856,0.49097407324436787,0.0,0,0,1,1,0.11939871,0.038546316719999994,0.0,10
DJXRIQMCROIRCZ,obesity,0.13333333333333333,0.23333333333333334,-0.1,2.0,9,1.0,0.3742151798631534,0.0,0.0,0.0,0.2822622693310757,0.0,0,1,1,1,0.6118492,0.23939938279999998,3.0,10
DJXRIQMCROIRCZ,Neurogenic Detrusor Overactivity,0.03333333333333333,0.0,0.03333333333333333,2.0,9,1.0,0.0,0.0,0.0,0.0,0.0,0.0,0,1,1,1,0.50259024,0.35467166699999997,1.0,10
OGWKCGZFUXNPDA,Follicular Lymphoma,0.03333333333333333,0.26666666666666666,-0.23333333333333334,2.0,12,1.0,0.0,0.0,0.0,0.0,0.0,0.0,0,1,1,1,0.0,0.0,0.0,10
OGWKCGZFUXNPDA,Diffuse Large B-Cell Lymphoma,0.13333333333333333,0.2,-0.06666666666666667,2.0,12,1.0,0.0,0.0,0.0,0.0,0.0,0.0,0,1,1,1,0.0,0.0,0.0,10
RNOAOAWBMHREKO,Mantle Cell Lymphoma,0.3333333333333333,0.16666666666666666,0.16666666666666666,26.0,7,1.0,0.0,0.0,0.4559480982087158,0.607930797611621,0.0,0.0,5,1,1,1,0.97050107,0.14352673004,1.0,10
RNOAOAWBMHREKO,Diffuse Large B-Cell Lymphoma,0.6666666666666666,0.4,0.26666666666666666,26.0,5,0.7142857142857143,0.0,0.0,0.5288997939221103,0.0,0.0,0.0,5,0,1,1,0.06119409,0.010182023600000001,0.0,10
