NCT_ID,Drug_Clean,IK14,Disease,Disease_raw,overall_status,n_arms,primary_completion_date
NCT05535946,ABX464,OZOGDCZJYVSUBR,Ulcerative Colitis,Ulcerative Colitis,ACTIVE_NOT_RECRUITING,6,2026-04
NCT04803539,Apatinib,WPEWQEMJFLWMLV,Breast Cancer,Breast Cancer,RECRUITING,2,2028-09-01
NCT04342910,Apatinib,WPEWQEMJFLWMLV,Gastric Cancer,Gastric Cancer,RECRUITING,2,2026-04-01
NCT05198609,Apatinib,WPEWQEMJFLWMLV,Hepatocellular Carcinoma,Hepatocellular Carcinoma,ACTIVE_NOT_RECRUITING,2,2026-07-01
NCT05320692,Apatinib,WPEWQEMJFLWMLV,Hepatocellular Carcinoma,Hepatocellular Carcinoma,ACTIVE_NOT_RECRUITING,2,2026-07-30
NCT07309419,Apatinib,WPEWQEMJFLWMLV,Hepatocellular Carcinoma,Hepatocellular Carcinoma,NOT_YET_RECRUITING,2,2030-06-30
NCT06188455,Apatinib,WPEWQEMJFLWMLV,Ovarian Cancer,Ovarian Cancer,NOT_YET_RECRUITING,1,2025-12-01
NCT05815485,Azeliragon,KJNNWYBAOPXVJY,COVID-19,COVID-19,ACTIVE_NOT_RECRUITING,4,2026-04
NCT04036435,BMS-986165,BZZKEPGENYLQSC,psoriasis,Psoriasis,ACTIVE_NOT_RECRUITING,2,2026-07-25
NCT05620407,BMS-986165,BZZKEPGENYLQSC,Systemic Lupus Erythematosus,Systemic Lupus Erythematosus,ACTIVE_NOT_RECRUITING,2,2026-10-19
NCT07326813,BMS-986165,BZZKEPGENYLQSC,plaque psoriasis,Plaque Psoriasis,RECRUITING,4,2027-07-12
NCT06979453,BMS-986165,BZZKEPGENYLQSC,plaque psoriasis,Plaque Psoriasis,RECRUITING,2,2029-10-12
NCT03617731,Bortezomib,GXJABQQUPOEUTA,Multiple Myeloma,Multiple Myeloma,ACTIVE_NOT_RECRUITING,4,2028-06
NCT03651128,Bortezomib,GXJABQQUPOEUTA,Multiple Myeloma,Multiple Myeloma,ACTIVE_NOT_RECRUITING,2,2027-04-08
NCT07285239,Bortezomib,GXJABQQUPOEUTA,Multiple Myeloma,Multiple Myeloma,NOT_YET_RECRUITING,2,2031-11
NCT05083169,Bortezomib,GXJABQQUPOEUTA,Multiple Myeloma,Multiple Myeloma,ACTIVE_NOT_RECRUITING,2,2028-12-08
NCT04246047,Bortezomib,GXJABQQUPOEUTA,Multiple Myeloma,Multiple Myeloma,ACTIVE_NOT_RECRUITING,2,2023-10-02
NCT04181827,Bortezomib,GXJABQQUPOEUTA,Multiple Myeloma,Multiple Myeloma,ACTIVE_NOT_RECRUITING,2,2024-05-01
NCT04923893,Bortezomib,GXJABQQUPOEUTA,Multiple Myeloma,Multiple Myeloma,ACTIVE_NOT_RECRUITING,2,2029-02-14
NCT07624513,Bortezomib,GXJABQQUPOEUTA,Multiple Myeloma,Multiple Myeloma,NOT_YET_RECRUITING,7,2033-10-01
NCT03710603,Bortezomib,GXJABQQUPOEUTA,Multiple Myeloma,Multiple Myeloma,ACTIVE_NOT_RECRUITING,2,2023-08-01
NCT06956170,Bortezomib,GXJABQQUPOEUTA,Multiple Myeloma,Multiple Myeloma,ACTIVE_NOT_RECRUITING,2,2024-05-27
NCT01208662,Bortezomib,GXJABQQUPOEUTA,Multiple Myeloma,Multiple Myeloma,ACTIVE_NOT_RECRUITING,2,2022-02
NCT06464991,Bortezomib,GXJABQQUPOEUTA,Multiple Myeloma,Multiple Myeloma,RECRUITING,2,2027-08
NCT06868654,Bortezomib,GXJABQQUPOEUTA,Multiple Myeloma,Multiple Myeloma,ACTIVE_NOT_RECRUITING,2,2024-04-03
NCT06158841,Bortezomib,GXJABQQUPOEUTA,Multiple Myeloma,Multiple Myeloma,RECRUITING,2,2027-12
NCT04484623,Bortezomib,GXJABQQUPOEUTA,Multiple Myeloma,Multiple Myeloma,ACTIVE_NOT_RECRUITING,2,2024-01-29
NCT06208150,Bortezomib,GXJABQQUPOEUTA,Multiple Myeloma,Multiple Myeloma,RECRUITING,3,2026-04-01
NCT03729804,Bortezomib,GXJABQQUPOEUTA,Multiple Myeloma,Multiple Myeloma,ACTIVE_NOT_RECRUITING,2,2026-12-28
NCT05623020,Bortezomib,GXJABQQUPOEUTA,Multiple Myeloma,Multiple Myeloma,RECRUITING,5,2030-10-18
NCT06868667,Bortezomib,GXJABQQUPOEUTA,Multiple Myeloma,Multiple Myeloma,ACTIVE_NOT_RECRUITING,2,2024-04-03
NCT05257083,Bortezomib,GXJABQQUPOEUTA,Multiple Myeloma,Multiple Myeloma,ACTIVE_NOT_RECRUITING,2,2033-06
NCT04975997,Bortezomib,GXJABQQUPOEUTA,Multiple Myeloma,Multiple Myeloma,ACTIVE_NOT_RECRUITING,4,2027-11-16
NCT06152575,Bortezomib,GXJABQQUPOEUTA,Multiple Myeloma,Multiple Myeloma,RECRUITING,2,2026-08-30
NCT06413498,Bortezomib,GXJABQQUPOEUTA,Multiple Myeloma,Multiple Myeloma,RECRUITING,2,2028-07
NCT03768063,Cobimetinib,BSMCAPRUBJMWDF,Cancer,Cancer,ACTIVE_NOT_RECRUITING,3,2028-07-05
NCT03178552,Cobimetinib,BSMCAPRUBJMWDF,Non-Small Cell Lung Cancer,Non-Small Cell Lung Cancer,ACTIVE_NOT_RECRUITING,11,2026-10-31
NCT07183215,Curcumin,VFLDPWHFBUODDF,Osteoarthritis,Osteoarthritis,ENROLLING_BY_INVITATION,2,2025-09-30
NCT06758739,Curcumin,VFLDPWHFBUODDF,oral submucous fibrosis,Oral Submucous Fibrosis,NOT_YET_RECRUITING,2,2025-09
NCT04526665,Elafibranor,AFLFKFHDSCQHOL,primary biliary cirrhosis,Primary Biliary Cirrhosis,ACTIVE_NOT_RECRUITING,3,2023-06-01
NCT07387549,Elafibranor,AFLFKFHDSCQHOL,Primary Sclerosing Cholangitis,Primary Sclerosing Cholangitis,RECRUITING,2,2031-04-30
NCT06612268,Etavopivat,KZFFYEPYCVDOGE,Sickle Cell Disease,Sickle Cell Disease,RECRUITING,2,2027-08-27
NCT04624659,Etavopivat,KZFFYEPYCVDOGE,Sickle Cell Disease,Sickle Cell Disease,ACTIVE_NOT_RECRUITING,4,2026-02-06
NCT06989567,L-citrulline,RHGKLRLOHDJJDR,Sickle Cell Disease,Sickle Cell Disease,NOT_YET_RECRUITING,2,2027-06
NCT05207709,Palbociclib,AHJRHEGDXFFMBM,Metastatic Breast Cancer,Metastatic Breast Cancer,ACTIVE_NOT_RECRUITING,3,2026-03-01
NCT06377852,Palbociclib,AHJRHEGDXFFMBM,Metastatic Breast Cancer,Metastatic Breast Cancer,RECRUITING,2,2028-08-31
NCT06380751,Palbociclib,AHJRHEGDXFFMBM,Advanced Breast Cancer,Advanced Breast Cancer,RECRUITING,3,2029-03-30
NCT07007962,Rilzabrutinib,LCFFREMLXLZNHE,immune thrombocytopenia,Immune Thrombocytopenia,RECRUITING,1,2027-11-05
NCT04562766,Rilzabrutinib,LCFFREMLXLZNHE,immune thrombocytopenia,Immune Thrombocytopenia,ACTIVE_NOT_RECRUITING,2,2025-01-15
NCT06975865,Rilzabrutinib,LCFFREMLXLZNHE,Sickle Cell Disease,Sickle Cell Disease,RECRUITING,2,2027-07-23
NCT07216079,Rilzabrutinib,LCFFREMLXLZNHE,immune thrombocytopenia,Immune Thrombocytopenia,ACTIVE_NOT_RECRUITING,1,2026-11-30
NCT03298451,Sorafenib,MLDQJTXFUGDVEO,Hepatocellular Carcinoma,Hepatocellular Carcinoma,ACTIVE_NOT_RECRUITING,4,2021-08-27
NCT03755791,Sorafenib,MLDQJTXFUGDVEO,Hepatocellular Carcinoma,Hepatocellular Carcinoma,ACTIVE_NOT_RECRUITING,3,2021-11-30
NCT04039607,Sorafenib,MLDQJTXFUGDVEO,Hepatocellular Carcinoma,Hepatocellular Carcinoma,ACTIVE_NOT_RECRUITING,2,2026-07-09
NCT05873881,Thiamine,JZRWCGZRTZMZEH,Heart Failure,Heart Failure,RECRUITING,2,2027-06
NCT02246621,abemaciclib,UZWDCWONPYILKI,Breast Cancer,Breast Cancer,ACTIVE_NOT_RECRUITING,2,2017-01-31
NCT02763566,abemaciclib,UZWDCWONPYILKI,Breast Cancer,Breast Cancer,ACTIVE_NOT_RECRUITING,4,2019-03-29
NCT05696626,abemaciclib,UZWDCWONPYILKI,Metastatic Breast Cancer,Metastatic Breast Cancer,RECRUITING,2,2027-04
NCT03155997,abemaciclib,UZWDCWONPYILKI,Breast Cancer,Breast Cancer,ACTIVE_NOT_RECRUITING,2,2020-03-16
NCT05891093,abemaciclib,UZWDCWONPYILKI,Breast Cancer,Breast Cancer,RECRUITING,2,2028-05-31
NCT06760637,abemaciclib,UZWDCWONPYILKI,Breast Cancer,Breast Cancer,ACTIVE_NOT_RECRUITING,2,2029-01-02
NCT06341621,abemaciclib,UZWDCWONPYILKI,Breast Cancer,Breast Cancer,RECRUITING,2,2027-02-25
NCT03706365,abemaciclib,UZWDCWONPYILKI,Prostate Cancer,Prostate Cancer,ACTIVE_NOT_RECRUITING,2,2024-01-02
NCT06380751,abemaciclib,UZWDCWONPYILKI,Advanced Breast Cancer,Advanced Breast Cancer,RECRUITING,3,2029-03-30
NCT06136624,abiraterone acetate,UVIQSJCZCSLXRZ,Prostate Cancer Metastatic,Prostate Cancer Metastatic,RECRUITING,2,2028-08-02
NCT01957436,abiraterone acetate,UVIQSJCZCSLXRZ,Metastatic Prostate Cancer,Metastatic Prostate Cancer,ACTIVE_NOT_RECRUITING,4,2021-08-18
NCT07377578,acalabrutinib,WDENQIQQYWYTPO,Mantle Cell Lymphoma,Mantle Cell Lymphoma,RECRUITING,2,2031-05-30
NCT04529772,acalabrutinib,WDENQIQQYWYTPO,Diffuse Large B-Cell Lymphoma,Diffuse Large B-Cell Lymphoma,ACTIVE_NOT_RECRUITING,2,2027-02-22
NCT06861738,acetaminophen,RZVAJINKPMORJF,Headache,Headache,NOT_YET_RECRUITING,2,2026-03-01
NCT07225634,acetaminophen,RZVAJINKPMORJF,Acute Pain,Acute Pain,NOT_YET_RECRUITING,1,2026-10
NCT04963296,acetaminophen,RZVAJINKPMORJF,Systemic Lupus Erythematosus,Systemic Lupus Erythematosus,ACTIVE_NOT_RECRUITING,2,2025-09-15
NCT04221477,acetaminophen,RZVAJINKPMORJF,Lupus Nephritis,Lupus Nephritis,ACTIVE_NOT_RECRUITING,2,2024-08-15
NCT05494398,acetylcysteine,PWKSKIMOESPYIA,autism spectrum disorder,Autism Spectrum Disorder,ENROLLING_BY_INVITATION,1,2028-07-31
NCT07136987,acetylcysteine,PWKSKIMOESPYIA,Tuberculosis,Tuberculosis,NOT_YET_RECRUITING,3,2031-01
NCT05664789,acetylcysteine,PWKSKIMOESPYIA,autism spectrum disorder,Autism Spectrum Disorder,RECRUITING,2,2028-01-31
NCT06775314,adapalene,LZCDAPDGXCYOEH,acne vulgaris,Acne Vulgaris,NOT_YET_RECRUITING,2,2025-05-01
NCT06109649,afamelanotide,UAHFGYDRQSXQEB,Vitiligo,Vitiligo,ACTIVE_NOT_RECRUITING,2,2025-12
NCT06486142,afatinib,ULXXDDBFHOBEHA,Non-Small Cell Lung Cancer,Non-Small Cell Lung Cancer,RECRUITING,2,2028-09
NCT06471257,albuterol,NDAUXUAQIAJITI,asthma,Asthma,RECRUITING,2,2026-10-30
NCT06052267,albuterol,NDAUXUAQIAJITI,asthma,Asthma,ACTIVE_NOT_RECRUITING,3,2026-10-31
NCT06664619,albuterol,NDAUXUAQIAJITI,asthma,Asthma,RECRUITING,4,2026-09-19
NCT03456076,alectinib,KDGFLJKFZUIJMX,"Carcinoma, Non-Small-Cell Lung","Carcinoma, Non-Small-Cell Lung",ACTIVE_NOT_RECRUITING,2,2023-06-26
NCT05170204,alectinib,KDGFLJKFZUIJMX,Non-Small Cell Lung Cancer,Non-Small Cell Lung Cancer,ACTIVE_NOT_RECRUITING,4,2030-06-16
NCT03768063,alectinib,KDGFLJKFZUIJMX,Cancer,Cancer,ACTIVE_NOT_RECRUITING,3,2028-07-05
NCT03178552,alectinib,KDGFLJKFZUIJMX,Non-Small Cell Lung Cancer,Non-Small Cell Lung Cancer,ACTIVE_NOT_RECRUITING,11,2026-10-31
NCT07574060,allopurinol,OFCNXPDARWKPPY,Depression,Depression,NOT_YET_RECRUITING,2,2027-05-20
NCT02246621,anastrozole,YBBLVLTVTVSKRW,Breast Cancer,Breast Cancer,ACTIVE_NOT_RECRUITING,2,2017-01-31
NCT06492616,anastrozole,YBBLVLTVTVSKRW,Breast Cancer,Breast Cancer,RECRUITING,2,2029-08
NCT04134598,anastrozole,YBBLVLTVTVSKRW,Breast Cancer,Breast Cancer,ACTIVE_NOT_RECRUITING,2,2030-03-31
NCT02918084,anastrozole,YBBLVLTVTVSKRW,Breast Cancer,Breast Cancer,ACTIVE_NOT_RECRUITING,2,2028-06
NCT07349069,anastrozole,YBBLVLTVTVSKRW,Breast Cancer,Breast Cancer,RECRUITING,2,2030-12
NCT05780567,anastrozole,YBBLVLTVTVSKRW,Breast Cancer,Breast Cancer,ACTIVE_NOT_RECRUITING,2,2026-12
NCT02763566,anastrozole,YBBLVLTVTVSKRW,Breast Cancer,Breast Cancer,ACTIVE_NOT_RECRUITING,4,2019-03-29
NCT05257395,anastrozole,YBBLVLTVTVSKRW,Advanced Breast Cancer,Advanced Breast Cancer,ACTIVE_NOT_RECRUITING,2,2025-12-05
NCT05891093,anastrozole,YBBLVLTVTVSKRW,Breast Cancer,Breast Cancer,RECRUITING,2,2028-05-31
NCT05645536,anastrozole,YBBLVLTVTVSKRW,Breast Cancer,Breast Cancer,ENROLLING_BY_INVITATION,1,2028-06
NCT04906395,anastrozole,YBBLVLTVTVSKRW,Breast Cancer,Breast Cancer,ACTIVE_NOT_RECRUITING,1,2026-04-30
NCT06223698,anastrozole,YBBLVLTVTVSKRW,Breast Cancer,Breast Cancer,NOT_YET_RECRUITING,4,2032-05-02
NCT06380751,anastrozole,YBBLVLTVTVSKRW,Advanced Breast Cancer,Advanced Breast Cancer,RECRUITING,3,2029-03-30
NCT01674140,anastrozole,YBBLVLTVTVSKRW,Breast Cancer,Breast Cancer,ACTIVE_NOT_RECRUITING,2,2022-12-01
NCT04981327,apixaban,QNZCBYKSOIHPEH,Deep Vein Thrombosis,Deep Vein Thrombosis,NOT_YET_RECRUITING,2,2026-08-31
NCT05757869,apixaban,QNZCBYKSOIHPEH,atrial fibrillation,Atrial Fibrillation,ACTIVE_NOT_RECRUITING,2,2026-10-31
NCT04908189,apremilast,IMOZEMNVLZVGJZ,Psoriatic Arthritis,Psoriatic Arthritis,ACTIVE_NOT_RECRUITING,3,2024-02-06
NCT03819101,atorvastatin,XUKUURHRXDUEBC,Prostate Cancer,Prostate Cancer,RECRUITING,4,2042-03
NCT07045142,atorvastatin,XUKUURHRXDUEBC,schizophrenia,Schizophrenia,RECRUITING,2,2027-12-31
NCT06358313,atorvastatin,XUKUURHRXDUEBC,Ischemic Stroke,Ischemic Stroke,RECRUITING,2,2026-05-10
NCT06360120,atorvastatin,XUKUURHRXDUEBC,Ischemic Stroke,Ischemic Stroke,RECRUITING,2,2025-09-10
NCT05736744,atracurium,YXSLJKQTIDHPOT,Muscle Relaxation,Muscle Relaxation,RECRUITING,2,2025-02-20
NCT04090736,azacitidine,NMUSYJAQQFHJEW,"Leukemia, Myeloid, Acute","Leukemia, Myeloid, Acute",ACTIVE_NOT_RECRUITING,2,2023-06-30
NCT06852222,azacitidine,NMUSYJAQQFHJEW,"Leukemia, Myeloid, Acute","Leukemia, Myeloid, Acute",RECRUITING,2,2029-06-22
NCT05469737,azacitidine,NMUSYJAQQFHJEW,Myelodysplastic Syndromes,Myelodysplastic Syndromes,ACTIVE_NOT_RECRUITING,4,2028-07-31
NCT03414502,azathioprine,LMEKQMALGUDUQG,Rheumatoid Arthritis,Rheumatoid Arthritis,RECRUITING,16,2028-03
NCT04088409,baricitinib,XUZMWHLSFXCVMG,Uveitis,Uveitis,ACTIVE_NOT_RECRUITING,2,2023-07-17
NCT07222137,baricitinib,XUZMWHLSFXCVMG,"Diabetes Mellitus, Type 1","Diabetes Mellitus, Type 1",RECRUITING,2,2031-07
NCT04381936,baricitinib,XUZMWHLSFXCVMG,pneumonia,Pneumonia,RECRUITING,23,2028-09-30
NCT07222332,baricitinib,XUZMWHLSFXCVMG,"Diabetes Mellitus, Type 1","Diabetes Mellitus, Type 1",RECRUITING,2,2028-07
NCT06911502,bendamustine,YTKUWDBFDASYHO,Follicular Lymphoma,Follicular Lymphoma,RECRUITING,2,2028-04-24
NCT02970318,bendamustine,YTKUWDBFDASYHO,Chronic Lymphocytic Leukemia,Chronic Lymphocytic Leukemia,ACTIVE_NOT_RECRUITING,2,2021-09-03
NCT05058404,bendamustine,YTKUWDBFDASYHO,Follicular Lymphoma,Follicular Lymphoma,ACTIVE_NOT_RECRUITING,2,2028-07
NCT07634471,bendamustine,YTKUWDBFDASYHO,Follicular Lymphoma,Follicular Lymphoma,NOT_YET_RECRUITING,3,2032-07-23
NCT06170489,bendamustine,YTKUWDBFDASYHO,Hodgkin Lymphoma,Hodgkin Lymphoma,RECRUITING,2,2025-05-31
NCT06363994,bendamustine,YTKUWDBFDASYHO,Mantle Cell Lymphoma,Mantle Cell Lymphoma,RECRUITING,2,2031-06-25
NCT06782646,berberine,YBHILYKTIRIUTE,Hyperlipidemia,Hyperlipidemia,ENROLLING_BY_INVITATION,2,2025-12
NCT06916884,betamethasone,UREBDLICKHMUKA,allergic rhinitis,Allergic Rhinitis,RECRUITING,2,2025-05-11
NCT07448285,betamethasone,UREBDLICKHMUKA,Chronic pain,Chronic Pain,RECRUITING,2,2029-02
NCT06941415,bumetanide,MAEIEVLCKWDQJH,Cirrhosis,Cirrhosis,RECRUITING,2,2029-03-01
NCT05357690,bupivacaine,LEBVLXFERQHONN,atrial fibrillation,Atrial Fibrillation,RECRUITING,2,2026-07
NCT06810375,bupivacaine,LEBVLXFERQHONN,Lung Cancer,Lung Cancers,RECRUITING,2,2028-02-28
NCT06446960,bupivacaine,LEBVLXFERQHONN,Stroke,Stroke,RECRUITING,3,2026-09-08
NCT03351348,bupivacaine,LEBVLXFERQHONN,Breast Cancer,Breast Cancer,RECRUITING,2,2026-11
NCT05427500,bupivacaine,LEBVLXFERQHONN,PTSD,PTSD,ENROLLING_BY_INVITATION,2,2026-01-30
NCT07467356,bupivacaine,LEBVLXFERQHONN,Pain Management,Pain Management,RECRUITING,2,2026-08-15
NCT05157698,bupropion,SNPPWIUOZRMYNY,obesity,Obesity,ACTIVE_NOT_RECRUITING,4,2027-01-12
NCT05646862,bupropion,SNPPWIUOZRMYNY,Breast Cancer,Breast Cancer,ACTIVE_NOT_RECRUITING,3,2026-11-13
NCT06243614,buspirone,QWCRAEMEVRGPNT,generalized anxiety disorder,Generalized Anxiety Disorder,RECRUITING,3,2026-06-30
NCT07227402,cabozantinib,ONIQOQHATWINJY,renal cell carcinoma,Renal Cell Carcinoma,RECRUITING,2,2032-02-27
NCT03755791,cabozantinib,ONIQOQHATWINJY,Hepatocellular Carcinoma,Hepatocellular Carcinoma,ACTIVE_NOT_RECRUITING,3,2021-11-30
NCT03768063,cabozantinib,ONIQOQHATWINJY,Cancer,Cancer,ACTIVE_NOT_RECRUITING,3,2028-07-05
NCT03141177,cabozantinib,ONIQOQHATWINJY,renal cell carcinoma,Renal Cell Carcinoma,ACTIVE_NOT_RECRUITING,3,2020-02-12
NCT03937219,cabozantinib,ONIQOQHATWINJY,renal cell carcinoma,Renal Cell Carcinoma,ACTIVE_NOT_RECRUITING,2,2022-01-31
NCT04570085,caffeine,RYYVLZVUVIJVGH,Alzheimer disease,Alzheimer Disease,RECRUITING,2,2027-12
NCT05867849,cannabidiol,QHMBSVQNZZTUGM,Bipolar Disorder,Bipolar Disorder,RECRUITING,2,2029-12
NCT05613608,cannabidiol,QHMBSVQNZZTUGM,Alcohol Use Disorder,Alcohol Use Disorder,RECRUITING,3,2027-04
NCT05840822,cannabidiol,QHMBSVQNZZTUGM,insomnia,Insomnia,RECRUITING,3,2025-12
NCT05063786,capecitabine,GAGWJHPBXLXJQN,Advanced Breast Cancer,Advanced Breast Cancer,ACTIVE_NOT_RECRUITING,3,2026-06
NCT06629597,capecitabine,GAGWJHPBXLXJQN,Nasopharyngeal Carcinoma,Nasopharyngeal Carcinoma,RECRUITING,2,2027-12-01
NCT07340567,capecitabine,GAGWJHPBXLXJQN,Colorectal Cancer,Colorectal Cancer,NOT_YET_RECRUITING,4,2032-11-01
NCT06118333,capecitabine,GAGWJHPBXLXJQN,Nasopharyngeal Carcinoma,Nasopharyngeal Carcinoma,ACTIVE_NOT_RECRUITING,2,2026-11
NCT05236972,capecitabine,GAGWJHPBXLXJQN,colorectal carcinoma,Colorectal Carcinoma,RECRUITING,2,2026-06-01
NCT01918527,capecitabine,GAGWJHPBXLXJQN,Colon Cancer,Colon Cancer,ACTIVE_NOT_RECRUITING,2,2023-06
NCT07533123,capecitabine,GAGWJHPBXLXJQN,Triple Negative Breast Cancer,Triple Negative Breast Cancer,RECRUITING,2,2029-03-17
NCT06944496,capecitabine,GAGWJHPBXLXJQN,Gastric Carcinoma,Gastric Carcinoma,NOT_YET_RECRUITING,2,2028-05-15
NCT06279364,capecitabine,GAGWJHPBXLXJQN,Triple Negative Breast Cancer,Triple Negative Breast Cancer,RECRUITING,2,2026-07
NCT05342792,capecitabine,GAGWJHPBXLXJQN,Nasopharyngeal Carcinoma,Nasopharyngeal Carcinoma,RECRUITING,2,2027-06
NCT03503136,capecitabine,GAGWJHPBXLXJQN,Nasopharyngeal Carcinoma,Nasopharyngeal Carcinoma,NOT_YET_RECRUITING,4,2024-06
NCT06519370,capecitabine,GAGWJHPBXLXJQN,Triple Negative Breast Cancer,Triple Negative Breast Cancer,ACTIVE_NOT_RECRUITING,2,2026-08-18
NCT04607421,capecitabine,GAGWJHPBXLXJQN,Neoplasms,Neoplasms,ACTIVE_NOT_RECRUITING,7,2025-03-01
NCT05976568,capecitabine,GAGWJHPBXLXJQN,Hepatocellular Carcinoma,Hepatocellular Carcinoma,NOT_YET_RECRUITING,4,2027-09-01
NCT05633654,capecitabine,GAGWJHPBXLXJQN,Triple Negative Breast Cancer,Triple Negative Breast Cancer,RECRUITING,2,2027-06
NCT06217042,capecitabine,GAGWJHPBXLXJQN,Pancreatic Cancer,Pancreatic Cancer,NOT_YET_RECRUITING,2,2027-03-30
NCT07315750,capecitabine,GAGWJHPBXLXJQN,Gastric Carcinoma,Gastric Carcinoma,RECRUITING,2,2029-06-30
NCT06239727,capecitabine,GAGWJHPBXLXJQN,Nasopharyngeal Carcinoma,Nasopharyngeal Carcinoma,RECRUITING,3,2027-02-20
NCT07309419,capecitabine,GAGWJHPBXLXJQN,Hepatocellular Carcinoma,Hepatocellular Carcinoma,NOT_YET_RECRUITING,2,2030-06-30
NCT05699746,capecitabine,GAGWJHPBXLXJQN,Colorectal Cancer,Colorectal Cancer,NOT_YET_RECRUITING,2,2026-09
NCT06571461,capecitabine,GAGWJHPBXLXJQN,Pancreatic Cancer,Pancreatic Cancer,NOT_YET_RECRUITING,2,2028-01
NCT06686576,capecitabine,GAGWJHPBXLXJQN,Colon Cancer,Colon Cancer,RECRUITING,2,2030-12
NCT05902533,capecitabine,GAGWJHPBXLXJQN,Anal Cancer,Anal Cancer,ACTIVE_NOT_RECRUITING,1,2026-08-14
NCT05687266,carboplatin,YAYRGNWWLMLWJE,NSCLC,NSCLC,ACTIVE_NOT_RECRUITING,2,2027-11-01
NCT05870319,carboplatin,YAYRGNWWLMLWJE,Non-Small Cell Lung Cancer,Non-small Cell Lung Cancer,ACTIVE_NOT_RECRUITING,2,2024-07-11
NCT07131319,carboplatin,YAYRGNWWLMLWJE,Non-Small Cell Lung Cancer,Non-Small Cell Lung Cancer,RECRUITING,1,2026-04-15
NCT03800134,carboplatin,YAYRGNWWLMLWJE,Non-Small Cell Lung Cancer,Non-Small Cell Lung Cancer,ACTIVE_NOT_RECRUITING,2,2022-11-10
NCT04137653,carboplatin,YAYRGNWWLMLWJE,Breast Cancer,Breast Cancer,RECRUITING,2,2025-11-30
NCT06236438,carboplatin,YAYRGNWWLMLWJE,Non-Small Cell Lung Cancer,Non-Small Cell Lung Cancer,RECRUITING,6,2031-10
NCT07190248,carboplatin,YAYRGNWWLMLWJE,Non-Small Cell Lung Cancer,Non-small Cell Lung Cancer,RECRUITING,2,2029-12-07
NCT06989112,carboplatin,YAYRGNWWLMLWJE,Endometrial Cancer,Endometrial Cancer,RECRUITING,3,2029-01-19
NCT04722978,carboplatin,YAYRGNWWLMLWJE,Triple Negative Breast Cancer,Triple Negative Breast Cancer,RECRUITING,2,2026-06
NCT06382116,carboplatin,YAYRGNWWLMLWJE,Non-Small Cell Lung Cancer,Non-small Cell Lung Cancer,ACTIVE_NOT_RECRUITING,2,2026-05
NCT04765059,carboplatin,YAYRGNWWLMLWJE,Non-Small Cell Lung Cancer,Non-small Cell Lung Cancer,ACTIVE_NOT_RECRUITING,2,2024-10-28
NCT05201547,carboplatin,YAYRGNWWLMLWJE,Endometrial Cancer,Endometrial Cancer,ACTIVE_NOT_RECRUITING,2,2026-04
NCT05911295,carboplatin,YAYRGNWWLMLWJE,Urothelial Carcinoma,Urothelial Carcinoma,ACTIVE_NOT_RECRUITING,2,2027-01-29
NCT04025879,carboplatin,YAYRGNWWLMLWJE,"Carcinoma, Non-Small-Cell Lung","Carcinoma, Non-Small-Cell Lung",ACTIVE_NOT_RECRUITING,2,2023-07-26
NCT06103864,carboplatin,YAYRGNWWLMLWJE,Breast Cancer,Breast Cancer,RECRUITING,3,2027-07-28
NCT07057427,carboplatin,YAYRGNWWLMLWJE,Breast Cancer,Breast Cancer,RECRUITING,2,2028-06-30
NCT05116462,carboplatin,YAYRGNWWLMLWJE,Non-Small Cell Lung Cancer,Non-Small Cell Lung Cancer,ACTIVE_NOT_RECRUITING,2,2026-09-30
NCT07306663,carboplatin,YAYRGNWWLMLWJE,Esophageal Cancer,Esophageal Cancer,ACTIVE_NOT_RECRUITING,2,2028-06-01
NCT03150576,carboplatin,YAYRGNWWLMLWJE,Breast Cancer,Breast Cancer,RECRUITING,3,2024-06
NCT07642024,carboplatin,YAYRGNWWLMLWJE,Non-Small Cell Lung Cancer,Non-small Cell Lung Cancer,NOT_YET_RECRUITING,3,2032-12
NCT06279364,carboplatin,YAYRGNWWLMLWJE,Triple Negative Breast Cancer,Triple Negative Breast Cancer,RECRUITING,2,2026-07
NCT05800015,carboplatin,YAYRGNWWLMLWJE,Non-Small Cell Lung Cancer,Non-small Cell Lung Cancer,ACTIVE_NOT_RECRUITING,5,2030-01-16
NCT03456076,carboplatin,YAYRGNWWLMLWJE,"Carcinoma, Non-Small-Cell Lung","Carcinoma, Non-Small-Cell Lung",ACTIVE_NOT_RECRUITING,2,2023-06-26
NCT04520074,carboplatin,YAYRGNWWLMLWJE,Ovarian Cancer,Ovarian Cancer,RECRUITING,2,2027-09
NCT07168200,carboplatin,YAYRGNWWLMLWJE,Advanced Cervical Cancer,Advanced Cervical Cancer,RECRUITING,2,2028-04
NCT05654454,carboplatin,YAYRGNWWLMLWJE,Non-Small Cell Lung Cancer,Non-Small Cell Lung Cancer,RECRUITING,2,2026-12
NCT05374512,carboplatin,YAYRGNWWLMLWJE,Breast Cancer,Breast Cancer,ACTIVE_NOT_RECRUITING,2,2025-08-25
NCT05489848,carboplatin,YAYRGNWWLMLWJE,Endometrial Cancer,Endometrial Cancer,NOT_YET_RECRUITING,2,2028-08-20
NCT05487391,carboplatin,YAYRGNWWLMLWJE,"Carcinoma, Non-Small-Cell Lung","Carcinoma, Non-Small-Cell Lung",RECRUITING,2,2027-08-31
NCT01057069,carboplatin,YAYRGNWWLMLWJE,Breast Cancer,Breast Cancer,ACTIVE_NOT_RECRUITING,5,2023-06
NCT06623422,carboplatin,YAYRGNWWLMLWJE,"Carcinoma, Non-Small-Cell Lung","Carcinoma, Non-Small-Cell Lung",RECRUITING,2,2033-05-16
NCT04301739,carboplatin,YAYRGNWWLMLWJE,Triple Negative Breast Cancer,Triple Negative Breast Cancer,NOT_YET_RECRUITING,2,2022-09-07
NCT03967977,carboplatin,YAYRGNWWLMLWJE,Urothelial Carcinoma,Urothelial Carcinoma,ACTIVE_NOT_RECRUITING,2,2027-06-30
NCT05298423,carboplatin,YAYRGNWWLMLWJE,"Carcinoma, Non-Small-Cell Lung","Carcinoma, Non-Small-Cell Lung",ACTIVE_NOT_RECRUITING,2,2026-08-19
NCT06952504,carboplatin,YAYRGNWWLMLWJE,Endometrial Cancer,Endometrial Cancer,RECRUITING,4,2032-05-24
NCT05159193,carboplatin,YAYRGNWWLMLWJE,Breast Cancer,Breast Cancer,RECRUITING,2,2024-10-30
NCT04194944,carboplatin,YAYRGNWWLMLWJE,Non-Small Cell Lung Cancer,Non-Small Cell Lung Cancer,ACTIVE_NOT_RECRUITING,2,2023-05-01
NCT06476184,carboplatin,YAYRGNWWLMLWJE,Ovarian Cancer,Ovarian Cancer,RECRUITING,2,2027-06
NCT05502237,carboplatin,YAYRGNWWLMLWJE,Non-Small Cell Lung Cancer,Non-small Cell Lung Cancer,ACTIVE_NOT_RECRUITING,3,2028-06
NCT07416474,carboplatin,YAYRGNWWLMLWJE,Non-Small Cell Lung Cancer,Non-Small Cell Lung Cancer,RECRUITING,2,2027-12-31
NCT05668988,carboplatin,YAYRGNWWLMLWJE,Non-Small Cell Lung Cancer,Non-small Cell Lung Cancer,ACTIVE_NOT_RECRUITING,2,2026-01-16
NCT06875310,carboplatin,YAYRGNWWLMLWJE,"Carcinoma, Non-Small-Cell Lung","Carcinoma, Non-Small-Cell Lung",RECRUITING,2,2029-09-07
NCT01646034,carboplatin,YAYRGNWWLMLWJE,Breast Cancer,Breast Cancer,ACTIVE_NOT_RECRUITING,2,2023-01
NCT06712316,carboplatin,YAYRGNWWLMLWJE,Non-Small Cell Lung Cancer,Non-small Cell Lung Cancer,RECRUITING,8,2029-02
NCT06561386,carboplatin,YAYRGNWWLMLWJE,Non-Small Cell Lung Cancer,Non-small Cell Lung Cancer,RECRUITING,2,2030-07-30
NCT04035486,carboplatin,YAYRGNWWLMLWJE,Non-Small Cell Lung Cancer,Non-Small Cell Lung Cancer,ACTIVE_NOT_RECRUITING,2,2023-04-03
NCT03178552,carboplatin,YAYRGNWWLMLWJE,Non-Small Cell Lung Cancer,Non-Small Cell Lung Cancer,ACTIVE_NOT_RECRUITING,11,2026-10-31
NCT04988295,carboplatin,YAYRGNWWLMLWJE,"Carcinoma, Non-Small-Cell Lung","Carcinoma, Non-Small-Cell Lung",ACTIVE_NOT_RECRUITING,5,2023-07-10
NCT03981796,carboplatin,YAYRGNWWLMLWJE,Neoplasms,Neoplasms,ACTIVE_NOT_RECRUITING,4,2026-11-26
NCT04956692,carboplatin,YAYRGNWWLMLWJE,Non-Small Cell Lung Cancer,Non-Small Cell Lung Cancer,ACTIVE_NOT_RECRUITING,2,2023-04-04
NCT06592326,carboplatin,YAYRGNWWLMLWJE,Urothelial Carcinoma,Urothelial Carcinoma,RECRUITING,2,2027-09
NCT03168880,carboplatin,YAYRGNWWLMLWJE,Triple Negative Breast Cancer,Triple Negative Breast Cancer,ACTIVE_NOT_RECRUITING,2,2025-11-30
NCT04538664,carboplatin,YAYRGNWWLMLWJE,"Carcinoma, Non-Small-Cell Lung","Carcinoma, Non-Small-Cell Lung",ACTIVE_NOT_RECRUITING,2,2023-05-03
NCT04351555,carboplatin,YAYRGNWWLMLWJE,Non-Small Cell Lung Cancer,Non-Small Cell Lung Cancer,ACTIVE_NOT_RECRUITING,3,2024-10-15
NCT06564844,carboplatin,YAYRGNWWLMLWJE,Non-Small Cell Lung Cancer,Non-small Cell Lung Cancer,ACTIVE_NOT_RECRUITING,3,2027-06-30
NCT07633873,carboplatin,YAYRGNWWLMLWJE,Non-Small Cell Lung Cancer,Non-Small Cell Lung Cancer,NOT_YET_RECRUITING,2,2027-09-30
NCT04193059,carboplatin,YAYRGNWWLMLWJE,Breast Cancer,Breast Cancer,ACTIVE_NOT_RECRUITING,4,2026-07
NCT06692738,carboplatin,YAYRGNWWLMLWJE,Non-Small Cell Lung Cancer,Non-small Cell Lung Cancer,RECRUITING,2,2029-02-05
NCT07100080,carboplatin,YAYRGNWWLMLWJE,Non-Small Cell Lung Cancer,Non-Small Cell Lung Cancer,RECRUITING,5,2028-12-15
NCT06754644,carboplatin,YAYRGNWWLMLWJE,NSCLC,NSCLC,RECRUITING,2,2026-12
NCT06829459,carboplatin,YAYRGNWWLMLWJE,Non-Small Cell Lung Cancer,Non-Small Cell Lung Cancer,RECRUITING,2,2028-02-15
NCT06711900,carboplatin,YAYRGNWWLMLWJE,Non-Small Cell Lung Cancer,Non-Small Cell Lung Cancer,RECRUITING,2,2026-12
NCT03519971,carboplatin,YAYRGNWWLMLWJE,Non-Small Cell Lung Cancer,Non-Small Cell Lung Cancer,ACTIVE_NOT_RECRUITING,2,2023-09-07
NCT06112379,carboplatin,YAYRGNWWLMLWJE,Breast Cancer,Breast Cancer,ACTIVE_NOT_RECRUITING,2,2028-11-20
NCT06545526,celecoxib,RZEKVGVHFLEQIL,Familial adenomatous polyposis,Familial Adenomatous Polyposis,RECRUITING,2,2026-06-24
NCT00268476,celecoxib,RZEKVGVHFLEQIL,Prostate Cancer,Prostate Cancer,ACTIVE_NOT_RECRUITING,11,2026-03
NCT07472413,cetirizine,ZKLPARSLTMPFCP,Multiple Sclerosis,Multiple Sclerosis,NOT_YET_RECRUITING,2,2028-07-01
NCT06819774,cetirizine,ZKLPARSLTMPFCP,Acute Urticaria,Acute Urticaria,RECRUITING,2,2025-08
NCT06561867,cilostazol,RRGUKTPIGVIEKM,Ischemic Stroke,Ischemic Stroke,RECRUITING,2,2025-11-30
NCT06196047,cilostazol,RRGUKTPIGVIEKM,Ischemic Stroke,Ischemic Stroke,RECRUITING,2,2024-12-20
NCT06202755,cilostazol,RRGUKTPIGVIEKM,Ischemic Stroke,Ischemic Stroke,RECRUITING,2,2025-06-12
NCT06591351,cilostazol,RRGUKTPIGVIEKM,Ischemic Stroke,Ischemic Stroke,RECRUITING,2,2024-09-30
NCT06919835,cilostazol,RRGUKTPIGVIEKM,Stroke,Stroke,NOT_YET_RECRUITING,2,2029-07-31
NCT06591299,cilostazol,RRGUKTPIGVIEKM,Ischemic Stroke,Ischemic Stroke,RECRUITING,2,2024-09-15
NCT06591377,cilostazol,RRGUKTPIGVIEKM,Ischemic Stroke,Ischemic Stroke,RECRUITING,2,2025-09-19
NCT06591390,cilostazol,RRGUKTPIGVIEKM,Ischemic Stroke,Ischemic Stroke,RECRUITING,2,2024-09-15
NCT03108846,citalopram,WSEQXVZVJXJVFP,Dementia,Dementia,ACTIVE_NOT_RECRUITING,2,2024-04-05
NCT05577988,clopidogrel,GKTWGGQPFAXNFI,Myocardial Infarction,MYOCARDIAL INFARCTION,RECRUITING,2,2027-06
NCT05873881,colchicine,IAKHMKGGTNLKSZ,Heart Failure,Heart Failure,RECRUITING,2,2027-06
NCT06440694,colchicine,IAKHMKGGTNLKSZ,venous thromboembolism,Venous Thromboembolism,RECRUITING,2,2027-12-01
NCT04381936,colchicine,IAKHMKGGTNLKSZ,pneumonia,Pneumonia,RECRUITING,23,2028-09-30
NCT06140836,crizotinib,KTEIFNKAUNYNJU,"Carcinoma, Non-Small-Cell Lung","Carcinoma, Non-Small-Cell Lung",ACTIVE_NOT_RECRUITING,2,2026-03-13
NCT06254599,crizotinib,KTEIFNKAUNYNJU,Non-Small Cell Lung Cancer,Non-small Cell Lung Cancer,NOT_YET_RECRUITING,2,2026-05-01
NCT05987332,crizotinib,KTEIFNKAUNYNJU,Metastatic Uveal Melanoma,Metastatic Uveal Melanoma,ACTIVE_NOT_RECRUITING,3,2027-01-15
NCT02767804,crizotinib,KTEIFNKAUNYNJU,Non-Small Cell Lung Cancer,Non-small Cell Lung Cancer,ACTIVE_NOT_RECRUITING,2,2025-12-30
NCT04603807,crizotinib,KTEIFNKAUNYNJU,"Carcinoma, Non-Small-Cell Lung","Carcinoma, Non-Small-Cell Lung",ACTIVE_NOT_RECRUITING,2,2028-06-26
NCT03052608,crizotinib,KTEIFNKAUNYNJU,"Carcinoma, Non-Small-Cell Lung","Carcinoma, Non-Small-Cell Lung",ACTIVE_NOT_RECRUITING,2,2020-03-20
NCT06911502,cyclophosphamide,CMSMOCZEIVJLDB,Follicular Lymphoma,Follicular Lymphoma,RECRUITING,2,2028-04-24
NCT06996093,cyclophosphamide,CMSMOCZEIVJLDB,Breast Cancer,Breast Cancer,NOT_YET_RECRUITING,2,2030-06-01
NCT00433420,cyclophosphamide,CMSMOCZEIVJLDB,Breast Cancer,Breast Cancer,ACTIVE_NOT_RECRUITING,0,2006-05
NCT07634471,cyclophosphamide,CMSMOCZEIVJLDB,Follicular Lymphoma,Follicular Lymphoma,NOT_YET_RECRUITING,3,2032-07-23
NCT05030155,cyclophosphamide,CMSMOCZEIVJLDB,Eosinophilic Granulomatosis With Polyangiitis,Eosinophilic Granulomatosis With Polyangiitis,ACTIVE_NOT_RECRUITING,4,2025-11
NCT06615050,cyclophosphamide,CMSMOCZEIVJLDB,Graft-versus-host Disease (GVHD),Graft-versus-host Disease (GVHD),RECRUITING,4,2031-01-17
NCT07432178,cyclophosphamide,CMSMOCZEIVJLDB,Breast Cancer,Breast Cancer,NOT_YET_RECRUITING,2,2031-03-31
NCT04290793,cyclophosphamide,CMSMOCZEIVJLDB,Breast Cancer,Breast Cancer,ACTIVE_NOT_RECRUITING,1,2026-12-01
NCT00070564,cyclophosphamide,CMSMOCZEIVJLDB,Breast Cancer,Breast Cancer,ACTIVE_NOT_RECRUITING,6,2015-01
NCT03477500,cyclophosphamide,CMSMOCZEIVJLDB,Multiple Sclerosis,Multiple Sclerosis,ACTIVE_NOT_RECRUITING,2,2026-11-21
NCT04923893,cyclophosphamide,CMSMOCZEIVJLDB,Multiple Myeloma,Multiple Myeloma,ACTIVE_NOT_RECRUITING,2,2029-02-14
NCT05510323,cyclophosphamide,CMSMOCZEIVJLDB,"Glomerulonephritis, IGA","Glomerulonephritis, IGA",RECRUITING,2,2025-08
NCT03725059,cyclophosphamide,CMSMOCZEIVJLDB,Breast Cancer,Breast Cancer,ACTIVE_NOT_RECRUITING,2,2031-01-24
NCT05600426,cyclophosphamide,CMSMOCZEIVJLDB,severe aplastic anemia,Severe Aplastic Anemia,ACTIVE_NOT_RECRUITING,2,2029-12
NCT04520074,cyclophosphamide,CMSMOCZEIVJLDB,Ovarian Cancer,Ovarian Cancer,RECRUITING,2,2027-09
NCT07362914,cyclophosphamide,CMSMOCZEIVJLDB,Breast Cancer,Breast Cancer,RECRUITING,3,2026-07-30
NCT07335562,cyclophosphamide,CMSMOCZEIVJLDB,Systemic Sclerosis,Systemic Sclerosis,RECRUITING,2,2028-11-14
NCT01057069,cyclophosphamide,CMSMOCZEIVJLDB,Breast Cancer,Breast Cancer,ACTIVE_NOT_RECRUITING,5,2023-06
NCT04301739,cyclophosphamide,CMSMOCZEIVJLDB,Triple Negative Breast Cancer,Triple Negative Breast Cancer,NOT_YET_RECRUITING,2,2022-09-07
NCT06284122,cyclophosphamide,CMSMOCZEIVJLDB,Follicular Lymphoma,Follicular Lymphoma,RECRUITING,5,2028-11
NCT05159193,cyclophosphamide,CMSMOCZEIVJLDB,Breast Cancer,Breast Cancer,RECRUITING,2,2024-10-30
NCT05257083,cyclophosphamide,CMSMOCZEIVJLDB,Multiple Myeloma,Multiple Myeloma,ACTIVE_NOT_RECRUITING,2,2033-06
NCT00572169,cyclophosphamide,CMSMOCZEIVJLDB,Multiple Myeloma,Multiple Myeloma,ACTIVE_NOT_RECRUITING,1,2027-08
NCT01646034,cyclophosphamide,CMSMOCZEIVJLDB,Breast Cancer,Breast Cancer,ACTIVE_NOT_RECRUITING,2,2023-01
NCT06022939,cyclophosphamide,CMSMOCZEIVJLDB,AL Amyloidosis,AL Amyloidosis,RECRUITING,4,2030-07-29
NCT06045806,cyclophosphamide,CMSMOCZEIVJLDB,Multiple Myeloma,Multiple Myeloma,ACTIVE_NOT_RECRUITING,2,2025-08-11
NCT04540692,cyclophosphamide,CMSMOCZEIVJLDB,Breast Cancer,Breast Cancer,RECRUITING,2,2026-04
NCT04512235,cyclophosphamide,CMSMOCZEIVJLDB,AL Amyloidosis,AL Amyloidosis,ACTIVE_NOT_RECRUITING,2,2025-04-08
NCT04193059,cyclophosphamide,CMSMOCZEIVJLDB,Breast Cancer,Breast Cancer,ACTIVE_NOT_RECRUITING,4,2026-07
NCT04504825,cyclophosphamide,CMSMOCZEIVJLDB,AL Amyloidosis,AL Amyloidosis,ACTIVE_NOT_RECRUITING,2,2025-05-10
NCT06321601,cyclophosphamide,CMSMOCZEIVJLDB,Vasculitis,Vasculitis,RECRUITING,1,2028-09-26
NCT06112379,cyclophosphamide,CMSMOCZEIVJLDB,Breast Cancer,Breast Cancer,ACTIVE_NOT_RECRUITING,2,2028-11-20
NCT06413498,cyclophosphamide,CMSMOCZEIVJLDB,Multiple Myeloma,Multiple Myeloma,RECRUITING,2,2028-07
NCT04685616,dacarbazine,FDKXTQMXEQVLRF,Hodgkin Lymphoma,Hodgkin Lymphoma,RECRUITING,2,2030-09
NCT07280585,dapagliflozin,JVHXJTBJCFBINQ,"Polycystic Kidney, Autosomal Dominant","Polycystic Kidney, Autosomal Dominant",RECRUITING,2,2030-05-15
NCT07624305,dapagliflozin,JVHXJTBJCFBINQ,"Renal Insufficiency, Chronic","Renal Insufficiency, Chronic",NOT_YET_RECRUITING,2,2030-07-01
NCT07488689,dapagliflozin,JVHXJTBJCFBINQ,Septic Shock,Septic Shock,NOT_YET_RECRUITING,2,2029-08
NCT07214818,dapagliflozin,JVHXJTBJCFBINQ,Nephrotic Syndrome,Nephrotic Syndrome,RECRUITING,3,2026-07-05
NCT04333823,dapagliflozin,JVHXJTBJCFBINQ,"Diabetes Mellitus, Type 1","Diabetes Mellitus, Type 1",ACTIVE_NOT_RECRUITING,2,2024-05
NCT07598864,dapagliflozin,JVHXJTBJCFBINQ,diabetic nephropathy,Diabetic Nephropathy,NOT_YET_RECRUITING,2,2027-05-01
NCT05986136,dapagliflozin,JVHXJTBJCFBINQ,inflammatory bowel disease,Inflammatory Bowel Diseases,RECRUITING,2,2027-08-20
NCT03899402,dapagliflozin,JVHXJTBJCFBINQ,Type 1 Diabetes Mellitus,Type 1 Diabetes Mellitus,ACTIVE_NOT_RECRUITING,4,2026-01-31
NCT06711185,dapagliflozin,JVHXJTBJCFBINQ,Breast Cancer,Breast Cancer,RECRUITING,2,2026-01-30
NCT07486583,desloratadine,JAUOIFJMECXRGI,Chronic Idiopathic Urticaria,Chronic Idiopathic Urticaria,NOT_YET_RECRUITING,2,2026-09-30
NCT06496997,dexamethasone,UREBDLICKHMUKA,acute respiratory distress syndrome,Acute Respiratory Distress Syndrome,RECRUITING,3,2025-08
NCT07362914,dexamethasone,UREBDLICKHMUKA,Breast Cancer,Breast Cancer,RECRUITING,3,2026-07-30
NCT06913374,dexamethasone,UREBDLICKHMUKA,Thrombocytopenia,Thrombocytopenia,NOT_YET_RECRUITING,2,2026-05-30
NCT06980727,dexamethasone,UREBDLICKHMUKA,Renal Colic,Renal Colic,NOT_YET_RECRUITING,3,2027-12-01
NCT06136624,dexamethasone,UREBDLICKHMUKA,Prostate Cancer Metastatic,Prostate Cancer Metastatic,RECRUITING,2,2028-08-02
NCT04381936,dexamethasone,UREBDLICKHMUKA,pneumonia,Pneumonia,RECRUITING,23,2028-09-30
NCT06022939,dexamethasone,UREBDLICKHMUKA,AL Amyloidosis,AL Amyloidosis,RECRUITING,4,2030-07-29
NCT04512235,dexamethasone,UREBDLICKHMUKA,AL Amyloidosis,AL Amyloidosis,ACTIVE_NOT_RECRUITING,2,2025-04-08
NCT04504825,dexamethasone,UREBDLICKHMUKA,AL Amyloidosis,AL Amyloidosis,ACTIVE_NOT_RECRUITING,2,2025-05-10
NCT06528444,dexamethasone,UREBDLICKHMUKA,Influenza,Influenza,RECRUITING,2,2028-10-31
NCT06811220,diosmin,GZSOSUNBTXMUFQ,Breast Cancer,Breast Cancer,NOT_YET_RECRUITING,2,2025-12-31
NCT05756179,diosmin,GZSOSUNBTXMUFQ,Rheumatoid Arthritis,Rheumatoid Arthritis,RECRUITING,2,2025-09
NCT04963296,diphenhydramine,ZZVUWRFHKOJYTH,Systemic Lupus Erythematosus,Systemic Lupus Erythematosus,ACTIVE_NOT_RECRUITING,2,2025-09-15
NCT07472413,diphenhydramine,ZZVUWRFHKOJYTH,Multiple Sclerosis,Multiple Sclerosis,NOT_YET_RECRUITING,2,2028-07-01
NCT04221477,diphenhydramine,ZZVUWRFHKOJYTH,Lupus Nephritis,Lupus Nephritis,ACTIVE_NOT_RECRUITING,2,2024-08-15
NCT06916793,dutasteride,JWJOTENAMICLJG,androgenetic alopecia,Androgenetic Alopecia,NOT_YET_RECRUITING,4,2026-12-19
NCT03859921,dydrogesterone,JGMOKGBVKVMRFX,Subfertility,Subfertility,RECRUITING,2,2025-12-30
NCT06492616,elacestrant,SIFNOOUKXBRGGB,Breast Cancer,Breast Cancer,RECRUITING,2,2029-08
NCT07065357,empagliflozin,OBWASQILIWPZMG,Metabolic Syndrome,Metabolic Syndrome,ENROLLING_BY_INVITATION,2,2026-08
NCT05905965,empagliflozin,OBWASQILIWPZMG,Metabolic Syndrome,Metabolic Syndrome,RECRUITING,2,2025-12-31
NCT07214818,empagliflozin,OBWASQILIWPZMG,Nephrotic Syndrome,Nephrotic Syndrome,RECRUITING,3,2026-07-05
NCT04381936,empagliflozin,OBWASQILIWPZMG,pneumonia,Pneumonia,RECRUITING,23,2028-09-30
NCT06955260,empagliflozin,OBWASQILIWPZMG,congenital heart disease,Congenital Heart Disease,NOT_YET_RECRUITING,2,2027-12
NCT03768063,enzalutamide,WXCXUHSOUPDCQV,Cancer,Cancer,ACTIVE_NOT_RECRUITING,3,2028-07-05
NCT06136624,enzalutamide,WXCXUHSOUPDCQV,Prostate Cancer Metastatic,Prostate Cancer Metastatic,RECRUITING,2,2028-08-02
NCT05112965,enzalutamide,WXCXUHSOUPDCQV,Neoplasms,Neoplasms,ACTIVE_NOT_RECRUITING,3,2027-06-30
NCT05063786,eribulin,UFNVPOGXISZXJD,Advanced Breast Cancer,Advanced Breast Cancer,ACTIVE_NOT_RECRUITING,3,2026-06
NCT02344472,eribulin,UFNVPOGXISZXJD,Metastatic Breast Cancer,Metastatic Breast Cancer,ACTIVE_NOT_RECRUITING,12,2025-01-31
NCT07533123,eribulin,UFNVPOGXISZXJD,Triple Negative Breast Cancer,Triple Negative Breast Cancer,RECRUITING,2,2029-03-17
NCT06279364,eribulin,UFNVPOGXISZXJD,Triple Negative Breast Cancer,Triple Negative Breast Cancer,RECRUITING,2,2026-07
NCT06383767,eribulin,UFNVPOGXISZXJD,Metastatic Breast Cancer,Metastatic Breast Cancer,RECRUITING,2,2027-06-30
NCT06519370,eribulin,UFNVPOGXISZXJD,Triple Negative Breast Cancer,Triple Negative Breast Cancer,ACTIVE_NOT_RECRUITING,2,2026-08-18
NCT06081959,eribulin,UFNVPOGXISZXJD,Metastatic Breast Cancer,Metastatic Breast Cancer,RECRUITING,2,2026-12-31
NCT04639986,eribulin,UFNVPOGXISZXJD,Metastatic Breast Cancer,Metastatic Breast Cancer,ACTIVE_NOT_RECRUITING,2,2026-12
NCT07153406,esketamine,YQEZLKZALYSWHR,depressive disorder,Depressive Disorder,NOT_YET_RECRUITING,2,2026-09-15
NCT07227454,esketamine,YQEZLKZALYSWHR,"Depressive Disorder, Major","Depressive Disorder, Major",RECRUITING,2,2031-04-09
NCT04293562,etoposide,VJJPUSNTGOMMGY,Acute Myeloid Leukemia,Acute Myeloid Leukemia,RECRUITING,14,2029-06-30
NCT04520074,etoposide,VJJPUSNTGOMMGY,Ovarian Cancer,Ovarian Cancer,RECRUITING,2,2027-09
NCT05298423,etoposide,VJJPUSNTGOMMGY,"Carcinoma, Non-Small-Cell Lung","Carcinoma, Non-Small-Cell Lung",ACTIVE_NOT_RECRUITING,2,2026-08-19
NCT00572169,etoposide,VJJPUSNTGOMMGY,Multiple Myeloma,Multiple Myeloma,ACTIVE_NOT_RECRUITING,1,2027-08
NCT07497438,etoposide,VJJPUSNTGOMMGY,hemophagocytic lymphohistiocytosis,Hemophagocytic Lymphohistiocytosis,NOT_YET_RECRUITING,2,2029-12
NCT06564844,etoposide,VJJPUSNTGOMMGY,Non-Small Cell Lung Cancer,Non-small Cell Lung Cancer,ACTIVE_NOT_RECRUITING,3,2027-06-30
NCT03519971,etoposide,VJJPUSNTGOMMGY,Non-Small Cell Lung Cancer,Non-Small Cell Lung Cancer,ACTIVE_NOT_RECRUITING,2,2023-09-07
NCT04661358,fenofibrate,YMTINGFKWWXKFG,Diabetic Retinopathy,Diabetic Retinopathy,RECRUITING,2,2029-12
NCT06089707,fentanyl,PJMPHNIQZUBGLI,opioid use disorder,Opioid Use Disorder,RECRUITING,4,2026-01-01
NCT02866071,fentanyl,PJMPHNIQZUBGLI,Acute Traumatic Pain,Acute Traumatic Pain,ACTIVE_NOT_RECRUITING,2,2021-12-31
NCT06785298,fexofenadine,RWTNPBWLLIMQHL,Parkinson Disease,Parkinson Disease,RECRUITING,2,2026-12-10
NCT00433420,fluorouracil,GHASVSINZRGABV,Breast Cancer,Breast Cancer,ACTIVE_NOT_RECRUITING,0,2006-05
NCT01924819,fluorouracil,GHASVSINZRGABV,Gastric Cancer,Gastric Cancer,ACTIVE_NOT_RECRUITING,2,2026-12-31
NCT06733038,fluorouracil,GHASVSINZRGABV,Colorectal Cancer,Colorectal Cancer,RECRUITING,2,2028-04-01
NCT04008030,fluorouracil,GHASVSINZRGABV,Metastatic Colorectal Cancer,Metastatic Colorectal Cancer,ACTIVE_NOT_RECRUITING,3,2024-08-28
NCT01954992,fluorouracil,GHASVSINZRGABV,Metastatic Pancreatic Adenocarcinoma,Metastatic Pancreatic Adenocarcinoma,RECRUITING,2,2026-06
NCT03503136,fluorouracil,GHASVSINZRGABV,Nasopharyngeal Carcinoma,Nasopharyngeal Carcinoma,NOT_YET_RECRUITING,4,2024-06
NCT06201065,fluorouracil,GHASVSINZRGABV,Hepatocellular Carcinoma,Hepatocellular Carcinoma,RECRUITING,2,2025-07-26
NCT06441565,fluorouracil,GHASVSINZRGABV,Colorectal Cancer,Colorectal Cancer,RECRUITING,2,2025-12-30
NCT05945901,fluorouracil,GHASVSINZRGABV,Colorectal Cancer,Colorectal Cancer,ACTIVE_NOT_RECRUITING,2,2025-12-01
NCT06217042,fluorouracil,GHASVSINZRGABV,Pancreatic Cancer,Pancreatic Cancer,NOT_YET_RECRUITING,2,2027-03-30
NCT04241185,fluorouracil,GHASVSINZRGABV,Urinary Bladder Neoplasms,Urinary Bladder Neoplasms,ACTIVE_NOT_RECRUITING,2,2027-01-31
NCT04437329,fluorouracil,GHASVSINZRGABV,Nasopharyngeal Carcinoma,Nasopharyngeal Carcinoma,RECRUITING,2,2028-06-30
NCT06793917,fluorouracil,GHASVSINZRGABV,Gastric Cancer,Gastric Cancer,RECRUITING,2,2028-04-01
NCT06860958,fluoxetine,RTHCYVBBDHJXIQ,"Depressive Disorder, Major","Depressive Disorder, Major",RECRUITING,2,2027-03-20
NCT06474039,fluticasone furoate,XTULMSXFIHGYFS,COPD,COPD,RECRUITING,2,2026-06
NCT07582549,fluticasone propionate,WMWTYOKRWGGJOA,chronic cough,Chronic Cough,RECRUITING,2,2027-12
NCT05284656,folic acid,OVBPIULPVIDEAO,Chronic Kidney Disease,Chronic Kidney Diseases,ACTIVE_NOT_RECRUITING,4,2026-06-12
NCT06941415,furosemide,ZZUFCTLCJUWOSV,Cirrhosis,Cirrhosis,RECRUITING,2,2029-03-01
NCT07429734,gabapentin,UGJMXCAKCUNAIE,overactive bladder,Overactive Bladder,NOT_YET_RECRUITING,2,2026-10
NCT05827159,gabapentin,UGJMXCAKCUNAIE,Alcohol Use Disorder,Alcohol Use Disorder,RECRUITING,2,2027-12-01
NCT06629597,gemcitabine,SDUQYLNIPVEERB,Nasopharyngeal Carcinoma,Nasopharyngeal Carcinoma,RECRUITING,2,2027-12-01
NCT06026878,gemcitabine,SDUQYLNIPVEERB,Nasopharyngeal Carcinoma,Nasopharyngeal Carcinoma,RECRUITING,2,2025-09-30
NCT06170489,gemcitabine,SDUQYLNIPVEERB,Hodgkin Lymphoma,Hodgkin Lymphoma,RECRUITING,2,2025-05-31
NCT03800134,gemcitabine,SDUQYLNIPVEERB,Non-Small Cell Lung Cancer,Non-Small Cell Lung Cancer,ACTIVE_NOT_RECRUITING,2,2022-11-10
NCT02460887,gemcitabine,SDUQYLNIPVEERB,Nasopharyngeal Carcinoma,Nasopharyngeal Carcinoma,ACTIVE_NOT_RECRUITING,2,2022-04
NCT05814354,gemcitabine,SDUQYLNIPVEERB,Breast Cancer,Breast Cancer,RECRUITING,2,2025-01-30
NCT04722978,gemcitabine,SDUQYLNIPVEERB,Triple Negative Breast Cancer,Triple Negative Breast Cancer,RECRUITING,2,2026-06
NCT06118333,gemcitabine,SDUQYLNIPVEERB,Nasopharyngeal Carcinoma,Nasopharyngeal Carcinoma,ACTIVE_NOT_RECRUITING,2,2026-11
NCT05979961,gemcitabine,SDUQYLNIPVEERB,Nasopharyngeal Carcinoma,Nasopharyngeal Carcinoma,RECRUITING,2,2026-09
NCT03425643,gemcitabine,SDUQYLNIPVEERB,Non-Small Cell Lung Cancer,Non-small Cell Lung Cancer,ACTIVE_NOT_RECRUITING,2,2023-07-10
NCT05911295,gemcitabine,SDUQYLNIPVEERB,Urothelial Carcinoma,Urothelial Carcinoma,ACTIVE_NOT_RECRUITING,2,2027-01-29
NCT05527470,gemcitabine,SDUQYLNIPVEERB,Nasopharyngeal Carcinoma,Nasopharyngeal Carcinoma,RECRUITING,2,2025-11-11
NCT06103864,gemcitabine,SDUQYLNIPVEERB,Breast Cancer,Breast Cancer,RECRUITING,3,2027-07-28
NCT07533123,gemcitabine,SDUQYLNIPVEERB,Triple Negative Breast Cancer,Triple Negative Breast Cancer,RECRUITING,2,2029-03-17
NCT06268327,gemcitabine,SDUQYLNIPVEERB,Breast Cancer,Breast Cancer,NOT_YET_RECRUITING,2,2025-10-30
NCT03456076,gemcitabine,SDUQYLNIPVEERB,"Carcinoma, Non-Small-Cell Lung","Carcinoma, Non-Small-Cell Lung",ACTIVE_NOT_RECRUITING,2,2023-06-26
NCT06383767,gemcitabine,SDUQYLNIPVEERB,Metastatic Breast Cancer,Metastatic Breast Cancer,RECRUITING,2,2027-06-30
NCT02486718,gemcitabine,SDUQYLNIPVEERB,Non-Small Cell Lung Cancer,Non-Small Cell Lung Cancer,ACTIVE_NOT_RECRUITING,2,2024-01-26
NCT07540390,gemcitabine,SDUQYLNIPVEERB,Nasopharyngeal Carcinoma,Nasopharyngeal Carcinoma,NOT_YET_RECRUITING,2,2032-12-31
NCT06519370,gemcitabine,SDUQYLNIPVEERB,Triple Negative Breast Cancer,Triple Negative Breast Cancer,ACTIVE_NOT_RECRUITING,2,2026-08-18
NCT06623422,gemcitabine,SDUQYLNIPVEERB,"Carcinoma, Non-Small-Cell Lung","Carcinoma, Non-Small-Cell Lung",RECRUITING,2,2033-05-16
NCT06828354,gemcitabine,SDUQYLNIPVEERB,Ovarian Cancer,Ovarian Cancer,RECRUITING,2,2027-05
NCT03967977,gemcitabine,SDUQYLNIPVEERB,Urothelial Carcinoma,Urothelial Carcinoma,ACTIVE_NOT_RECRUITING,2,2027-06-30
NCT04907370,gemcitabine,SDUQYLNIPVEERB,Nasopharyngeal Carcinoma,Nasopharyngeal Carcinoma,ACTIVE_NOT_RECRUITING,2,2025-03-01
NCT06081959,gemcitabine,SDUQYLNIPVEERB,Metastatic Breast Cancer,Metastatic Breast Cancer,RECRUITING,2,2026-12-31
NCT04408638,gemcitabine,SDUQYLNIPVEERB,Diffuse Large B-Cell Lymphoma,Diffuse Large B-cell Lymphoma,ACTIVE_NOT_RECRUITING,2,2028-03-31
NCT06018883,gemcitabine,SDUQYLNIPVEERB,Metastatic Pancreatic Adenocarcinoma,Metastatic Pancreatic Adenocarcinoma,ACTIVE_NOT_RECRUITING,2,2025-08-15
NCT01646034,gemcitabine,SDUQYLNIPVEERB,Breast Cancer,Breast Cancer,ACTIVE_NOT_RECRUITING,2,2023-01
NCT06508658,gemcitabine,SDUQYLNIPVEERB,Diffuse Large B-Cell Lymphoma,Diffuse Large B-Cell Lymphoma,ACTIVE_NOT_RECRUITING,3,2028-03
NCT03178552,gemcitabine,SDUQYLNIPVEERB,Non-Small Cell Lung Cancer,Non-Small Cell Lung Cancer,ACTIVE_NOT_RECRUITING,11,2026-10-31
NCT06239727,gemcitabine,SDUQYLNIPVEERB,Nasopharyngeal Carcinoma,Nasopharyngeal Carcinoma,RECRUITING,3,2027-02-20
NCT06592326,gemcitabine,SDUQYLNIPVEERB,Urothelial Carcinoma,Urothelial Carcinoma,RECRUITING,2,2027-09
NCT04639986,gemcitabine,SDUQYLNIPVEERB,Metastatic Breast Cancer,Metastatic Breast Cancer,ACTIVE_NOT_RECRUITING,2,2026-12
NCT06929624,gemcitabine,SDUQYLNIPVEERB,Diffuse Large B-Cell Lymphoma,Diffuse Large B-cell Lymphoma,RECRUITING,2,2027-03
NCT06079983,gemcitabine,SDUQYLNIPVEERB,Breast Cancer,Breast Cancer,RECRUITING,2,2026-04-01
NCT03734029,gemcitabine,SDUQYLNIPVEERB,Breast Cancer,Breast Cancer,ACTIVE_NOT_RECRUITING,2,2022-01-11
NCT05854849,gemcitabine,SDUQYLNIPVEERB,Nasopharyngeal Carcinoma,Nasopharyngeal Carcinoma,RECRUITING,2,2025-12-01
NCT05104866,gemcitabine,SDUQYLNIPVEERB,Breast Cancer,Breast Cancer,ACTIVE_NOT_RECRUITING,2,2024-07-24
NCT06093672,givinostat,YALNUENQHAQXEA,Polycythemia Vera,Polycythemia Vera,RECRUITING,2,2026-07
NCT05287321,hydroxychloroquine,XXSMGPRMXLTPCZ,preeclampsia,Preeclampsia,RECRUITING,1,2025-12-31
NCT05799378,hydroxychloroquine,XXSMGPRMXLTPCZ,Systemic Lupus Erythematosus,Systemic Lupus Erythematosus,RECRUITING,2,2028-12-31
NCT04381936,hydroxychloroquine,XXSMGPRMXLTPCZ,pneumonia,Pneumonia,RECRUITING,23,2028-09-30
NCT07377578,ibrutinib,XYFPWWZEPKGCCK,Mantle Cell Lymphoma,Mantle Cell Lymphoma,RECRUITING,2,2031-05-30
NCT07225634,ibuprofen,HEFNNWSXXWATRW,Acute Pain,Acute Pain,NOT_YET_RECRUITING,1,2026-10
NCT02970318,idelalisib,IFSDAJWBUCMOAH,Chronic Lymphocytic Leukemia,Chronic Lymphocytic Leukemia,ACTIVE_NOT_RECRUITING,2,2021-09-03
NCT06682169,imatinib,KTUFNOKKBVMGRW,Graft-versus-host Disease,Graft-versus-host Disease,RECRUITING,2,2029-10
NCT05734105,imatinib,KTUFNOKKBVMGRW,GIST,GIST,ACTIVE_NOT_RECRUITING,2,2027-12
NCT06447480,isotretinoin,SHGAZHPCJJPHSC,acne vulgaris,Acne Vulgaris,RECRUITING,2,2026-09-01
NCT06781697,ketamine,YQEZLKZALYSWHR,Treatment Resistant Depression,Treatment Resistant Depression,NOT_YET_RECRUITING,2,2027-12
NCT03223220,ketamine,YQEZLKZALYSWHR,Acute Ischemic Stroke,Acute Ischemic Stroke,NOT_YET_RECRUITING,2,2026-12-31
NCT07590687,ketamine,YQEZLKZALYSWHR,critical illness,Critical Illness,NOT_YET_RECRUITING,2,2029-12-19
NCT07370181,ketamine,YQEZLKZALYSWHR,Pain,Pain,NOT_YET_RECRUITING,2,2026-07-01
NCT06907173,ketamine,YQEZLKZALYSWHR,status epilepticus,Status Epilepticus,RECRUITING,3,2029-06
NCT02866071,ketamine,YQEZLKZALYSWHR,Acute Traumatic Pain,Acute Traumatic Pain,ACTIVE_NOT_RECRUITING,2,2021-12-31
NCT06819956,ketorolac,OZWKMVRBQXNZKK,Pain Management,Pain Management,RECRUITING,2,2026-12
NCT04931225,landiolol,WMDSZGFJQKSLLH,Septic Shock,Septic Shock,RECRUITING,2,2026-07
NCT04965298,lansoprazole,MJIHNNLFOKEZEW,Idiopathic Pulmonary Fibrosis,Idiopathic Pulmonary Fibrosis,RECRUITING,2,2026-02-28
NCT06284876,lansoprazole,MJIHNNLFOKEZEW,Peptic Ulcer,Peptic Ulcer,RECRUITING,2,2026-08-30
NCT03414502,leflunomide,VHOGYURTWQBHIL,Rheumatoid Arthritis,Rheumatoid Arthritis,RECRUITING,16,2028-03
NCT06522555,lenalidomide,GOTYRUGSSMKFNF,Diffuse Large B-Cell Lymphoma,Diffuse Large B-Cell Lymphoma,RECRUITING,2,2028-08-10
NCT04404283,lenalidomide,GOTYRUGSSMKFNF,Diffuse Large B-Cell Lymphoma,Diffuse Large B-cell Lymphoma,ACTIVE_NOT_RECRUITING,2,2026-01-12
NCT06508658,lenalidomide,GOTYRUGSSMKFNF,Diffuse Large B-Cell Lymphoma,Diffuse Large B-Cell Lymphoma,ACTIVE_NOT_RECRUITING,3,2028-03
NCT04824092,lenalidomide,GOTYRUGSSMKFNF,Diffuse Large B-Cell Lymphoma,Diffuse Large B-cell Lymphoma,ACTIVE_NOT_RECRUITING,2,2026-09-01
NCT02811861,lenvatinib,WOSKHXYHFSIKNG,renal cell carcinoma,Renal Cell Carcinoma,ACTIVE_NOT_RECRUITING,3,2020-08-28
NCT05827081,letrozole,HPJKCIUCZWXJDR,Early Breast Cancer,Early Breast Cancer,RECRUITING,1,2029-09-07
NCT06733038,leucovorin,VVIAGPKUTFNRDU,Colorectal Cancer,Colorectal Cancer,RECRUITING,2,2028-04-01
NCT04008030,leucovorin,VVIAGPKUTFNRDU,Metastatic Colorectal Cancer,Metastatic Colorectal Cancer,ACTIVE_NOT_RECRUITING,3,2024-08-28
NCT06201065,leucovorin,VVIAGPKUTFNRDU,Hepatocellular Carcinoma,Hepatocellular Carcinoma,RECRUITING,2,2025-07-26
NCT04607421,leucovorin,VVIAGPKUTFNRDU,Neoplasms,Neoplasms,ACTIVE_NOT_RECRUITING,7,2025-03-01
NCT07490769,levetiracetam,HPHUVLMMVZITSG,epilepsy,Epilepsy,RECRUITING,1,2028-12-30
NCT06851078,levetiracetam,HPHUVLMMVZITSG,Septic Shock,Septic Shock,NOT_YET_RECRUITING,2,2027-06-15
NCT06907173,levetiracetam,HPHUVLMMVZITSG,status epilepticus,Status Epilepticus,RECRUITING,3,2029-06
NCT07229651,levodopa,WTDRDQBEARUVNC,Parkinson Disease,Parkinson Disease,RECRUITING,2,2026-11-20
NCT07229664,levodopa,WTDRDQBEARUVNC,Parkinson Disease,Parkinson Disease,RECRUITING,2,2026-11-20
NCT06113640,levodopa,WTDRDQBEARUVNC,Parkinson Disease,Parkinson Disease,RECRUITING,2,2026-11-20
NCT06785298,levodopa,WTDRDQBEARUVNC,Parkinson Disease,Parkinson Disease,RECRUITING,2,2026-12-10
NCT07055958,levodopa,WTDRDQBEARUVNC,Parkinson Disease,Parkinson Disease,ACTIVE_NOT_RECRUITING,2,2025-06-30
NCT06727734,levonorgestrel,WWYNJERNGUHSAO,contraception,Contraception,RECRUITING,2,2027-09
NCT07536763,levonorgestrel,WWYNJERNGUHSAO,contraception,Contraception,NOT_YET_RECRUITING,2,2029-06
NCT06446960,lidocaine,NNJVILVZKWQKPM,Stroke,Stroke,RECRUITING,3,2026-09-08
NCT06769204,lidocaine,NNJVILVZKWQKPM,"Infertility, Female","Infertility, Female",NOT_YET_RECRUITING,2,2025-08-01
NCT06979141,lidocaine,NNJVILVZKWQKPM,Cough,Cough,RECRUITING,4,2026-06-01
NCT05140525,macitentan,JGCMEBMXRHSZKX,CTEPH,CTEPH,RECRUITING,2,2026-12-31
NCT05179876,macitentan,JGCMEBMXRHSZKX,"Hypertension, Pulmonary","Hypertension, Pulmonary",RECRUITING,3,2027-01-31
NCT05255653,medroxyprogesterone acetate,PSGAAPLEWMOORI,Endometrial Cancer,Endometrial Cancer,RECRUITING,8,2030-01-01
NCT06022939,melphalan,SGDBTWWWUNNDEQ,AL Amyloidosis,AL Amyloidosis,RECRUITING,4,2030-07-29
NCT06613035,melphalan,SGDBTWWWUNNDEQ,Acute Myeloid Leukemia,Acute Myeloid Leukemia,NOT_YET_RECRUITING,2,2027-09-30
NCT05986136,mesalamine,KBOPZPXVLCULAV,inflammatory bowel disease,Inflammatory Bowel Diseases,RECRUITING,2,2027-08-20
NCT06999343,metformin,XZWYZXLIPXDOLR,COPD,COPD,NOT_YET_RECRUITING,2,2029-05-01
NCT04939935,metformin,XZWYZXLIPXDOLR,Autosomal Dominant Polycystic Kidney Disease,Autosomal Dominant Polycystic Kidney Disease,RECRUITING,2,2030-12
NCT07229651,metformin,XZWYZXLIPXDOLR,Parkinson Disease,Parkinson Disease,RECRUITING,2,2026-11-20
NCT06033131,metformin,XZWYZXLIPXDOLR,preeclampsia,Preeclampsia,RECRUITING,2,2027-12-31
NCT06257966,metformin,XZWYZXLIPXDOLR,Type2 Diabetes Mellitus,Type2 Diabetes Mellitus,ACTIVE_NOT_RECRUITING,3,2026-10-01
NCT07045142,metformin,XZWYZXLIPXDOLR,schizophrenia,Schizophrenia,RECRUITING,2,2027-12-31
NCT07136987,metformin,XZWYZXLIPXDOLR,Tuberculosis,Tuberculosis,NOT_YET_RECRUITING,3,2031-01
NCT06545526,metformin,XZWYZXLIPXDOLR,Familial adenomatous polyposis,Familial Adenomatous Polyposis,RECRUITING,2,2026-06-24
NCT00268476,metformin,XZWYZXLIPXDOLR,Prostate Cancer,Prostate Cancer,ACTIVE_NOT_RECRUITING,11,2026-03
NCT07520110,metformin,XZWYZXLIPXDOLR,Idiopathic Pulmonary Fibrosis,Idiopathic Pulmonary Fibrosis,NOT_YET_RECRUITING,3,2029-03-15
NCT07055958,metformin,XZWYZXLIPXDOLR,Parkinson Disease,Parkinson Disease,ACTIVE_NOT_RECRUITING,2,2025-06-30
NCT06728371,methadone,USSIQXCVUWKGNF,"Pain, Postoperative","Pain, Postoperative",RECRUITING,2,2024-12-01
NCT06615050,methotrexate,FBOZXECLQNJBKD,Graft-versus-host Disease (GVHD),Graft-versus-host Disease (GVHD),RECRUITING,4,2031-01-17
NCT04293562,methotrexate,FBOZXECLQNJBKD,Acute Myeloid Leukemia,Acute Myeloid Leukemia,RECRUITING,14,2029-06-30
NCT03892785,methotrexate,FBOZXECLQNJBKD,giant cell arteritis,Giant Cell Arteritis,ACTIVE_NOT_RECRUITING,2,2027-01
NCT05600426,methotrexate,FBOZXECLQNJBKD,severe aplastic anemia,Severe Aplastic Anemia,ACTIVE_NOT_RECRUITING,2,2029-12
NCT07386587,methotrexate,FBOZXECLQNJBKD,juvenile idiopathic arthritis,Juvenile Idiopathic Arthritis,ENROLLING_BY_INVITATION,2,2026-07-27
NCT06496997,methylprednisolone,VHRSUDSXCMQTMA,acute respiratory distress syndrome,Acute Respiratory Distress Syndrome,RECRUITING,3,2025-08
NCT07351500,methylprednisolone,VHRSUDSXCMQTMA,Influenza,Influenza,NOT_YET_RECRUITING,3,2028-11-30
NCT07141303,methylprednisolone,VHRSUDSXCMQTMA,Acute Ischemic Stroke,Acute Ischemic Stroke,RECRUITING,2,2027-12-31
NCT04544436,methylprednisolone,VHRSUDSXCMQTMA,Multiple Sclerosis,Multiple Sclerosis,ACTIVE_NOT_RECRUITING,2,2024-12-19
NCT06870448,methylprednisolone,VHRSUDSXCMQTMA,Acute Ischemic Stroke,Acute Ischemic Stroke,NOT_YET_RECRUITING,2,2029-01
NCT04548999,methylprednisolone,VHRSUDSXCMQTMA,Multiple Sclerosis,Multiple Sclerosis,ACTIVE_NOT_RECRUITING,2,2025-06-30
NCT04963296,methylprednisolone,VHRSUDSXCMQTMA,Systemic Lupus Erythematosus,Systemic Lupus Erythematosus,ACTIVE_NOT_RECRUITING,2,2025-09-15
NCT04221477,methylprednisolone,VHRSUDSXCMQTMA,Lupus Nephritis,Lupus Nephritis,ACTIVE_NOT_RECRUITING,2,2024-08-15
NCT06045013,methylprednisolone,VHRSUDSXCMQTMA,Carpal Tunnel Syndrome,Carpal Tunnel Syndrome,RECRUITING,2,2026-01-01
NCT06717347,methylprednisolone,VHRSUDSXCMQTMA,Diffuse Large B-Cell Lymphoma,Diffuse Large B-Cell Lymphoma,RECRUITING,2,2029-07-02
NCT06045013,methylprednisolone acetate,PLBHSZGDDKCEHR,Carpal Tunnel Syndrome,Carpal Tunnel Syndrome,RECRUITING,2,2026-01-01
NCT05876585,metoclopramide,TTWJBBZEZQICBI,Gastroenteritis,Gastroenteritis,NOT_YET_RECRUITING,2,2025-06-01
NCT05066633,metoprolol,IUBSYMUCCVWXPE,"Muscular Dystrophy, Duchenne","Muscular Dystrophy, Duchenne",RECRUITING,2,2023-06-30
NCT03414502,minocycline,DYKFCLLONBREIL,Rheumatoid Arthritis,Rheumatoid Arthritis,RECRUITING,16,2028-03
NCT07338175,minocycline,DYKFCLLONBREIL,intracerebral hemorrhage,Intracerebral Hemorrhage,RECRUITING,2,2028-06
NCT07526987,minocycline,DYKFCLLONBREIL,Ischaemic Stroke,Ischaemic Stroke,NOT_YET_RECRUITING,2,2028-12-31
NCT06803030,mirabegron,PBAPPPCECJKMCM,ureteral stent-related symptoms,Ureteral Stent-Related Symptom,RECRUITING,3,2025-12-01
NCT07656415,mitapivat,XAYGBKHKBBXDAK,Sickle Cell Disease,Sickle Cell Disease,NOT_YET_RECRUITING,2,2029-08
NCT05031780,mitapivat,XAYGBKHKBBXDAK,Sickle Cell Disease,Sickle Cell Disease,ACTIVE_NOT_RECRUITING,7,2025-10-30
NCT04293562,mitoxantrone,KKZJGLLVHKMTCM,Acute Myeloid Leukemia,Acute Myeloid Leukemia,RECRUITING,14,2029-06-30
NCT06728371,morphine,BQJCRHHNABKAKU,"Pain, Postoperative","Pain, Postoperative",RECRUITING,2,2024-12-01
NCT03774836,morphine,BQJCRHHNABKAKU,Pain Management,Pain Management,ACTIVE_NOT_RECRUITING,3,2019-05-30
NCT06890533,morphine,BQJCRHHNABKAKU,Pain,Pain,NOT_YET_RECRUITING,4,2026-06
NCT06615050,mycophenolate mofetil,RTGDFNSFWBGLEC,Graft-versus-host Disease (GVHD),Graft-versus-host Disease (GVHD),RECRUITING,4,2031-01-17
NCT06682169,mycophenolate mofetil,RTGDFNSFWBGLEC,Graft-versus-host Disease,Graft-versus-host Disease,RECRUITING,2,2029-10
NCT06089707,naloxone,UZHSEJADLWPNLE,opioid use disorder,Opioid Use Disorder,RECRUITING,4,2026-01-01
NCT05157698,naltrexone,DQCKKXVULJGBQN,obesity,Obesity,ACTIVE_NOT_RECRUITING,4,2027-01-12
NCT03345173,naltrexone,DQCKKXVULJGBQN,opioid dependence,Opioid Dependence,ACTIVE_NOT_RECRUITING,2,2024-10
NCT06677970,nicardipine,ZBBHBTPTTSWHBA,Acute Ischemic Stroke,Acute Ischemic Stroke,RECRUITING,2,2029-12-03
NCT06053567,nicotine,SNICXCGAKADSCV,nicotine dependence,Nicotine Dependence,RECRUITING,2,2029-03-31
NCT03976063,nifedipine,HYIMSNHJOBLJNT,Preterm premature rupture of membranes,Preterm Premature Rupture of Membrane,ACTIVE_NOT_RECRUITING,2,2026-11
NCT07335562,nintedanib,XZXHXSATPCNXJR,Systemic Sclerosis,Systemic Sclerosis,RECRUITING,2,2028-11-14
NCT03768063,niraparib,PCHKPVIQAHNQLW,Cancer,Cancer,ACTIVE_NOT_RECRUITING,3,2028-07-05
NCT03981796,niraparib,PCHKPVIQAHNQLW,Neoplasms,Neoplasms,ACTIVE_NOT_RECRUITING,4,2026-11-26
NCT04161053,nitazoxanide,YQNQNVDNTFHQSW,hepatic encephalopathy,Hepatic Encephalopathy,RECRUITING,2,2028-11
NCT06439524,norethindrone,VIKNJXKGJWUCNN,Endometriosis,Endometriosis,RECRUITING,2,2028-06-30
NCT06439524,norethindrone acetate,IMONTRJLAWHYGT,Endometriosis,Endometriosis,RECRUITING,2,2028-06-30
NCT06850454,olanzapine,KVWDHTXUZHCGIO,Chemotherapy Induced Nausea and Vomiting,Chemotherapy Induced Nausea and Vomiting,RECRUITING,2,2026-01-10
NCT07413809,olanzapine,KVWDHTXUZHCGIO,Multiple Myeloma,Multiple Myeloma,RECRUITING,2,2027-09
NCT05255653,olaparib,FDLYAMZZIXQODN,Endometrial Cancer,Endometrial Cancer,RECRUITING,8,2030-01-01
NCT05646862,omeprazole,SUBDBMMJDZJVOS,Breast Cancer,Breast Cancer,ACTIVE_NOT_RECRUITING,3,2026-11-13
NCT05876585,ondansetron,FELGMEQIXOGIFQ,Gastroenteritis,Gastroenteritis,NOT_YET_RECRUITING,2,2025-06-01
NCT05076175,ozanimod,XRVDGNKRPOAQTN,"Colitis, Ulcerative","Colitis, Ulcerative",RECRUITING,2,2032-07-12
NCT06486441,paclitaxel,RCINICONZNJXQF,Endometrial Cancer,Endometrial Cancer,ACTIVE_NOT_RECRUITING,2,2029-06
NCT07131319,paclitaxel,RCINICONZNJXQF,Non-Small Cell Lung Cancer,Non-Small Cell Lung Cancer,RECRUITING,1,2026-04-15
NCT06340568,paclitaxel,RCINICONZNJXQF,Endometrial Cancer,Endometrial Cancer,RECRUITING,3,2028-03
NCT06361888,paclitaxel,RCINICONZNJXQF,Metastatic Pancreatic Cancer,Metastatic Pancreatic Cancer,RECRUITING,3,2028-05-31
NCT07419295,paclitaxel,RCINICONZNJXQF,Bladder Cancer,Bladder Cancer,RECRUITING,2,2029-07-27
NCT03800134,paclitaxel,RCINICONZNJXQF,Non-Small Cell Lung Cancer,Non-Small Cell Lung Cancer,ACTIVE_NOT_RECRUITING,2,2022-11-10
NCT07445295,paclitaxel,RCINICONZNJXQF,Metastatic Pancreatic Ductal Adenocarcinoma,Metastatic Pancreatic Ductal Adenocarcinoma,NOT_YET_RECRUITING,2,2028-06-30
NCT06989112,paclitaxel,RCINICONZNJXQF,Endometrial Cancer,Endometrial Cancer,RECRUITING,3,2029-01-19
NCT06953999,paclitaxel,RCINICONZNJXQF,Pancreatic Cancer,Pancreatic Cancer,RECRUITING,3,2027-05-14
NCT05201547,paclitaxel,RCINICONZNJXQF,Endometrial Cancer,Endometrial Cancer,ACTIVE_NOT_RECRUITING,2,2026-04
NCT07165951,paclitaxel,RCINICONZNJXQF,Metastatic Pancreatic Ductal Adenocarcinoma,Metastatic Pancreatic Ductal Adenocarcinoma,RECRUITING,2,2028-05
NCT07383922,paclitaxel,RCINICONZNJXQF,Pancreatic Cancer,Pancreatic Cancer,NOT_YET_RECRUITING,2,2030-06-30
NCT04025879,paclitaxel,RCINICONZNJXQF,"Carcinoma, Non-Small-Cell Lung","Carcinoma, Non-Small-Cell Lung",ACTIVE_NOT_RECRUITING,2,2023-07-26
NCT05116462,paclitaxel,RCINICONZNJXQF,Non-Small Cell Lung Cancer,Non-Small Cell Lung Cancer,ACTIVE_NOT_RECRUITING,2,2026-09-30
NCT05800015,paclitaxel,RCINICONZNJXQF,Non-Small Cell Lung Cancer,Non-small Cell Lung Cancer,ACTIVE_NOT_RECRUITING,5,2030-01-16
NCT05654454,paclitaxel,RCINICONZNJXQF,Non-Small Cell Lung Cancer,Non-Small Cell Lung Cancer,RECRUITING,2,2026-12
NCT05489848,paclitaxel,RCINICONZNJXQF,Endometrial Cancer,Endometrial Cancer,NOT_YET_RECRUITING,2,2028-08-20
NCT05487391,paclitaxel,RCINICONZNJXQF,"Carcinoma, Non-Small-Cell Lung","Carcinoma, Non-Small-Cell Lung",RECRUITING,2,2027-08-31
NCT03768063,paclitaxel,RCINICONZNJXQF,Cancer,Cancer,ACTIVE_NOT_RECRUITING,3,2028-07-05
NCT06616532,paclitaxel,RCINICONZNJXQF,SCLC,SCLC,ACTIVE_NOT_RECRUITING,2,2027-01-25
NCT06623422,paclitaxel,RCINICONZNJXQF,"Carcinoma, Non-Small-Cell Lung","Carcinoma, Non-Small-Cell Lung",RECRUITING,2,2033-05-16
NCT05298423,paclitaxel,RCINICONZNJXQF,"Carcinoma, Non-Small-Cell Lung","Carcinoma, Non-Small-Cell Lung",ACTIVE_NOT_RECRUITING,2,2026-08-19
NCT06952504,paclitaxel,RCINICONZNJXQF,Endometrial Cancer,Endometrial Cancer,RECRUITING,4,2032-05-24
NCT07079228,paclitaxel,RCINICONZNJXQF,Pancreatic Cancer,Pancreatic Cancer,RECRUITING,2,2028-12
NCT06132958,paclitaxel,RCINICONZNJXQF,Endometrial Cancer,Endometrial Cancer,ACTIVE_NOT_RECRUITING,2,2028-01-10
NCT05112965,paclitaxel,RCINICONZNJXQF,Neoplasms,Neoplasms,ACTIVE_NOT_RECRUITING,3,2027-06-30
NCT05502237,paclitaxel,RCINICONZNJXQF,Non-Small Cell Lung Cancer,Non-small Cell Lung Cancer,ACTIVE_NOT_RECRUITING,3,2028-06
NCT07416474,paclitaxel,RCINICONZNJXQF,Non-Small Cell Lung Cancer,Non-Small Cell Lung Cancer,RECRUITING,2,2027-12-31
NCT07272109,paclitaxel,RCINICONZNJXQF,Pancreatic Cancer,Pancreatic Cancer,NOT_YET_RECRUITING,2,2027-12-30
NCT06857175,paclitaxel,RCINICONZNJXQF,Urothelial Carcinoma,Urothelial Carcinoma,RECRUITING,2,2027-06
NCT06712316,paclitaxel,RCINICONZNJXQF,Non-Small Cell Lung Cancer,Non-small Cell Lung Cancer,RECRUITING,8,2029-02
NCT03981796,paclitaxel,RCINICONZNJXQF,Neoplasms,Neoplasms,ACTIVE_NOT_RECRUITING,4,2026-11-26
NCT04956692,paclitaxel,RCINICONZNJXQF,Non-Small Cell Lung Cancer,Non-Small Cell Lung Cancer,ACTIVE_NOT_RECRUITING,2,2023-04-04
NCT06608927,paclitaxel,RCINICONZNJXQF,Metastatic Pancreatic Ductal Adenocarcinoma,Metastatic Pancreatic Ductal Adenocarcinoma,ACTIVE_NOT_RECRUITING,2,2030-11-30
NCT07633873,paclitaxel,RCINICONZNJXQF,Non-Small Cell Lung Cancer,Non-Small Cell Lung Cancer,NOT_YET_RECRUITING,2,2027-09-30
NCT06692738,paclitaxel,RCINICONZNJXQF,Non-Small Cell Lung Cancer,Non-small Cell Lung Cancer,RECRUITING,2,2029-02-05
NCT06584032,paclitaxel,RCINICONZNJXQF,Advanced Endometrial Cancer,Advanced Endometrial Cancer,RECRUITING,2,2029-01-08
NCT03519971,paclitaxel,RCINICONZNJXQF,Non-Small Cell Lung Cancer,Non-Small Cell Lung Cancer,ACTIVE_NOT_RECRUITING,2,2023-09-07
NCT05870319,pemetrexed,WBXPDJSOTKVWSJ,Non-Small Cell Lung Cancer,Non-small Cell Lung Cancer,ACTIVE_NOT_RECRUITING,2,2024-07-11
NCT07131319,pemetrexed,WBXPDJSOTKVWSJ,Non-Small Cell Lung Cancer,Non-Small Cell Lung Cancer,RECRUITING,1,2026-04-15
NCT03800134,pemetrexed,WBXPDJSOTKVWSJ,Non-Small Cell Lung Cancer,Non-Small Cell Lung Cancer,ACTIVE_NOT_RECRUITING,2,2022-11-10
NCT06236438,pemetrexed,WBXPDJSOTKVWSJ,Non-Small Cell Lung Cancer,Non-Small Cell Lung Cancer,RECRUITING,6,2031-10
NCT07190248,pemetrexed,WBXPDJSOTKVWSJ,Non-Small Cell Lung Cancer,Non-small Cell Lung Cancer,RECRUITING,2,2029-12-07
NCT06382116,pemetrexed,WBXPDJSOTKVWSJ,Non-Small Cell Lung Cancer,Non-small Cell Lung Cancer,ACTIVE_NOT_RECRUITING,2,2026-05
NCT04765059,pemetrexed,WBXPDJSOTKVWSJ,Non-Small Cell Lung Cancer,Non-small Cell Lung Cancer,ACTIVE_NOT_RECRUITING,2,2024-10-28
NCT03425643,pemetrexed,WBXPDJSOTKVWSJ,Non-Small Cell Lung Cancer,Non-small Cell Lung Cancer,ACTIVE_NOT_RECRUITING,2,2023-07-10
NCT04025879,pemetrexed,WBXPDJSOTKVWSJ,"Carcinoma, Non-Small-Cell Lung","Carcinoma, Non-Small-Cell Lung",ACTIVE_NOT_RECRUITING,2,2023-07-26
NCT05116462,pemetrexed,WBXPDJSOTKVWSJ,Non-Small Cell Lung Cancer,Non-Small Cell Lung Cancer,ACTIVE_NOT_RECRUITING,2,2026-09-30
NCT07642024,pemetrexed,WBXPDJSOTKVWSJ,Non-Small Cell Lung Cancer,Non-small Cell Lung Cancer,NOT_YET_RECRUITING,3,2032-12
NCT05800015,pemetrexed,WBXPDJSOTKVWSJ,Non-Small Cell Lung Cancer,Non-small Cell Lung Cancer,ACTIVE_NOT_RECRUITING,5,2030-01-16
NCT03456076,pemetrexed,WBXPDJSOTKVWSJ,"Carcinoma, Non-Small-Cell Lung","Carcinoma, Non-Small-Cell Lung",ACTIVE_NOT_RECRUITING,2,2023-06-26
NCT06899126,pemetrexed,WBXPDJSOTKVWSJ,Non-Small Cell Lung Cancer,Non-small Cell Lung Cancer,RECRUITING,2,2030-03-05
NCT07174908,pemetrexed,WBXPDJSOTKVWSJ,Non-Small Cell Lung Cancer,Non-Small Cell Lung Cancer,RECRUITING,2,2028-09
NCT02486718,pemetrexed,WBXPDJSOTKVWSJ,Non-Small Cell Lung Cancer,Non-Small Cell Lung Cancer,ACTIVE_NOT_RECRUITING,2,2024-01-26
NCT05487391,pemetrexed,WBXPDJSOTKVWSJ,"Carcinoma, Non-Small-Cell Lung","Carcinoma, Non-Small-Cell Lung",RECRUITING,2,2027-08-31
NCT03768063,pemetrexed,WBXPDJSOTKVWSJ,Cancer,Cancer,ACTIVE_NOT_RECRUITING,3,2028-07-05
NCT06623422,pemetrexed,WBXPDJSOTKVWSJ,"Carcinoma, Non-Small-Cell Lung","Carcinoma, Non-Small-Cell Lung",RECRUITING,2,2033-05-16
NCT05298423,pemetrexed,WBXPDJSOTKVWSJ,"Carcinoma, Non-Small-Cell Lung","Carcinoma, Non-Small-Cell Lung",ACTIVE_NOT_RECRUITING,2,2026-08-19
NCT04194944,pemetrexed,WBXPDJSOTKVWSJ,Non-Small Cell Lung Cancer,Non-Small Cell Lung Cancer,ACTIVE_NOT_RECRUITING,2,2023-05-01
NCT05112965,pemetrexed,WBXPDJSOTKVWSJ,Neoplasms,Neoplasms,ACTIVE_NOT_RECRUITING,3,2027-06-30
NCT05502237,pemetrexed,WBXPDJSOTKVWSJ,Non-Small Cell Lung Cancer,Non-small Cell Lung Cancer,ACTIVE_NOT_RECRUITING,3,2028-06
NCT05668988,pemetrexed,WBXPDJSOTKVWSJ,Non-Small Cell Lung Cancer,Non-small Cell Lung Cancer,ACTIVE_NOT_RECRUITING,2,2026-01-16
NCT06875310,pemetrexed,WBXPDJSOTKVWSJ,"Carcinoma, Non-Small-Cell Lung","Carcinoma, Non-Small-Cell Lung",RECRUITING,2,2029-09-07
NCT06712316,pemetrexed,WBXPDJSOTKVWSJ,Non-Small Cell Lung Cancer,Non-small Cell Lung Cancer,RECRUITING,8,2029-02
NCT06561386,pemetrexed,WBXPDJSOTKVWSJ,Non-Small Cell Lung Cancer,Non-small Cell Lung Cancer,RECRUITING,2,2030-07-30
NCT04035486,pemetrexed,WBXPDJSOTKVWSJ,Non-Small Cell Lung Cancer,Non-Small Cell Lung Cancer,ACTIVE_NOT_RECRUITING,2,2023-04-03
NCT03178552,pemetrexed,WBXPDJSOTKVWSJ,Non-Small Cell Lung Cancer,Non-Small Cell Lung Cancer,ACTIVE_NOT_RECRUITING,11,2026-10-31
NCT04988295,pemetrexed,WBXPDJSOTKVWSJ,"Carcinoma, Non-Small-Cell Lung","Carcinoma, Non-Small-Cell Lung",ACTIVE_NOT_RECRUITING,5,2023-07-10
NCT04956692,pemetrexed,WBXPDJSOTKVWSJ,Non-Small Cell Lung Cancer,Non-Small Cell Lung Cancer,ACTIVE_NOT_RECRUITING,2,2023-04-04
NCT04538664,pemetrexed,WBXPDJSOTKVWSJ,"Carcinoma, Non-Small-Cell Lung","Carcinoma, Non-Small-Cell Lung",ACTIVE_NOT_RECRUITING,2,2023-05-03
NCT04351555,pemetrexed,WBXPDJSOTKVWSJ,Non-Small Cell Lung Cancer,Non-Small Cell Lung Cancer,ACTIVE_NOT_RECRUITING,3,2024-10-15
NCT06564844,pemetrexed,WBXPDJSOTKVWSJ,Non-Small Cell Lung Cancer,Non-small Cell Lung Cancer,ACTIVE_NOT_RECRUITING,3,2027-06-30
NCT07633873,pemetrexed,WBXPDJSOTKVWSJ,Non-Small Cell Lung Cancer,Non-Small Cell Lung Cancer,NOT_YET_RECRUITING,2,2027-09-30
NCT07100080,pemetrexed,WBXPDJSOTKVWSJ,Non-Small Cell Lung Cancer,Non-Small Cell Lung Cancer,RECRUITING,5,2028-12-15
NCT06829459,pemetrexed,WBXPDJSOTKVWSJ,Non-Small Cell Lung Cancer,Non-Small Cell Lung Cancer,RECRUITING,2,2028-02-15
NCT06711900,pemetrexed,WBXPDJSOTKVWSJ,Non-Small Cell Lung Cancer,Non-Small Cell Lung Cancer,RECRUITING,2,2026-12
NCT03519971,pemetrexed,WBXPDJSOTKVWSJ,Non-Small Cell Lung Cancer,Non-Small Cell Lung Cancer,ACTIVE_NOT_RECRUITING,2,2023-09-07
NCT06770426,phenylephrine,SONNWYBIRXJNDC,Acute Ischemic Stroke,Acute Ischemic Stroke,NOT_YET_RECRUITING,2,2027-09
NCT06677970,phenylephrine,SONNWYBIRXJNDC,Acute Ischemic Stroke,Acute Ischemic Stroke,RECRUITING,2,2029-12-03
NCT06727734,piroxicam,QYSPLQLAKJAUJT,contraception,Contraception,RECRUITING,2,2027-09
NCT06911502,prednisolone,OIGNJSKKLXVSLS,Follicular Lymphoma,Follicular Lymphoma,RECRUITING,2,2028-04-24
NCT06496997,prednisolone,OIGNJSKKLXVSLS,acute respiratory distress syndrome,Acute Respiratory Distress Syndrome,RECRUITING,3,2025-08
NCT03933631,prednisolone,OIGNJSKKLXVSLS,Glaucoma,Glaucoma,RECRUITING,2,2028-06
NCT07634471,prednisolone,OIGNJSKKLXVSLS,Follicular Lymphoma,Follicular Lymphoma,NOT_YET_RECRUITING,3,2032-07-23
NCT07351500,prednisolone,OIGNJSKKLXVSLS,Influenza,Influenza,NOT_YET_RECRUITING,3,2028-11-30
NCT05510323,prednisolone,OIGNJSKKLXVSLS,"Glomerulonephritis, IGA","Glomerulonephritis, IGA",RECRUITING,2,2025-08
NCT07141303,prednisolone,OIGNJSKKLXVSLS,Acute Ischemic Stroke,Acute Ischemic Stroke,RECRUITING,2,2027-12-31
NCT04544436,prednisolone,OIGNJSKKLXVSLS,Multiple Sclerosis,Multiple Sclerosis,ACTIVE_NOT_RECRUITING,2,2024-12-19
NCT06952803,prednisolone,OIGNJSKKLXVSLS,Prostate Cancer,Prostate Cancer,RECRUITING,4,2033-03-31
NCT06870448,prednisolone,OIGNJSKKLXVSLS,Acute Ischemic Stroke,Acute Ischemic Stroke,NOT_YET_RECRUITING,2,2029-01
NCT04548999,prednisolone,OIGNJSKKLXVSLS,Multiple Sclerosis,Multiple Sclerosis,ACTIVE_NOT_RECRUITING,2,2025-06-30
NCT04963296,prednisolone,OIGNJSKKLXVSLS,Systemic Lupus Erythematosus,Systemic Lupus Erythematosus,ACTIVE_NOT_RECRUITING,2,2025-09-15
NCT00268476,prednisolone,OIGNJSKKLXVSLS,Prostate Cancer,Prostate Cancer,ACTIVE_NOT_RECRUITING,11,2026-03
NCT04221477,prednisolone,OIGNJSKKLXVSLS,Lupus Nephritis,Lupus Nephritis,ACTIVE_NOT_RECRUITING,2,2024-08-15
NCT06045013,prednisolone,OIGNJSKKLXVSLS,Carpal Tunnel Syndrome,Carpal Tunnel Syndrome,RECRUITING,2,2026-01-01
NCT06143891,prednisolone,OIGNJSKKLXVSLS,Chronic Graft Versus Host Disease,Chronic Graft Versus Host Disease,ACTIVE_NOT_RECRUITING,2,2028-09-29
NCT06717347,prednisolone,OIGNJSKKLXVSLS,Diffuse Large B-Cell Lymphoma,Diffuse Large B-Cell Lymphoma,RECRUITING,2,2029-07-02
NCT06045013,prednisolone acetate,LRJOMUJRLNCICJ,Carpal Tunnel Syndrome,Carpal Tunnel Syndrome,RECRUITING,2,2026-01-01
NCT06911502,prednisone,XOFYZVNMUHMLCC,Follicular Lymphoma,Follicular Lymphoma,RECRUITING,2,2028-04-24
NCT07634471,prednisone,XOFYZVNMUHMLCC,Follicular Lymphoma,Follicular Lymphoma,NOT_YET_RECRUITING,3,2032-07-23
NCT03892785,prednisone,XOFYZVNMUHMLCC,giant cell arteritis,Giant Cell Arteritis,ACTIVE_NOT_RECRUITING,2,2027-01
NCT00602641,prednisone,XOFYZVNMUHMLCC,Multiple Myeloma,Multiple Myeloma,ACTIVE_NOT_RECRUITING,2,2014-01-18
NCT05578976,prednisone,XOFYZVNMUHMLCC,Diffuse Large B-Cell Lymphoma,Diffuse Large B-Cell Lymphoma,ACTIVE_NOT_RECRUITING,2,2027-06
NCT06284122,prednisone,XOFYZVNMUHMLCC,Follicular Lymphoma,Follicular Lymphoma,RECRUITING,5,2028-11
NCT04824092,prednisone,XOFYZVNMUHMLCC,Diffuse Large B-Cell Lymphoma,Diffuse Large B-cell Lymphoma,ACTIVE_NOT_RECRUITING,2,2026-09-01
NCT04529772,prednisone,XOFYZVNMUHMLCC,Diffuse Large B-Cell Lymphoma,Diffuse Large B-Cell Lymphoma,ACTIVE_NOT_RECRUITING,2,2027-02-22
NCT06143891,prednisone,XOFYZVNMUHMLCC,Chronic Graft Versus Host Disease,Chronic Graft Versus Host Disease,ACTIVE_NOT_RECRUITING,2,2028-09-29
NCT06717347,prednisone,XOFYZVNMUHMLCC,Diffuse Large B-Cell Lymphoma,Diffuse Large B-Cell Lymphoma,RECRUITING,2,2029-07-02
NCT06769204,prilocaine,MVFGUOIZUNYYSO,"Infertility, Female","Infertility, Female",NOT_YET_RECRUITING,2,2025-08-01
NCT06904287,prochlorperazine,WIKYUJGCLQQFNW,migraine,Migraine,RECRUITING,2,2027-06
NCT06062810,raloxifene,GZUITABIAKMVPG,Breast Cancer,Breast Cancer,ACTIVE_NOT_RECRUITING,2,2026-12-18
NCT05207709,ribociclib,RHXHGRAEPCAFML,Metastatic Breast Cancer,Metastatic Breast Cancer,ACTIVE_NOT_RECRUITING,3,2026-03-01
NCT02344472,ribociclib,RHXHGRAEPCAFML,Metastatic Breast Cancer,Metastatic Breast Cancer,ACTIVE_NOT_RECRUITING,12,2025-01-31
NCT05827081,ribociclib,RHXHGRAEPCAFML,Early Breast Cancer,Early Breast Cancer,RECRUITING,1,2029-09-07
NCT06377852,ribociclib,RHXHGRAEPCAFML,Metastatic Breast Cancer,Metastatic Breast Cancer,RECRUITING,2,2028-08-31
NCT03701334,ribociclib,RHXHGRAEPCAFML,Early Breast Cancer,Early Breast Cancer,ACTIVE_NOT_RECRUITING,2,2030-05-29
NCT03127267,riluzole,FTALBRSUTCGOEG,Amyotrophic Lateral Sclerosis,Amyotrophic Lateral Sclerosis,RECRUITING,3,2027-12
NCT06780462,rivaroxaban,KGFYHTZWPPHNLQ,Behcet syndrome,Behcet Syndrome,RECRUITING,2,2027-12-24
NCT06702124,rivastigmine,XSVMFMHYUFZWBK,Alzheimer disease,Alzheimer Disease,RECRUITING,2,2025-07
NCT06648772,roflumilast,MNDBXUUTURYVHR,plaque psoriasis,Plaque Psoriasis,RECRUITING,2,2025-06-28
NCT06860958,roflumilast,MNDBXUUTURYVHR,"Depressive Disorder, Major","Depressive Disorder, Major",RECRUITING,2,2027-03-20
NCT07448285,ropivacaine,ZKMNUMMKYBVTFN,Chronic pain,Chronic Pain,RECRUITING,2,2029-02
NCT06702124,rotigotine,KFQYTPMOWPVWEJ,Alzheimer disease,Alzheimer Disease,RECRUITING,2,2025-07
NCT03768063,rucaparib,HMABYWSNWIZPAG,Cancer,Cancer,ACTIVE_NOT_RECRUITING,3,2028-07-05
NCT04562389,ruxolitinib,HFNKQEVNSGCOJV,myelofibrosis,Myelofibrosis,ACTIVE_NOT_RECRUITING,5,2026-02-20
NCT04562389,selinexor,DEVSOMFAQLZNKR,myelofibrosis,Myelofibrosis,ACTIVE_NOT_RECRUITING,5,2026-02-20
NCT05611931,selinexor,DEVSOMFAQLZNKR,Endometrial Cancer,Endometrial Cancer,ACTIVE_NOT_RECRUITING,2,2026-08
NCT06613035,selinexor,DEVSOMFAQLZNKR,Acute Myeloid Leukemia,Acute Myeloid Leukemia,NOT_YET_RECRUITING,2,2027-09-30
NCT04133792,simvastatin,RYMZZMVNJRMUDD,Primary Sclerosing Cholangitis,Primary Sclerosing Cholangitis,ACTIVE_NOT_RECRUITING,2,2028-03-31
NCT03654053,simvastatin,RYMZZMVNJRMUDD,Cirrhosis,Cirrhosis,ACTIVE_NOT_RECRUITING,2,2026-12-31
NCT05219409,sitagliptin,MFFMDFFZMYYVKS,Type 1 Diabetes,Type 1 Diabetes,NOT_YET_RECRUITING,2,2025-12
NCT06803030,solifenacin,FBOUYBDGKBSUES,ureteral stent-related symptoms,Ureteral Stent-Related Symptom,RECRUITING,3,2025-12-01
NCT05092984,spironolactone,LXMSZDCAJNLERA,Rheumatoid Arthritis,Rheumatoid Arthritis,RECRUITING,2,2026-03
NCT02901184,spironolactone,LXMSZDCAJNLERA,Heart Failure With Preserved Ejection Fraction,Heart Failure With Preserved Ejection Fraction,RECRUITING,2,2026-12
NCT06917651,sufentanil,GGCSSNBKKAUURC,Pain Management,Pain Management,RECRUITING,2,2027-04-22
NCT03414502,sulfasalazine,NCEXYHBECQHGNR,Rheumatoid Arthritis,Rheumatoid Arthritis,RECRUITING,16,2028-03
NCT06134388,sulfasalazine,NCEXYHBECQHGNR,Metastatic Colorectal Cancer,Metastatic Colorectal Cancer,RECRUITING,2,2025-09
NCT03768063,sunitinib,WINHZLLDWRZWRT,Cancer,Cancer,ACTIVE_NOT_RECRUITING,3,2028-07-05
NCT03141177,sunitinib,WINHZLLDWRZWRT,renal cell carcinoma,Renal Cell Carcinoma,ACTIVE_NOT_RECRUITING,3,2020-02-12
NCT02811861,sunitinib,WINHZLLDWRZWRT,renal cell carcinoma,Renal Cell Carcinoma,ACTIVE_NOT_RECRUITING,3,2020-08-28
NCT05734105,sunitinib,WINHZLLDWRZWRT,GIST,GIST,ACTIVE_NOT_RECRUITING,2,2027-12
NCT06655883,suvorexant,JYTNQNCOQXFQPK,insomnia,Insomnia,RECRUITING,2,2027-06-24
NCT07177326,tadalafil,WOXKDUGGOYFFRN,erectile dysfunction,Erectile Dysfunction,NOT_YET_RECRUITING,2,2026-10-01
NCT05195775,tadalafil,WOXKDUGGOYFFRN,Duchenne Muscular Dystrophy,Duchenne Muscular Dystrophy,ACTIVE_NOT_RECRUITING,2,2025-09-05
NCT06805513,tadalafil,WOXKDUGGOYFFRN,erectile dysfunction,Erectile Dysfunction,RECRUITING,1,2026-01-31
NCT04821622,talazoparib,HWGQMRYQVZSGDQ,Prostate Cancer,Prostate Cancer,ACTIVE_NOT_RECRUITING,2,2026-02-18
NCT06440967,tamoxifen,NKANXQFJJICGDU,hot flashes,Hot Flashes,ACTIVE_NOT_RECRUITING,2,2026-06-30
NCT03011684,tamoxifen,NKANXQFJJICGDU,Infertility,Infertility,RECRUITING,3,2028-03-31
NCT06355401,tamoxifen,NKANXQFJJICGDU,Diffuse Large B Cell Lymphoma,Diffuse Large B Cell Lymphoma,NOT_YET_RECRUITING,2,2026-03
NCT06803030,tamsulosin,DRHKJLXJIQTDTD,ureteral stent-related symptoms,Ureteral Stent-Related Symptom,RECRUITING,3,2025-12-01
NCT07265479,tapinarof,ZISJNXNHJRQYJO,Atopic Dermatitis,Atopic Dermatitis,RECRUITING,2,2028-01
NCT00602641,thalidomide,UEJJHQNACJXSKW,Multiple Myeloma,Multiple Myeloma,ACTIVE_NOT_RECRUITING,2,2014-01-18
NCT00572169,thalidomide,UEJJHQNACJXSKW,Multiple Myeloma,Multiple Myeloma,ACTIVE_NOT_RECRUITING,1,2027-08
NCT07309419,thalidomide,UEJJHQNACJXSKW,Hepatocellular Carcinoma,Hepatocellular Carcinoma,NOT_YET_RECRUITING,2,2030-06-30
NCT03562169,thalidomide,UEJJHQNACJXSKW,Multiple Myeloma,Multiple Myeloma,RECRUITING,2,2026-03
NCT06561867,ticagrelor,OEKWJQXRCDYSHL,Ischemic Stroke,Ischemic Stroke,RECRUITING,2,2025-11-30
NCT06196047,ticagrelor,OEKWJQXRCDYSHL,Ischemic Stroke,Ischemic Stroke,RECRUITING,2,2024-12-20
NCT06202755,ticagrelor,OEKWJQXRCDYSHL,Ischemic Stroke,Ischemic Stroke,RECRUITING,2,2025-06-12
NCT06591338,ticagrelor,OEKWJQXRCDYSHL,Ischemic Stroke,Ischemic Stroke,RECRUITING,2,2025-09-15
NCT06591377,ticagrelor,OEKWJQXRCDYSHL,Ischemic Stroke,Ischemic Stroke,RECRUITING,2,2025-09-19
NCT06591390,ticagrelor,OEKWJQXRCDYSHL,Ischemic Stroke,Ischemic Stroke,RECRUITING,2,2024-09-15
NCT06591312,ticagrelor,OEKWJQXRCDYSHL,Ischemic Stroke,Ischemic Stroke,RECRUITING,2,2024-09-10
NCT05748483,topiramate,KJADKKWYZYXHBB,migraine,Migraine,ACTIVE_NOT_RECRUITING,2,2025-04-28
NCT06616532,topotecan,UCFGDBYHRUNTLO,SCLC,SCLC,ACTIVE_NOT_RECRUITING,2,2027-01-25
NCT07145333,topotecan,UCFGDBYHRUNTLO,SCLC,SCLC,ACTIVE_NOT_RECRUITING,2,2026-09-18
NCT05891093,toremifene,XFCLJVABOIYOMF,Breast Cancer,Breast Cancer,RECRUITING,2,2028-05-31
NCT05562609,tranexamic acid,GYDJEQRTZSCIOI,postpartum hemorrhage,Postpartum Hemorrhage,RECRUITING,3,2025-08
NCT07448415,tranexamic acid,GYDJEQRTZSCIOI,melasma,Melasma,NOT_YET_RECRUITING,3,2027-02
NCT07245264,tranexamic acid,GYDJEQRTZSCIOI,Chronic Subdural Hematomas,Chronic Subdural Hematoma,RECRUITING,2,2028-11-01
NCT06519422,tranexamic acid,GYDJEQRTZSCIOI,anemia,Anemia,NOT_YET_RECRUITING,2,2028-08
NCT04910464,tranexamic acid,GYDJEQRTZSCIOI,Sepsis,Sepsis,RECRUITING,2,2027-01-10
NCT04304625,tranexamic acid,GYDJEQRTZSCIOI,postpartum hemorrhage,Postpartum Hemorrhage,RECRUITING,2,2027-06
NCT07075718,travoprost,MKPLKVHSHYCHOC,Glaucoma,Glaucoma,RECRUITING,9,2028-03
NCT07495852,travoprost,MKPLKVHSHYCHOC,Glaucoma,Glaucoma,RECRUITING,6,2028-06
NCT06787222,tretinoin,SHGAZHPCJJPHSC,acne vulgaris,Acne Vulgaris,ACTIVE_NOT_RECRUITING,2,2025-08-25
NCT06364904,trilaciclib,PDGKHKMBHVFCMG,Bladder Cancer,Bladder Cancer,NOT_YET_RECRUITING,2,2027-04-15
NCT06474039,umeclidinium,FVTWTVQXNAJTQP,COPD,COPD,RECRUITING,2,2026-06
NCT06118411,upadacitinib,WYQFJHHDOKWSHR,Vitiligo,Vitiligo,ACTIVE_NOT_RECRUITING,12,2028-03
NCT06660693,upadacitinib,WYQFJHHDOKWSHR,"Colitis, Ulcerative","Colitis, Ulcerative",RECRUITING,2,2027-05
NCT05609630,upadacitinib,WYQFJHHDOKWSHR,juvenile idiopathic arthritis,Juvenile Idiopathic Arthritis,RECRUITING,3,2029-06
NCT05843643,upadacitinib,WYQFJHHDOKWSHR,Systemic Lupus Erythematosus,Systemic Lupus Erythematosus,ACTIVE_NOT_RECRUITING,12,2027-03
NCT07023302,upadacitinib,WYQFJHHDOKWSHR,Alopecia Areata,Alopecia Areata,RECRUITING,10,2029-02
NCT06012240,upadacitinib,WYQFJHHDOKWSHR,Alopecia Areata,Alopecia Areata,RECRUITING,23,2030-04
NCT03768063,vemurafenib,GPXBXXGIAQBQNI,Cancer,Cancer,ACTIVE_NOT_RECRUITING,3,2028-07-05
NCT03178552,vemurafenib,GPXBXXGIAQBQNI,Non-Small Cell Lung Cancer,Non-Small Cell Lung Cancer,ACTIVE_NOT_RECRUITING,11,2026-10-31
NCT06852222,venetoclax,LQBVNQSMGBZMKD,"Leukemia, Myeloid, Acute","Leukemia, Myeloid, Acute",RECRUITING,2,2029-06-22
NCT03768063,venetoclax,LQBVNQSMGBZMKD,Cancer,Cancer,ACTIVE_NOT_RECRUITING,3,2028-07-05
NCT06987383,vibegron,DJXRIQMCROIRCZ,obesity,Obesity,NOT_YET_RECRUITING,2,2028-07
NCT05491525,vibegron,DJXRIQMCROIRCZ,Neurogenic Detrusor Overactivity,Neurogenic Detrusor Overactivity,RECRUITING,3,2030-03
NCT06911502,vincristine,OGWKCGZFUXNPDA,Follicular Lymphoma,Follicular Lymphoma,RECRUITING,2,2028-04-24
NCT07634471,vincristine,OGWKCGZFUXNPDA,Follicular Lymphoma,Follicular Lymphoma,NOT_YET_RECRUITING,3,2032-07-23
NCT05578976,vincristine,OGWKCGZFUXNPDA,Diffuse Large B-Cell Lymphoma,Diffuse Large B-Cell Lymphoma,ACTIVE_NOT_RECRUITING,2,2027-06
NCT04824092,vincristine,OGWKCGZFUXNPDA,Diffuse Large B-Cell Lymphoma,Diffuse Large B-cell Lymphoma,ACTIVE_NOT_RECRUITING,2,2026-09-01
NCT04529772,vincristine,OGWKCGZFUXNPDA,Diffuse Large B-Cell Lymphoma,Diffuse Large B-Cell Lymphoma,ACTIVE_NOT_RECRUITING,2,2027-02-22
NCT06717347,vincristine,OGWKCGZFUXNPDA,Diffuse Large B-Cell Lymphoma,Diffuse Large B-Cell Lymphoma,RECRUITING,2,2029-07-02
NCT05976763,zanubrutinib,RNOAOAWBMHREKO,Mantle Cell Lymphoma,Mantle Cell Lymphoma,RECRUITING,3,2038-08-31
NCT07377578,zanubrutinib,RNOAOAWBMHREKO,Mantle Cell Lymphoma,Mantle Cell Lymphoma,RECRUITING,2,2031-05-30
NCT06522555,zanubrutinib,RNOAOAWBMHREKO,Diffuse Large B-Cell Lymphoma,Diffuse Large B-Cell Lymphoma,RECRUITING,2,2028-08-10
