drug,Disease,IK14,has_binding,coverage_drug,coverage_disease,direct_target_max,needs_pipeline,in_confident_bet,NCTs
Elafibranor,primary biliary cirrhosis,AFLFKFHDSCQHOL,True,1,0,,OPEN_TARGETS_PULL (no disease gene module),False,NCT04526665
alectinib,"Carcinoma, Non-Small-Cell Lung",KDGFLJKFZUIJMX,True,1,0,,OPEN_TARGETS_PULL (no disease gene module),False,NCT03456076
atracurium,Muscle Relaxation,YXSLJKQTIDHPOT,True,1,0,,OPEN_TARGETS_PULL (no disease gene module),False,NCT05736744
betamethasone,allergic rhinitis,UREBDLICKHMUKA,True,1,0,,OPEN_TARGETS_PULL (no disease gene module),False,NCT06916884
crizotinib,"Carcinoma, Non-Small-Cell Lung",KTEIFNKAUNYNJU,True,1,0,,OPEN_TARGETS_PULL (no disease gene module),False,NCT03052608;NCT04603807;NCT06140836
dapagliflozin,diabetic nephropathy,JVHXJTBJCFBINQ,True,1,0,,OPEN_TARGETS_PULL (no disease gene module),False,NCT07598864
dapagliflozin,inflammatory bowel disease,JVHXJTBJCFBINQ,True,1,0,,OPEN_TARGETS_PULL (no disease gene module),False,NCT05986136
dutasteride,androgenetic alopecia,JWJOTENAMICLJG,True,1,0,,OPEN_TARGETS_PULL (no disease gene module),False,NCT06916793
esketamine,depressive disorder,YQEZLKZALYSWHR,True,1,0,,OPEN_TARGETS_PULL (no disease gene module),False,NCT07153406
etoposide,"Carcinoma, Non-Small-Cell Lung",VJJPUSNTGOMMGY,True,1,0,,OPEN_TARGETS_PULL (no disease gene module),False,NCT05298423
gemcitabine,"Carcinoma, Non-Small-Cell Lung",SDUQYLNIPVEERB,True,1,0,,OPEN_TARGETS_PULL (no disease gene module),False,NCT03456076;NCT06623422
ketamine,Treatment Resistant Depression,YQEZLKZALYSWHR,True,1,0,,OPEN_TARGETS_PULL (no disease gene module),False,NCT06781697
mesalamine,inflammatory bowel disease,KBOPZPXVLCULAV,True,1,0,,OPEN_TARGETS_PULL (no disease gene module),False,NCT05986136
metformin,preeclampsia,XZWYZXLIPXDOLR,True,1,0,,OPEN_TARGETS_PULL (no disease gene module),False,NCT06033131
metformin,Type2 Diabetes Mellitus,XZWYZXLIPXDOLR,True,1,0,,OPEN_TARGETS_PULL (no disease gene module),False,NCT06257966
mirabegron,ureteral stent-related symptoms,PBAPPPCECJKMCM,True,1,0,,OPEN_TARGETS_PULL (no disease gene module),False,NCT06803030
naltrexone,opioid dependence,DQCKKXVULJGBQN,True,1,0,,OPEN_TARGETS_PULL (no disease gene module),False,NCT03345173
paclitaxel,"Carcinoma, Non-Small-Cell Lung",RCINICONZNJXQF,True,1,0,,OPEN_TARGETS_PULL (no disease gene module),False,NCT04025879;NCT05298423;NCT05487391;NCT06623422
pemetrexed,"Carcinoma, Non-Small-Cell Lung",WBXPDJSOTKVWSJ,True,1,0,,OPEN_TARGETS_PULL (no disease gene module),False,NCT03456076;NCT04025879;NCT04538664;NCT04988295;NCT05298423;NCT05487391;NCT06623422;NCT06875310
solifenacin,ureteral stent-related symptoms,FBOUYBDGKBSUES,True,1,0,,OPEN_TARGETS_PULL (no disease gene module),False,NCT06803030
spironolactone,Heart Failure With Preserved Ejection Fraction,LXMSZDCAJNLERA,True,1,0,,OPEN_TARGETS_PULL (no disease gene module),False,NCT02901184
tamoxifen,Diffuse Large B Cell Lymphoma,NKANXQFJJICGDU,True,1,0,,OPEN_TARGETS_PULL (no disease gene module),False,NCT06355401
tamsulosin,ureteral stent-related symptoms,DRHKJLXJIQTDTD,True,1,0,,OPEN_TARGETS_PULL (no disease gene module),False,NCT06803030
vibegron,Neurogenic Detrusor Overactivity,DJXRIQMCROIRCZ,True,1,0,,OPEN_TARGETS_PULL (no disease gene module),True,NCT05491525
ABX464,Ulcerative Colitis,OZOGDCZJYVSUBR,True,1,1,0.1658549,RECOMPUTE_FROM_CACHE (mendel/depmap/mi — no pull),False,NCT05535946
Apatinib,Breast Cancer,WPEWQEMJFLWMLV,True,1,1,0.42877072,RECOMPUTE_FROM_CACHE (mendel/depmap/mi — no pull),False,NCT04803539
Apatinib,Gastric Cancer,WPEWQEMJFLWMLV,True,1,1,0.5397651,RECOMPUTE_FROM_CACHE (mendel/depmap/mi — no pull),True,NCT04342910
Apatinib,Hepatocellular Carcinoma,WPEWQEMJFLWMLV,True,1,1,0.6228061,RECOMPUTE_FROM_CACHE (mendel/depmap/mi — no pull),False,NCT05198609;NCT05320692;NCT07309419
Apatinib,Ovarian Cancer,WPEWQEMJFLWMLV,True,1,1,0.24760655,RECOMPUTE_FROM_CACHE (mendel/depmap/mi — no pull),False,NCT06188455
Azeliragon,COVID-19,KJNNWYBAOPXVJY,True,1,1,0.35190406,RECOMPUTE_FROM_CACHE (mendel/depmap/mi — no pull),False,NCT05815485
BMS-986165,psoriasis,BZZKEPGENYLQSC,True,1,1,0.9793623,RECOMPUTE_FROM_CACHE (mendel/depmap/mi — no pull),False,NCT04036435
BMS-986165,Systemic Lupus Erythematosus,BZZKEPGENYLQSC,True,1,1,0.13877308,RECOMPUTE_FROM_CACHE (mendel/depmap/mi — no pull),False,NCT05620407
BMS-986165,plaque psoriasis,BZZKEPGENYLQSC,True,1,1,0.9793623,RECOMPUTE_FROM_CACHE (mendel/depmap/mi — no pull),False,NCT06979453;NCT07326813
Bortezomib,Multiple Myeloma,GXJABQQUPOEUTA,True,1,1,0.28652638,RECOMPUTE_FROM_CACHE (mendel/depmap/mi — no pull),False,NCT01208662;NCT03617731;NCT03651128;NCT03710603;NCT03729804;NCT04181827;NCT04246047;NCT04484623;NCT04923893;NCT04975997;NCT05083169;NCT05257083;NCT05623020;NCT06152575;NCT06158841;NCT06208150;NCT06413498;NCT06464991;NCT06868654;NCT06868667;NCT06956170;NCT07285239;NCT07624513
Cobimetinib,Cancer,BSMCAPRUBJMWDF,True,1,1,0.0,RECOMPUTE_FROM_CACHE (mendel/depmap/mi — no pull),False,NCT03768063
Cobimetinib,Non-Small Cell Lung Cancer,BSMCAPRUBJMWDF,True,1,1,0.0,RECOMPUTE_FROM_CACHE (mendel/depmap/mi — no pull),False,NCT03178552
Elafibranor,Primary Sclerosing Cholangitis,AFLFKFHDSCQHOL,True,1,1,0.3831767,RECOMPUTE_FROM_CACHE (mendel/depmap/mi — no pull),False,NCT07387549
Etavopivat,Sickle Cell Disease,KZFFYEPYCVDOGE,True,1,1,0.0,RECOMPUTE_FROM_CACHE (mendel/depmap/mi — no pull),False,NCT04624659;NCT06612268
Palbociclib,Metastatic Breast Cancer,AHJRHEGDXFFMBM,True,1,1,0.16966029,RECOMPUTE_FROM_CACHE (mendel/depmap/mi — no pull),False,NCT05207709;NCT06377852
Palbociclib,Advanced Breast Cancer,AHJRHEGDXFFMBM,True,1,1,0.16966029,RECOMPUTE_FROM_CACHE (mendel/depmap/mi — no pull),False,NCT06380751
Rilzabrutinib,immune thrombocytopenia,LCFFREMLXLZNHE,True,1,1,0.97300345,RECOMPUTE_FROM_CACHE (mendel/depmap/mi — no pull),True,NCT04562766;NCT07007962;NCT07216079
Rilzabrutinib,Sickle Cell Disease,LCFFREMLXLZNHE,True,1,1,0.062188424,RECOMPUTE_FROM_CACHE (mendel/depmap/mi — no pull),False,NCT06975865
Sorafenib,Hepatocellular Carcinoma,MLDQJTXFUGDVEO,True,1,1,0.9428679,RECOMPUTE_FROM_CACHE (mendel/depmap/mi — no pull),False,NCT03298451;NCT03755791;NCT04039607
abemaciclib,Breast Cancer,UZWDCWONPYILKI,True,1,1,0.1955114,RECOMPUTE_FROM_CACHE (mendel/depmap/mi — no pull),False,NCT02246621;NCT02763566;NCT03155997;NCT05891093;NCT06341621;NCT06760637
abemaciclib,Metastatic Breast Cancer,UZWDCWONPYILKI,True,1,1,0.1955114,RECOMPUTE_FROM_CACHE (mendel/depmap/mi — no pull),False,NCT05696626
abemaciclib,Prostate Cancer,UZWDCWONPYILKI,True,1,1,0.1955114,RECOMPUTE_FROM_CACHE (mendel/depmap/mi — no pull),False,NCT03706365
abemaciclib,Advanced Breast Cancer,UZWDCWONPYILKI,True,1,1,0.1955114,RECOMPUTE_FROM_CACHE (mendel/depmap/mi — no pull),False,NCT06380751
abiraterone acetate,Prostate Cancer Metastatic,UVIQSJCZCSLXRZ,True,1,1,0.524916,RECOMPUTE_FROM_CACHE (mendel/depmap/mi — no pull),False,NCT06136624
abiraterone acetate,Metastatic Prostate Cancer,UVIQSJCZCSLXRZ,True,1,1,0.92830515,RECOMPUTE_FROM_CACHE (mendel/depmap/mi — no pull),False,NCT01957436
acalabrutinib,Mantle Cell Lymphoma,WDENQIQQYWYTPO,True,1,1,0.9676359,RECOMPUTE_FROM_CACHE (mendel/depmap/mi — no pull),False,NCT07377578
acalabrutinib,Diffuse Large B-Cell Lymphoma,WDENQIQQYWYTPO,True,1,1,0.15278403,RECOMPUTE_FROM_CACHE (mendel/depmap/mi — no pull),True,NCT04529772
acetaminophen,Headache,RZVAJINKPMORJF,True,1,1,0.48970565,RECOMPUTE_FROM_CACHE (mendel/depmap/mi — no pull),False,NCT06861738
acetaminophen,Acute Pain,RZVAJINKPMORJF,True,1,1,0.57460314,RECOMPUTE_FROM_CACHE (mendel/depmap/mi — no pull),False,NCT07225634
acetaminophen,Systemic Lupus Erythematosus,RZVAJINKPMORJF,True,1,1,0.6205071,RECOMPUTE_FROM_CACHE (mendel/depmap/mi — no pull),False,NCT04963296
acetaminophen,Lupus Nephritis,RZVAJINKPMORJF,True,1,1,0.6205071,RECOMPUTE_FROM_CACHE (mendel/depmap/mi — no pull),False,NCT04221477
adapalene,acne vulgaris,LZCDAPDGXCYOEH,True,1,1,0.85504204,RECOMPUTE_FROM_CACHE (mendel/depmap/mi — no pull),False,NCT06775314
afamelanotide,Vitiligo,UAHFGYDRQSXQEB,True,1,1,0.8337772,RECOMPUTE_FROM_CACHE (mendel/depmap/mi — no pull),False,NCT06109649
afatinib,Non-Small Cell Lung Cancer,ULXXDDBFHOBEHA,True,1,1,0.90311384,RECOMPUTE_FROM_CACHE (mendel/depmap/mi — no pull),False,NCT06486142
albuterol,asthma,NDAUXUAQIAJITI,True,1,1,0.98190224,RECOMPUTE_FROM_CACHE (mendel/depmap/mi — no pull),False,NCT06052267;NCT06471257;NCT06664619
alectinib,Non-Small Cell Lung Cancer,KDGFLJKFZUIJMX,True,1,1,0.7840223,RECOMPUTE_FROM_CACHE (mendel/depmap/mi — no pull),False,NCT03178552;NCT05170204
alectinib,Cancer,KDGFLJKFZUIJMX,True,1,1,0.3797465,RECOMPUTE_FROM_CACHE (mendel/depmap/mi — no pull),False,NCT03768063
allopurinol,Depression,OFCNXPDARWKPPY,True,1,1,0.39333808,RECOMPUTE_FROM_CACHE (mendel/depmap/mi — no pull),False,NCT07574060
anastrozole,Breast Cancer,YBBLVLTVTVSKRW,True,1,1,0.37697268,RECOMPUTE_FROM_CACHE (mendel/depmap/mi — no pull),False,NCT01674140;NCT02246621;NCT02763566;NCT02918084;NCT04134598;NCT04906395;NCT05645536;NCT05780567;NCT05891093;NCT06223698;NCT06492616;NCT07349069
anastrozole,Advanced Breast Cancer,YBBLVLTVTVSKRW,True,1,1,0.37697268,RECOMPUTE_FROM_CACHE (mendel/depmap/mi — no pull),False,NCT05257395;NCT06380751
apixaban,Deep Vein Thrombosis,QNZCBYKSOIHPEH,True,1,1,0.98493373,RECOMPUTE_FROM_CACHE (mendel/depmap/mi — no pull),False,NCT04981327
apixaban,atrial fibrillation,QNZCBYKSOIHPEH,True,1,1,0.1405221,RECOMPUTE_FROM_CACHE (mendel/depmap/mi — no pull),False,NCT05757869
apremilast,Psoriatic Arthritis,IMOZEMNVLZVGJZ,True,1,1,0.54789764,RECOMPUTE_FROM_CACHE (mendel/depmap/mi — no pull),False,NCT04908189
atorvastatin,Prostate Cancer,XUKUURHRXDUEBC,True,1,1,0.86816823,RECOMPUTE_FROM_CACHE (mendel/depmap/mi — no pull),False,NCT03819101
atorvastatin,schizophrenia,XUKUURHRXDUEBC,True,1,1,0.65713567,RECOMPUTE_FROM_CACHE (mendel/depmap/mi — no pull),False,NCT07045142
atorvastatin,Ischemic Stroke,XUKUURHRXDUEBC,True,1,1,0.8025295,RECOMPUTE_FROM_CACHE (mendel/depmap/mi — no pull),False,NCT06358313;NCT06360120
azacitidine,"Leukemia, Myeloid, Acute",NMUSYJAQQFHJEW,True,1,1,0.59535587,RECOMPUTE_FROM_CACHE (mendel/depmap/mi — no pull),False,NCT04090736;NCT06852222
azacitidine,Myelodysplastic Syndromes,NMUSYJAQQFHJEW,True,1,1,0.4892128,RECOMPUTE_FROM_CACHE (mendel/depmap/mi — no pull),False,NCT05469737
azathioprine,Rheumatoid Arthritis,LMEKQMALGUDUQG,True,1,1,0.65310276,RECOMPUTE_FROM_CACHE (mendel/depmap/mi — no pull),False,NCT03414502
baricitinib,Uveitis,XUZMWHLSFXCVMG,True,1,1,0.1932755,RECOMPUTE_FROM_CACHE (mendel/depmap/mi — no pull),True,NCT04088409
baricitinib,"Diabetes Mellitus, Type 1",XUZMWHLSFXCVMG,True,1,1,0.30194637,RECOMPUTE_FROM_CACHE (mendel/depmap/mi — no pull),True,NCT07222137;NCT07222332
baricitinib,pneumonia,XUZMWHLSFXCVMG,True,1,1,0.92733294,RECOMPUTE_FROM_CACHE (mendel/depmap/mi — no pull),False,NCT04381936
betamethasone,Chronic pain,UREBDLICKHMUKA,True,1,1,0.5852476,RECOMPUTE_FROM_CACHE (mendel/depmap/mi — no pull),False,NCT07448285
bumetanide,Cirrhosis,MAEIEVLCKWDQJH,True,1,1,0.5219308,RECOMPUTE_FROM_CACHE (mendel/depmap/mi — no pull),True,NCT06941415
bupivacaine,atrial fibrillation,LEBVLXFERQHONN,True,1,1,0.59826064,RECOMPUTE_FROM_CACHE (mendel/depmap/mi — no pull),False,NCT05357690
bupivacaine,Lung Cancer,LEBVLXFERQHONN,True,1,1,0.25007415,RECOMPUTE_FROM_CACHE (mendel/depmap/mi — no pull),False,NCT06810375
bupivacaine,Stroke,LEBVLXFERQHONN,True,1,1,0.28519168,RECOMPUTE_FROM_CACHE (mendel/depmap/mi — no pull),False,NCT06446960
bupivacaine,Breast Cancer,LEBVLXFERQHONN,True,1,1,0.20074749,RECOMPUTE_FROM_CACHE (mendel/depmap/mi — no pull),False,NCT03351348
bupivacaine,PTSD,LEBVLXFERQHONN,True,1,1,0.45029256,RECOMPUTE_FROM_CACHE (mendel/depmap/mi — no pull),False,NCT05427500
bupivacaine,Pain Management,LEBVLXFERQHONN,True,1,1,0.5917097,RECOMPUTE_FROM_CACHE (mendel/depmap/mi — no pull),False,NCT07467356
bupropion,obesity,SNPPWIUOZRMYNY,True,1,1,0.2742241,RECOMPUTE_FROM_CACHE (mendel/depmap/mi — no pull),False,NCT05157698
bupropion,Breast Cancer,SNPPWIUOZRMYNY,True,1,1,0.31214413,RECOMPUTE_FROM_CACHE (mendel/depmap/mi — no pull),False,NCT05646862
buspirone,generalized anxiety disorder,QWCRAEMEVRGPNT,True,1,1,0.87876326,RECOMPUTE_FROM_CACHE (mendel/depmap/mi — no pull),False,NCT06243614
cabozantinib,renal cell carcinoma,ONIQOQHATWINJY,True,1,1,0.83407056,RECOMPUTE_FROM_CACHE (mendel/depmap/mi — no pull),False,NCT03141177;NCT03937219;NCT07227402
cabozantinib,Hepatocellular Carcinoma,ONIQOQHATWINJY,True,1,1,0.8218055,RECOMPUTE_FROM_CACHE (mendel/depmap/mi — no pull),False,NCT03755791
cabozantinib,Cancer,ONIQOQHATWINJY,True,1,1,0.8202977,RECOMPUTE_FROM_CACHE (mendel/depmap/mi — no pull),False,NCT03768063
caffeine,Alzheimer disease,RYYVLZVUVIJVGH,True,1,1,0.5677391,RECOMPUTE_FROM_CACHE (mendel/depmap/mi — no pull),True,NCT04570085
cannabidiol,Bipolar Disorder,QHMBSVQNZZTUGM,True,1,1,0.14837359,RECOMPUTE_FROM_CACHE (mendel/depmap/mi — no pull),False,NCT05867849
cannabidiol,Alcohol Use Disorder,QHMBSVQNZZTUGM,True,1,1,0.2333849,RECOMPUTE_FROM_CACHE (mendel/depmap/mi — no pull),False,NCT05613608
cannabidiol,insomnia,QHMBSVQNZZTUGM,True,1,1,0.17760032,RECOMPUTE_FROM_CACHE (mendel/depmap/mi — no pull),False,NCT05840822
capecitabine,Advanced Breast Cancer,GAGWJHPBXLXJQN,True,1,1,0.49859384,RECOMPUTE_FROM_CACHE (mendel/depmap/mi — no pull),False,NCT05063786
capecitabine,Nasopharyngeal Carcinoma,GAGWJHPBXLXJQN,True,1,1,0.37336037,RECOMPUTE_FROM_CACHE (mendel/depmap/mi — no pull),False,NCT03503136;NCT05342792;NCT06118333;NCT06239727;NCT06629597
capecitabine,Colorectal Cancer,GAGWJHPBXLXJQN,True,1,1,0.5400763,RECOMPUTE_FROM_CACHE (mendel/depmap/mi — no pull),False,NCT05699746;NCT07340567
capecitabine,colorectal carcinoma,GAGWJHPBXLXJQN,True,1,1,0.5400763,RECOMPUTE_FROM_CACHE (mendel/depmap/mi — no pull),False,NCT05236972
capecitabine,Colon Cancer,GAGWJHPBXLXJQN,True,1,1,0.5400763,RECOMPUTE_FROM_CACHE (mendel/depmap/mi — no pull),False,NCT01918527;NCT06686576
capecitabine,Triple Negative Breast Cancer,GAGWJHPBXLXJQN,True,1,1,0.49859384,RECOMPUTE_FROM_CACHE (mendel/depmap/mi — no pull),False,NCT05633654;NCT06279364;NCT06519370;NCT07533123
capecitabine,Gastric Carcinoma,GAGWJHPBXLXJQN,True,1,1,0.2933144,RECOMPUTE_FROM_CACHE (mendel/depmap/mi — no pull),False,NCT06944496;NCT07315750
capecitabine,Neoplasms,GAGWJHPBXLXJQN,True,1,1,0.21193787,RECOMPUTE_FROM_CACHE (mendel/depmap/mi — no pull),False,NCT04607421
capecitabine,Hepatocellular Carcinoma,GAGWJHPBXLXJQN,True,1,1,0.39178795,RECOMPUTE_FROM_CACHE (mendel/depmap/mi — no pull),False,NCT05976568;NCT07309419
capecitabine,Pancreatic Cancer,GAGWJHPBXLXJQN,True,1,1,0.36261714,RECOMPUTE_FROM_CACHE (mendel/depmap/mi — no pull),False,NCT06217042;NCT06571461
capecitabine,Anal Cancer,GAGWJHPBXLXJQN,True,1,1,0.30043903,RECOMPUTE_FROM_CACHE (mendel/depmap/mi — no pull),False,NCT05902533
celecoxib,Familial adenomatous polyposis,RZEKVGVHFLEQIL,True,1,1,0.8724991,RECOMPUTE_FROM_CACHE (mendel/depmap/mi — no pull),False,NCT06545526
celecoxib,Prostate Cancer,RZEKVGVHFLEQIL,True,1,1,0.3913223,RECOMPUTE_FROM_CACHE (mendel/depmap/mi — no pull),False,NCT00268476
cetirizine,Multiple Sclerosis,ZKLPARSLTMPFCP,True,1,1,0.38119313,RECOMPUTE_FROM_CACHE (mendel/depmap/mi — no pull),False,NCT07472413
cetirizine,Acute Urticaria,ZKLPARSLTMPFCP,True,1,1,0.27679387,RECOMPUTE_FROM_CACHE (mendel/depmap/mi — no pull),False,NCT06819774
cilostazol,Ischemic Stroke,RRGUKTPIGVIEKM,True,1,1,0.55884683,RECOMPUTE_FROM_CACHE (mendel/depmap/mi — no pull),False,NCT06196047;NCT06202755;NCT06561867;NCT06591299;NCT06591351;NCT06591377;NCT06591390
cilostazol,Stroke,RRGUKTPIGVIEKM,True,1,1,0.55884683,RECOMPUTE_FROM_CACHE (mendel/depmap/mi — no pull),True,NCT06919835
citalopram,Dementia,WSEQXVZVJXJVFP,True,1,1,0.54856646,RECOMPUTE_FROM_CACHE (mendel/depmap/mi — no pull),False,NCT03108846
clopidogrel,Myocardial Infarction,GKTWGGQPFAXNFI,True,1,1,0.4356023,RECOMPUTE_FROM_CACHE (mendel/depmap/mi — no pull),False,NCT05577988
colchicine,Heart Failure,IAKHMKGGTNLKSZ,True,1,1,0.79640526,RECOMPUTE_FROM_CACHE (mendel/depmap/mi — no pull),False,NCT05873881
colchicine,venous thromboembolism,IAKHMKGGTNLKSZ,True,1,1,0.7271905,RECOMPUTE_FROM_CACHE (mendel/depmap/mi — no pull),False,NCT06440694
colchicine,pneumonia,IAKHMKGGTNLKSZ,True,1,1,0.45561492,RECOMPUTE_FROM_CACHE (mendel/depmap/mi — no pull),False,NCT04381936
crizotinib,Non-Small Cell Lung Cancer,KTEIFNKAUNYNJU,True,1,1,0.7743858,RECOMPUTE_FROM_CACHE (mendel/depmap/mi — no pull),False,NCT02767804;NCT06254599
crizotinib,Metastatic Uveal Melanoma,KTEIFNKAUNYNJU,True,1,1,0.69520795,RECOMPUTE_FROM_CACHE (mendel/depmap/mi — no pull),True,NCT05987332
dapagliflozin,"Polycystic Kidney, Autosomal Dominant",JVHXJTBJCFBINQ,True,1,1,0.52150124,RECOMPUTE_FROM_CACHE (mendel/depmap/mi — no pull),False,NCT07280585
dapagliflozin,"Renal Insufficiency, Chronic",JVHXJTBJCFBINQ,True,1,1,0.52150124,RECOMPUTE_FROM_CACHE (mendel/depmap/mi — no pull),False,NCT07624305
dapagliflozin,Septic Shock,JVHXJTBJCFBINQ,True,1,1,0.10544374,RECOMPUTE_FROM_CACHE (mendel/depmap/mi — no pull),False,NCT07488689
dapagliflozin,Nephrotic Syndrome,JVHXJTBJCFBINQ,True,1,1,0.6262526,RECOMPUTE_FROM_CACHE (mendel/depmap/mi — no pull),False,NCT07214818
dapagliflozin,"Diabetes Mellitus, Type 1",JVHXJTBJCFBINQ,True,1,1,0.6690065,RECOMPUTE_FROM_CACHE (mendel/depmap/mi — no pull),False,NCT04333823
dapagliflozin,Type 1 Diabetes Mellitus,JVHXJTBJCFBINQ,True,1,1,0.6690065,RECOMPUTE_FROM_CACHE (mendel/depmap/mi — no pull),False,NCT03899402
dapagliflozin,Breast Cancer,JVHXJTBJCFBINQ,True,1,1,0.5908505,RECOMPUTE_FROM_CACHE (mendel/depmap/mi — no pull),False,NCT06711185
desloratadine,Chronic Idiopathic Urticaria,JAUOIFJMECXRGI,True,1,1,0.7666764,RECOMPUTE_FROM_CACHE (mendel/depmap/mi — no pull),False,NCT07486583
dexamethasone,acute respiratory distress syndrome,UREBDLICKHMUKA,True,1,1,0.8651454,RECOMPUTE_FROM_CACHE (mendel/depmap/mi — no pull),False,NCT06496997
dexamethasone,Breast Cancer,UREBDLICKHMUKA,True,1,1,0.55734026,RECOMPUTE_FROM_CACHE (mendel/depmap/mi — no pull),False,NCT07362914
dexamethasone,Thrombocytopenia,UREBDLICKHMUKA,True,1,1,0.2992093,RECOMPUTE_FROM_CACHE (mendel/depmap/mi — no pull),False,NCT06913374
dexamethasone,Renal Colic,UREBDLICKHMUKA,True,1,1,0.56115645,RECOMPUTE_FROM_CACHE (mendel/depmap/mi — no pull),False,NCT06980727
dexamethasone,Prostate Cancer Metastatic,UREBDLICKHMUKA,True,1,1,0.83139646,RECOMPUTE_FROM_CACHE (mendel/depmap/mi — no pull),False,NCT06136624
dexamethasone,pneumonia,UREBDLICKHMUKA,True,1,1,0.8651454,RECOMPUTE_FROM_CACHE (mendel/depmap/mi — no pull),False,NCT04381936
dexamethasone,AL Amyloidosis,UREBDLICKHMUKA,True,1,1,0.34317896,RECOMPUTE_FROM_CACHE (mendel/depmap/mi — no pull),False,NCT04504825;NCT04512235;NCT06022939
dexamethasone,Influenza,UREBDLICKHMUKA,True,1,1,0.30261928,RECOMPUTE_FROM_CACHE (mendel/depmap/mi — no pull),False,NCT06528444
diphenhydramine,Systemic Lupus Erythematosus,ZZVUWRFHKOJYTH,True,1,1,0.2657383,RECOMPUTE_FROM_CACHE (mendel/depmap/mi — no pull),False,NCT04963296
diphenhydramine,Multiple Sclerosis,ZZVUWRFHKOJYTH,True,1,1,0.26327106,RECOMPUTE_FROM_CACHE (mendel/depmap/mi — no pull),False,NCT07472413
diphenhydramine,Lupus Nephritis,ZZVUWRFHKOJYTH,True,1,1,0.67855954,RECOMPUTE_FROM_CACHE (mendel/depmap/mi — no pull),False,NCT04221477
dydrogesterone,Subfertility,JGMOKGBVKVMRFX,True,1,1,0.21948877,RECOMPUTE_FROM_CACHE (mendel/depmap/mi — no pull),True,NCT03859921
elacestrant,Breast Cancer,SIFNOOUKXBRGGB,True,1,1,0.8093833,RECOMPUTE_FROM_CACHE (mendel/depmap/mi — no pull),False,NCT06492616
empagliflozin,Metabolic Syndrome,OBWASQILIWPZMG,True,1,1,0.3813684,RECOMPUTE_FROM_CACHE (mendel/depmap/mi — no pull),False,NCT05905965;NCT07065357
empagliflozin,Nephrotic Syndrome,OBWASQILIWPZMG,True,1,1,0.29101047,RECOMPUTE_FROM_CACHE (mendel/depmap/mi — no pull),False,NCT07214818
empagliflozin,pneumonia,OBWASQILIWPZMG,True,1,1,0.2467218,RECOMPUTE_FROM_CACHE (mendel/depmap/mi — no pull),False,NCT04381936
empagliflozin,congenital heart disease,OBWASQILIWPZMG,True,1,1,0.19321679,RECOMPUTE_FROM_CACHE (mendel/depmap/mi — no pull),False,NCT06955260
enzalutamide,Cancer,WXCXUHSOUPDCQV,True,1,1,0.008455368,RECOMPUTE_FROM_CACHE (mendel/depmap/mi — no pull),False,NCT03768063
enzalutamide,Prostate Cancer Metastatic,WXCXUHSOUPDCQV,True,1,1,0.9812304,RECOMPUTE_FROM_CACHE (mendel/depmap/mi — no pull),False,NCT06136624
enzalutamide,Neoplasms,WXCXUHSOUPDCQV,True,1,1,0.0017345228,RECOMPUTE_FROM_CACHE (mendel/depmap/mi — no pull),False,NCT05112965
eribulin,Advanced Breast Cancer,UFNVPOGXISZXJD,True,1,1,0.0,RECOMPUTE_FROM_CACHE (mendel/depmap/mi — no pull),False,NCT05063786
eribulin,Metastatic Breast Cancer,UFNVPOGXISZXJD,True,1,1,0.0,RECOMPUTE_FROM_CACHE (mendel/depmap/mi — no pull),False,NCT02344472;NCT04639986;NCT06081959;NCT06383767
eribulin,Triple Negative Breast Cancer,UFNVPOGXISZXJD,True,1,1,0.03938704,RECOMPUTE_FROM_CACHE (mendel/depmap/mi — no pull),False,NCT06279364;NCT06519370;NCT07533123
esketamine,"Depressive Disorder, Major",YQEZLKZALYSWHR,True,1,1,0.29154408,RECOMPUTE_FROM_CACHE (mendel/depmap/mi — no pull),False,NCT07227454
etoposide,Acute Myeloid Leukemia,VJJPUSNTGOMMGY,True,1,1,0.54497486,RECOMPUTE_FROM_CACHE (mendel/depmap/mi — no pull),False,NCT04293562
etoposide,Ovarian Cancer,VJJPUSNTGOMMGY,True,1,1,0.88317597,RECOMPUTE_FROM_CACHE (mendel/depmap/mi — no pull),False,NCT04520074
etoposide,Multiple Myeloma,VJJPUSNTGOMMGY,True,1,1,0.5946973,RECOMPUTE_FROM_CACHE (mendel/depmap/mi — no pull),False,NCT00572169
etoposide,hemophagocytic lymphohistiocytosis,VJJPUSNTGOMMGY,True,1,1,0.906061,RECOMPUTE_FROM_CACHE (mendel/depmap/mi — no pull),False,NCT07497438
etoposide,Non-Small Cell Lung Cancer,VJJPUSNTGOMMGY,True,1,1,0.7535266,RECOMPUTE_FROM_CACHE (mendel/depmap/mi — no pull),False,NCT03519971;NCT06564844
fenofibrate,Diabetic Retinopathy,YMTINGFKWWXKFG,True,1,1,0.63268065,RECOMPUTE_FROM_CACHE (mendel/depmap/mi — no pull),False,NCT04661358
fentanyl,opioid use disorder,PJMPHNIQZUBGLI,True,1,1,0.7985019,RECOMPUTE_FROM_CACHE (mendel/depmap/mi — no pull),False,NCT06089707
fentanyl,Acute Traumatic Pain,PJMPHNIQZUBGLI,True,1,1,0.20577715,RECOMPUTE_FROM_CACHE (mendel/depmap/mi — no pull),False,NCT02866071
fexofenadine,Parkinson Disease,RWTNPBWLLIMQHL,True,1,1,0.18360592,RECOMPUTE_FROM_CACHE (mendel/depmap/mi — no pull),False,NCT06785298
fluorouracil,Breast Cancer,GHASVSINZRGABV,True,1,1,0.69306856,RECOMPUTE_FROM_CACHE (mendel/depmap/mi — no pull),False,NCT00433420
fluorouracil,Gastric Cancer,GHASVSINZRGABV,True,1,1,0.57941735,RECOMPUTE_FROM_CACHE (mendel/depmap/mi — no pull),False,NCT01924819;NCT06793917
fluorouracil,Colorectal Cancer,GHASVSINZRGABV,True,1,1,0.6814991,RECOMPUTE_FROM_CACHE (mendel/depmap/mi — no pull),False,NCT05945901;NCT06441565;NCT06733038
fluorouracil,Metastatic Colorectal Cancer,GHASVSINZRGABV,True,1,1,0.5291392,RECOMPUTE_FROM_CACHE (mendel/depmap/mi — no pull),False,NCT04008030
fluorouracil,Metastatic Pancreatic Adenocarcinoma,GHASVSINZRGABV,True,1,1,0.690583,RECOMPUTE_FROM_CACHE (mendel/depmap/mi — no pull),False,NCT01954992
fluorouracil,Nasopharyngeal Carcinoma,GHASVSINZRGABV,True,1,1,0.49988467,RECOMPUTE_FROM_CACHE (mendel/depmap/mi — no pull),False,NCT03503136;NCT04437329
fluorouracil,Hepatocellular Carcinoma,GHASVSINZRGABV,True,1,1,0.65598494,RECOMPUTE_FROM_CACHE (mendel/depmap/mi — no pull),False,NCT06201065
fluorouracil,Pancreatic Cancer,GHASVSINZRGABV,True,1,1,0.6814991,RECOMPUTE_FROM_CACHE (mendel/depmap/mi — no pull),False,NCT06217042
fluorouracil,Urinary Bladder Neoplasms,GHASVSINZRGABV,True,1,1,0.5077151,RECOMPUTE_FROM_CACHE (mendel/depmap/mi — no pull),False,NCT04241185
fluoxetine,"Depressive Disorder, Major",RTHCYVBBDHJXIQ,True,1,1,0.9853371,RECOMPUTE_FROM_CACHE (mendel/depmap/mi — no pull),False,NCT06860958
fluticasone furoate,COPD,XTULMSXFIHGYFS,True,1,1,0.90073746,RECOMPUTE_FROM_CACHE (mendel/depmap/mi — no pull),False,NCT06474039
fluticasone propionate,chronic cough,WMWTYOKRWGGJOA,True,1,1,0.64487356,RECOMPUTE_FROM_CACHE (mendel/depmap/mi — no pull),False,NCT07582549
furosemide,Cirrhosis,ZZUFCTLCJUWOSV,True,1,1,0.41215757,RECOMPUTE_FROM_CACHE (mendel/depmap/mi — no pull),False,NCT06941415
gabapentin,overactive bladder,UGJMXCAKCUNAIE,True,1,1,0.76803327,RECOMPUTE_FROM_CACHE (mendel/depmap/mi — no pull),True,NCT07429734
gabapentin,Alcohol Use Disorder,UGJMXCAKCUNAIE,True,1,1,0.4333367,RECOMPUTE_FROM_CACHE (mendel/depmap/mi — no pull),False,NCT05827159
gemcitabine,Nasopharyngeal Carcinoma,SDUQYLNIPVEERB,True,1,1,0.5161203,RECOMPUTE_FROM_CACHE (mendel/depmap/mi — no pull),False,NCT02460887;NCT04907370;NCT05527470;NCT05854849;NCT05979961;NCT06026878;NCT06118333;NCT06239727;NCT06629597;NCT07540390
gemcitabine,Hodgkin Lymphoma,SDUQYLNIPVEERB,True,1,1,0.6631432,RECOMPUTE_FROM_CACHE (mendel/depmap/mi — no pull),False,NCT06170489
gemcitabine,Non-Small Cell Lung Cancer,SDUQYLNIPVEERB,True,1,1,0.49855548,RECOMPUTE_FROM_CACHE (mendel/depmap/mi — no pull),False,NCT02486718;NCT03178552;NCT03425643;NCT03800134
gemcitabine,Breast Cancer,SDUQYLNIPVEERB,True,1,1,0.9155554,RECOMPUTE_FROM_CACHE (mendel/depmap/mi — no pull),False,NCT01646034;NCT03734029;NCT05104866;NCT05814354;NCT06079983;NCT06103864;NCT06268327
gemcitabine,Triple Negative Breast Cancer,SDUQYLNIPVEERB,True,1,1,0.9155554,RECOMPUTE_FROM_CACHE (mendel/depmap/mi — no pull),False,NCT04722978;NCT06519370;NCT07533123
gemcitabine,Urothelial Carcinoma,SDUQYLNIPVEERB,True,1,1,0.7359418,RECOMPUTE_FROM_CACHE (mendel/depmap/mi — no pull),False,NCT03967977;NCT05911295;NCT06592326
gemcitabine,Metastatic Breast Cancer,SDUQYLNIPVEERB,True,1,1,0.9155554,RECOMPUTE_FROM_CACHE (mendel/depmap/mi — no pull),False,NCT04639986;NCT06081959;NCT06383767
gemcitabine,Ovarian Cancer,SDUQYLNIPVEERB,True,1,1,0.9155554,RECOMPUTE_FROM_CACHE (mendel/depmap/mi — no pull),False,NCT06828354
gemcitabine,Diffuse Large B-Cell Lymphoma,SDUQYLNIPVEERB,True,1,1,0.7359418,RECOMPUTE_FROM_CACHE (mendel/depmap/mi — no pull),False,NCT04408638;NCT06508658;NCT06929624
gemcitabine,Metastatic Pancreatic Adenocarcinoma,SDUQYLNIPVEERB,True,1,1,0.76198757,RECOMPUTE_FROM_CACHE (mendel/depmap/mi — no pull),False,NCT06018883
givinostat,Polycythemia Vera,YALNUENQHAQXEA,True,1,1,0.095614105,RECOMPUTE_FROM_CACHE (mendel/depmap/mi — no pull),True,NCT06093672
ibrutinib,Mantle Cell Lymphoma,XYFPWWZEPKGCCK,True,1,1,0.9386915,RECOMPUTE_FROM_CACHE (mendel/depmap/mi — no pull),False,NCT07377578
ibuprofen,Acute Pain,HEFNNWSXXWATRW,True,1,1,0.7563,RECOMPUTE_FROM_CACHE (mendel/depmap/mi — no pull),False,NCT07225634
idelalisib,Chronic Lymphocytic Leukemia,IFSDAJWBUCMOAH,True,1,1,0.6951137,RECOMPUTE_FROM_CACHE (mendel/depmap/mi — no pull),False,NCT02970318
imatinib,Graft-versus-host Disease,KTUFNOKKBVMGRW,True,1,1,0.40891412,RECOMPUTE_FROM_CACHE (mendel/depmap/mi — no pull),False,NCT06682169
imatinib,GIST,KTUFNOKKBVMGRW,True,1,1,0.8949256,RECOMPUTE_FROM_CACHE (mendel/depmap/mi — no pull),False,NCT05734105
isotretinoin,acne vulgaris,SHGAZHPCJJPHSC,True,1,1,0.9847186,RECOMPUTE_FROM_CACHE (mendel/depmap/mi — no pull),False,NCT06447480;NCT06787222
ketamine,Acute Ischemic Stroke,YQEZLKZALYSWHR,True,1,1,0.39227462,RECOMPUTE_FROM_CACHE (mendel/depmap/mi — no pull),False,NCT03223220
ketamine,critical illness,YQEZLKZALYSWHR,True,1,1,0.5059136,RECOMPUTE_FROM_CACHE (mendel/depmap/mi — no pull),False,NCT07590687
ketamine,Pain,YQEZLKZALYSWHR,True,1,1,0.49860868,RECOMPUTE_FROM_CACHE (mendel/depmap/mi — no pull),False,NCT07370181
ketamine,status epilepticus,YQEZLKZALYSWHR,True,1,1,0.5389753,RECOMPUTE_FROM_CACHE (mendel/depmap/mi — no pull),True,NCT06907173
ketamine,Acute Traumatic Pain,YQEZLKZALYSWHR,True,1,1,0.41590834,RECOMPUTE_FROM_CACHE (mendel/depmap/mi — no pull),False,NCT02866071
ketorolac,Pain Management,OZWKMVRBQXNZKK,True,1,1,0.46685237,RECOMPUTE_FROM_CACHE (mendel/depmap/mi — no pull),False,NCT06819956
landiolol,Septic Shock,WMDSZGFJQKSLLH,True,1,1,0.9765075,RECOMPUTE_FROM_CACHE (mendel/depmap/mi — no pull),True,NCT04931225
lansoprazole,Idiopathic Pulmonary Fibrosis,MJIHNNLFOKEZEW,True,1,1,0.7467085,RECOMPUTE_FROM_CACHE (mendel/depmap/mi — no pull),False,NCT04965298
lansoprazole,Peptic Ulcer,MJIHNNLFOKEZEW,True,1,1,0.572488,RECOMPUTE_FROM_CACHE (mendel/depmap/mi — no pull),False,NCT06284876
leflunomide,Rheumatoid Arthritis,VHOGYURTWQBHIL,True,1,1,0.48006237,RECOMPUTE_FROM_CACHE (mendel/depmap/mi — no pull),False,NCT03414502
lenalidomide,Diffuse Large B-Cell Lymphoma,GOTYRUGSSMKFNF,True,1,1,0.7655,RECOMPUTE_FROM_CACHE (mendel/depmap/mi — no pull),False,NCT04404283;NCT04824092;NCT06508658;NCT06522555
lenvatinib,renal cell carcinoma,WOSKHXYHFSIKNG,True,1,1,0.89708596,RECOMPUTE_FROM_CACHE (mendel/depmap/mi — no pull),False,NCT02811861
letrozole,Early Breast Cancer,HPJKCIUCZWXJDR,True,1,1,0.29647735,RECOMPUTE_FROM_CACHE (mendel/depmap/mi — no pull),False,NCT05827081
levetiracetam,epilepsy,HPHUVLMMVZITSG,True,1,1,0.6129648,RECOMPUTE_FROM_CACHE (mendel/depmap/mi — no pull),False,NCT07490769
levetiracetam,Septic Shock,HPHUVLMMVZITSG,True,1,1,0.48143435,RECOMPUTE_FROM_CACHE (mendel/depmap/mi — no pull),False,NCT06851078
levetiracetam,status epilepticus,HPHUVLMMVZITSG,True,1,1,0.7440392,RECOMPUTE_FROM_CACHE (mendel/depmap/mi — no pull),False,NCT06907173
levodopa,Parkinson Disease,WTDRDQBEARUVNC,True,1,1,0.6038349,RECOMPUTE_FROM_CACHE (mendel/depmap/mi — no pull),True,NCT06113640;NCT06785298;NCT07055958;NCT07229651;NCT07229664
levonorgestrel,contraception,WWYNJERNGUHSAO,True,1,1,0.9808939,RECOMPUTE_FROM_CACHE (mendel/depmap/mi — no pull),False,NCT06727734;NCT07536763
lidocaine,Stroke,NNJVILVZKWQKPM,True,1,1,0.43484482,RECOMPUTE_FROM_CACHE (mendel/depmap/mi — no pull),False,NCT06446960
lidocaine,"Infertility, Female",NNJVILVZKWQKPM,True,1,1,0.54420274,RECOMPUTE_FROM_CACHE (mendel/depmap/mi — no pull),False,NCT06769204
lidocaine,Cough,NNJVILVZKWQKPM,True,1,1,0.66027844,RECOMPUTE_FROM_CACHE (mendel/depmap/mi — no pull),False,NCT06979141
macitentan,CTEPH,JGCMEBMXRHSZKX,True,1,1,0.5539243,RECOMPUTE_FROM_CACHE (mendel/depmap/mi — no pull),False,NCT05140525
macitentan,"Hypertension, Pulmonary",JGCMEBMXRHSZKX,True,1,1,0.08002817,RECOMPUTE_FROM_CACHE (mendel/depmap/mi — no pull),False,NCT05179876
medroxyprogesterone acetate,Endometrial Cancer,PSGAAPLEWMOORI,True,1,1,0.4065623,RECOMPUTE_FROM_CACHE (mendel/depmap/mi — no pull),False,NCT05255653
metformin,COPD,XZWYZXLIPXDOLR,True,1,1,0.3505437,RECOMPUTE_FROM_CACHE (mendel/depmap/mi — no pull),True,NCT06999343
metformin,Autosomal Dominant Polycystic Kidney Disease,XZWYZXLIPXDOLR,True,1,1,0.20295455,RECOMPUTE_FROM_CACHE (mendel/depmap/mi — no pull),True,NCT04939935
metformin,Parkinson Disease,XZWYZXLIPXDOLR,True,1,1,0.27141896,RECOMPUTE_FROM_CACHE (mendel/depmap/mi — no pull),False,NCT07055958;NCT07229651
metformin,schizophrenia,XZWYZXLIPXDOLR,True,1,1,0.23909211,RECOMPUTE_FROM_CACHE (mendel/depmap/mi — no pull),False,NCT07045142
metformin,Tuberculosis,XZWYZXLIPXDOLR,True,1,1,0.4514254,RECOMPUTE_FROM_CACHE (mendel/depmap/mi — no pull),False,NCT07136987
metformin,Familial adenomatous polyposis,XZWYZXLIPXDOLR,True,1,1,0.20067233,RECOMPUTE_FROM_CACHE (mendel/depmap/mi — no pull),False,NCT06545526
metformin,Prostate Cancer,XZWYZXLIPXDOLR,True,1,1,0.43027842,RECOMPUTE_FROM_CACHE (mendel/depmap/mi — no pull),False,NCT00268476
metformin,Idiopathic Pulmonary Fibrosis,XZWYZXLIPXDOLR,True,1,1,0.47482,RECOMPUTE_FROM_CACHE (mendel/depmap/mi — no pull),False,NCT07520110
methadone,"Pain, Postoperative",USSIQXCVUWKGNF,True,1,1,0.30294055,RECOMPUTE_FROM_CACHE (mendel/depmap/mi — no pull),False,NCT06728371
methotrexate,Graft-versus-host Disease (GVHD),FBOZXECLQNJBKD,True,1,1,0.94025534,RECOMPUTE_FROM_CACHE (mendel/depmap/mi — no pull),False,NCT06615050
methotrexate,Acute Myeloid Leukemia,FBOZXECLQNJBKD,True,1,1,0.2280877,RECOMPUTE_FROM_CACHE (mendel/depmap/mi — no pull),False,NCT04293562
methotrexate,giant cell arteritis,FBOZXECLQNJBKD,True,1,1,0.94025534,RECOMPUTE_FROM_CACHE (mendel/depmap/mi — no pull),False,NCT03892785
methotrexate,severe aplastic anemia,FBOZXECLQNJBKD,True,1,1,0.94025534,RECOMPUTE_FROM_CACHE (mendel/depmap/mi — no pull),False,NCT05600426
methotrexate,juvenile idiopathic arthritis,FBOZXECLQNJBKD,True,1,1,0.94025534,RECOMPUTE_FROM_CACHE (mendel/depmap/mi — no pull),False,NCT07386587
methylprednisolone,acute respiratory distress syndrome,VHRSUDSXCMQTMA,True,1,1,0.84050554,RECOMPUTE_FROM_CACHE (mendel/depmap/mi — no pull),False,NCT06496997
methylprednisolone,Influenza,VHRSUDSXCMQTMA,True,1,1,0.39623696,RECOMPUTE_FROM_CACHE (mendel/depmap/mi — no pull),False,NCT07351500
methylprednisolone,Acute Ischemic Stroke,VHRSUDSXCMQTMA,True,1,1,0.7033145,RECOMPUTE_FROM_CACHE (mendel/depmap/mi — no pull),False,NCT06870448;NCT07141303
methylprednisolone,Multiple Sclerosis,VHRSUDSXCMQTMA,True,1,1,0.84050554,RECOMPUTE_FROM_CACHE (mendel/depmap/mi — no pull),False,NCT04544436;NCT04548999
methylprednisolone,Systemic Lupus Erythematosus,VHRSUDSXCMQTMA,True,1,1,0.84050554,RECOMPUTE_FROM_CACHE (mendel/depmap/mi — no pull),False,NCT04963296
methylprednisolone,Lupus Nephritis,VHRSUDSXCMQTMA,True,1,1,0.84050554,RECOMPUTE_FROM_CACHE (mendel/depmap/mi — no pull),False,NCT04221477
methylprednisolone,Carpal Tunnel Syndrome,VHRSUDSXCMQTMA,True,1,1,0.2584454,RECOMPUTE_FROM_CACHE (mendel/depmap/mi — no pull),False,NCT06045013
methylprednisolone,Diffuse Large B-Cell Lymphoma,VHRSUDSXCMQTMA,True,1,1,0.6715339,RECOMPUTE_FROM_CACHE (mendel/depmap/mi — no pull),False,NCT06717347
methylprednisolone acetate,Carpal Tunnel Syndrome,PLBHSZGDDKCEHR,True,1,1,0.31275326,RECOMPUTE_FROM_CACHE (mendel/depmap/mi — no pull),False,NCT06045013
metoclopramide,Gastroenteritis,TTWJBBZEZQICBI,True,1,1,0.29798284,RECOMPUTE_FROM_CACHE (mendel/depmap/mi — no pull),True,NCT05876585
metoprolol,"Muscular Dystrophy, Duchenne",IUBSYMUCCVWXPE,True,1,1,0.16937765,RECOMPUTE_FROM_CACHE (mendel/depmap/mi — no pull),True,NCT05066633
mitapivat,Sickle Cell Disease,XAYGBKHKBBXDAK,True,1,1,0.4353411,RECOMPUTE_FROM_CACHE (mendel/depmap/mi — no pull),False,NCT05031780;NCT07656415
mitoxantrone,Acute Myeloid Leukemia,KKZJGLLVHKMTCM,True,1,1,0.7595151,RECOMPUTE_FROM_CACHE (mendel/depmap/mi — no pull),False,NCT04293562
morphine,"Pain, Postoperative",BQJCRHHNABKAKU,True,1,1,0.08072747,RECOMPUTE_FROM_CACHE (mendel/depmap/mi — no pull),False,NCT06728371
morphine,Pain Management,BQJCRHHNABKAKU,True,1,1,0.20043962,RECOMPUTE_FROM_CACHE (mendel/depmap/mi — no pull),False,NCT03774836
morphine,Pain,BQJCRHHNABKAKU,True,1,1,0.9842876,RECOMPUTE_FROM_CACHE (mendel/depmap/mi — no pull),False,NCT06890533
mycophenolate mofetil,Graft-versus-host Disease (GVHD),RTGDFNSFWBGLEC,True,1,1,0.097017236,RECOMPUTE_FROM_CACHE (mendel/depmap/mi — no pull),False,NCT06615050
mycophenolate mofetil,Graft-versus-host Disease,RTGDFNSFWBGLEC,True,1,1,0.097017236,RECOMPUTE_FROM_CACHE (mendel/depmap/mi — no pull),False,NCT06682169
naloxone,opioid use disorder,UZHSEJADLWPNLE,True,1,1,0.98985946,RECOMPUTE_FROM_CACHE (mendel/depmap/mi — no pull),False,NCT06089707
naltrexone,obesity,DQCKKXVULJGBQN,True,1,1,0.26542127,RECOMPUTE_FROM_CACHE (mendel/depmap/mi — no pull),False,NCT05157698
nicardipine,Acute Ischemic Stroke,ZBBHBTPTTSWHBA,True,1,1,0.7157006,RECOMPUTE_FROM_CACHE (mendel/depmap/mi — no pull),False,NCT06677970
nicotine,nicotine dependence,SNICXCGAKADSCV,True,1,1,0.7556555,RECOMPUTE_FROM_CACHE (mendel/depmap/mi — no pull),False,NCT06053567
nifedipine,Preterm premature rupture of membranes,HYIMSNHJOBLJNT,True,1,1,0.56415206,RECOMPUTE_FROM_CACHE (mendel/depmap/mi — no pull),False,NCT03976063
nintedanib,Systemic Sclerosis,XZXHXSATPCNXJR,True,1,1,0.485988,RECOMPUTE_FROM_CACHE (mendel/depmap/mi — no pull),False,NCT07335562
niraparib,Cancer,PCHKPVIQAHNQLW,True,1,1,0.7432656,RECOMPUTE_FROM_CACHE (mendel/depmap/mi — no pull),False,NCT03768063
niraparib,Neoplasms,PCHKPVIQAHNQLW,True,1,1,0.22595122,RECOMPUTE_FROM_CACHE (mendel/depmap/mi — no pull),False,NCT03981796
nitazoxanide,hepatic encephalopathy,YQNQNVDNTFHQSW,True,1,1,0.80235016,RECOMPUTE_FROM_CACHE (mendel/depmap/mi — no pull),True,NCT04161053
norethindrone,Endometriosis,VIKNJXKGJWUCNN,True,1,1,0.70338184,RECOMPUTE_FROM_CACHE (mendel/depmap/mi — no pull),False,NCT06439524
norethindrone acetate,Endometriosis,IMONTRJLAWHYGT,True,1,1,0.86125815,RECOMPUTE_FROM_CACHE (mendel/depmap/mi — no pull),False,NCT06439524
olanzapine,Chemotherapy Induced Nausea and Vomiting,KVWDHTXUZHCGIO,True,1,1,0.9268346,RECOMPUTE_FROM_CACHE (mendel/depmap/mi — no pull),False,NCT06850454
olanzapine,Multiple Myeloma,KVWDHTXUZHCGIO,True,1,1,0.37404191,RECOMPUTE_FROM_CACHE (mendel/depmap/mi — no pull),False,NCT07413809
olaparib,Endometrial Cancer,FDLYAMZZIXQODN,True,1,1,0.49874797,RECOMPUTE_FROM_CACHE (mendel/depmap/mi — no pull),False,NCT05255653
omeprazole,Breast Cancer,SUBDBMMJDZJVOS,True,1,1,0.85601723,RECOMPUTE_FROM_CACHE (mendel/depmap/mi — no pull),False,NCT05646862
ondansetron,Gastroenteritis,FELGMEQIXOGIFQ,True,1,1,0.43658674,RECOMPUTE_FROM_CACHE (mendel/depmap/mi — no pull),False,NCT05876585
ozanimod,"Colitis, Ulcerative",XRVDGNKRPOAQTN,True,1,1,0.3652057,RECOMPUTE_FROM_CACHE (mendel/depmap/mi — no pull),False,NCT05076175
paclitaxel,Endometrial Cancer,RCINICONZNJXQF,True,1,1,0.61241,RECOMPUTE_FROM_CACHE (mendel/depmap/mi — no pull),False,NCT05201547;NCT05489848;NCT06132958;NCT06340568;NCT06486441;NCT06952504;NCT06989112
paclitaxel,Non-Small Cell Lung Cancer,RCINICONZNJXQF,True,1,1,0.72346026,RECOMPUTE_FROM_CACHE (mendel/depmap/mi — no pull),False,NCT03519971;NCT03800134;NCT04956692;NCT05116462;NCT05502237;NCT05654454;NCT05800015;NCT06692738;NCT06712316;NCT07131319;NCT07416474;NCT07633873
paclitaxel,Metastatic Pancreatic Cancer,RCINICONZNJXQF,True,1,1,0.5613676,RECOMPUTE_FROM_CACHE (mendel/depmap/mi — no pull),False,NCT06361888
paclitaxel,Bladder Cancer,RCINICONZNJXQF,True,1,1,0.48331267,RECOMPUTE_FROM_CACHE (mendel/depmap/mi — no pull),False,NCT07419295
paclitaxel,Metastatic Pancreatic Ductal Adenocarcinoma,RCINICONZNJXQF,True,1,1,0.8855593,RECOMPUTE_FROM_CACHE (mendel/depmap/mi — no pull),False,NCT06608927;NCT07165951;NCT07445295
paclitaxel,Pancreatic Cancer,RCINICONZNJXQF,True,1,1,0.8855593,RECOMPUTE_FROM_CACHE (mendel/depmap/mi — no pull),False,NCT06953999;NCT07079228;NCT07272109;NCT07383922
paclitaxel,Cancer,RCINICONZNJXQF,True,1,1,0.84793645,RECOMPUTE_FROM_CACHE (mendel/depmap/mi — no pull),False,NCT03768063
paclitaxel,SCLC,RCINICONZNJXQF,True,1,1,0.9120339,RECOMPUTE_FROM_CACHE (mendel/depmap/mi — no pull),False,NCT06616532
paclitaxel,Neoplasms,RCINICONZNJXQF,True,1,1,0.44032305,RECOMPUTE_FROM_CACHE (mendel/depmap/mi — no pull),False,NCT03981796;NCT05112965
paclitaxel,Urothelial Carcinoma,RCINICONZNJXQF,True,1,1,0.8375975,RECOMPUTE_FROM_CACHE (mendel/depmap/mi — no pull),False,NCT06857175
paclitaxel,Advanced Endometrial Cancer,RCINICONZNJXQF,True,1,1,0.61241,RECOMPUTE_FROM_CACHE (mendel/depmap/mi — no pull),False,NCT06584032
pemetrexed,Non-Small Cell Lung Cancer,WBXPDJSOTKVWSJ,True,1,1,0.3055033,RECOMPUTE_FROM_CACHE (mendel/depmap/mi — no pull),False,NCT02486718;NCT03178552;NCT03425643;NCT03519971;NCT03800134;NCT04035486;NCT04194944;NCT04351555;NCT04765059;NCT04956692;NCT05116462;NCT05502237;NCT05668988;NCT05800015;NCT05870319;NCT06236438;NCT06382116;NCT06561386;NCT06564844;NCT06711900;NCT06712316;NCT06829459;NCT06899126;NCT07100080;NCT07131319;NCT07174908;NCT07190248;NCT07633873;NCT07642024
pemetrexed,Cancer,WBXPDJSOTKVWSJ,True,1,1,0.35806787,RECOMPUTE_FROM_CACHE (mendel/depmap/mi — no pull),False,NCT03768063
pemetrexed,Neoplasms,WBXPDJSOTKVWSJ,True,1,1,0.18594025,RECOMPUTE_FROM_CACHE (mendel/depmap/mi — no pull),False,NCT05112965
phenylephrine,Acute Ischemic Stroke,SONNWYBIRXJNDC,True,1,1,0.19803298,RECOMPUTE_FROM_CACHE (mendel/depmap/mi — no pull),False,NCT06677970;NCT06770426
piroxicam,contraception,QYSPLQLAKJAUJT,True,1,1,0.45144415,RECOMPUTE_FROM_CACHE (mendel/depmap/mi — no pull),False,NCT06727734
prednisolone,Follicular Lymphoma,OIGNJSKKLXVSLS,True,1,1,0.6157801,RECOMPUTE_FROM_CACHE (mendel/depmap/mi — no pull),False,NCT06911502;NCT07634471
prednisolone,acute respiratory distress syndrome,OIGNJSKKLXVSLS,True,1,1,0.8674861,RECOMPUTE_FROM_CACHE (mendel/depmap/mi — no pull),False,NCT06496997
prednisolone,Glaucoma,OIGNJSKKLXVSLS,True,1,1,0.3053766,RECOMPUTE_FROM_CACHE (mendel/depmap/mi — no pull),False,NCT03933631
prednisolone,Influenza,OIGNJSKKLXVSLS,True,1,1,0.30199093,RECOMPUTE_FROM_CACHE (mendel/depmap/mi — no pull),False,NCT07351500
prednisolone,"Glomerulonephritis, IGA",OIGNJSKKLXVSLS,True,1,1,0.46466056,RECOMPUTE_FROM_CACHE (mendel/depmap/mi — no pull),False,NCT05510323
prednisolone,Acute Ischemic Stroke,OIGNJSKKLXVSLS,True,1,1,0.5360292,RECOMPUTE_FROM_CACHE (mendel/depmap/mi — no pull),False,NCT06870448;NCT07141303
prednisolone,Multiple Sclerosis,OIGNJSKKLXVSLS,True,1,1,0.8674861,RECOMPUTE_FROM_CACHE (mendel/depmap/mi — no pull),False,NCT04544436;NCT04548999
prednisolone,Prostate Cancer,OIGNJSKKLXVSLS,True,1,1,0.8393092,RECOMPUTE_FROM_CACHE (mendel/depmap/mi — no pull),False,NCT00268476;NCT06952803
prednisolone,Systemic Lupus Erythematosus,OIGNJSKKLXVSLS,True,1,1,0.8674861,RECOMPUTE_FROM_CACHE (mendel/depmap/mi — no pull),False,NCT04963296
prednisolone,Lupus Nephritis,OIGNJSKKLXVSLS,True,1,1,0.8674861,RECOMPUTE_FROM_CACHE (mendel/depmap/mi — no pull),False,NCT04221477
prednisolone,Carpal Tunnel Syndrome,OIGNJSKKLXVSLS,True,1,1,0.19697346,RECOMPUTE_FROM_CACHE (mendel/depmap/mi — no pull),False,NCT06045013
prednisolone,Chronic Graft Versus Host Disease,OIGNJSKKLXVSLS,True,1,1,0.8674861,RECOMPUTE_FROM_CACHE (mendel/depmap/mi — no pull),False,NCT06143891
prednisolone,Diffuse Large B-Cell Lymphoma,OIGNJSKKLXVSLS,True,1,1,0.5118077,RECOMPUTE_FROM_CACHE (mendel/depmap/mi — no pull),False,NCT06717347
prednisolone acetate,Carpal Tunnel Syndrome,LRJOMUJRLNCICJ,True,1,1,0.24897824,RECOMPUTE_FROM_CACHE (mendel/depmap/mi — no pull),False,NCT06045013
prednisone,Follicular Lymphoma,XOFYZVNMUHMLCC,True,1,1,0.7873652,RECOMPUTE_FROM_CACHE (mendel/depmap/mi — no pull),False,NCT06284122;NCT06911502;NCT07634471
prednisone,giant cell arteritis,XOFYZVNMUHMLCC,True,1,1,0.7971067,RECOMPUTE_FROM_CACHE (mendel/depmap/mi — no pull),False,NCT03892785
prednisone,Multiple Myeloma,XOFYZVNMUHMLCC,True,1,1,0.4788693,RECOMPUTE_FROM_CACHE (mendel/depmap/mi — no pull),False,NCT00602641
prednisone,Diffuse Large B-Cell Lymphoma,XOFYZVNMUHMLCC,True,1,1,0.86056906,RECOMPUTE_FROM_CACHE (mendel/depmap/mi — no pull),False,NCT04529772;NCT04824092;NCT05578976;NCT06717347
prednisone,Chronic Graft Versus Host Disease,XOFYZVNMUHMLCC,True,1,1,0.7890131,RECOMPUTE_FROM_CACHE (mendel/depmap/mi — no pull),False,NCT06143891
prilocaine,"Infertility, Female",MVFGUOIZUNYYSO,True,1,1,0.40194988,RECOMPUTE_FROM_CACHE (mendel/depmap/mi — no pull),False,NCT06769204
prochlorperazine,migraine,WIKYUJGCLQQFNW,True,1,1,0.8392086,RECOMPUTE_FROM_CACHE (mendel/depmap/mi — no pull),False,NCT06904287
raloxifene,Breast Cancer,GZUITABIAKMVPG,True,1,1,0.6985095,RECOMPUTE_FROM_CACHE (mendel/depmap/mi — no pull),False,NCT06062810
ribociclib,Metastatic Breast Cancer,RHXHGRAEPCAFML,True,1,1,0.54863566,RECOMPUTE_FROM_CACHE (mendel/depmap/mi — no pull),False,NCT02344472;NCT05207709;NCT06377852
ribociclib,Early Breast Cancer,RHXHGRAEPCAFML,True,1,1,0.54863566,RECOMPUTE_FROM_CACHE (mendel/depmap/mi — no pull),False,NCT03701334;NCT05827081
riluzole,Amyotrophic Lateral Sclerosis,FTALBRSUTCGOEG,True,1,1,0.48678455,RECOMPUTE_FROM_CACHE (mendel/depmap/mi — no pull),False,NCT03127267
rivaroxaban,Behcet syndrome,KGFYHTZWPPHNLQ,True,1,1,0.16249706,RECOMPUTE_FROM_CACHE (mendel/depmap/mi — no pull),False,NCT06780462
rivastigmine,Alzheimer disease,XSVMFMHYUFZWBK,True,1,1,0.95230407,RECOMPUTE_FROM_CACHE (mendel/depmap/mi — no pull),False,NCT06702124
roflumilast,plaque psoriasis,MNDBXUUTURYVHR,True,1,1,0.7020232,RECOMPUTE_FROM_CACHE (mendel/depmap/mi — no pull),False,NCT06648772
roflumilast,"Depressive Disorder, Major",MNDBXUUTURYVHR,True,1,1,0.17300333,RECOMPUTE_FROM_CACHE (mendel/depmap/mi — no pull),False,NCT06860958
ropivacaine,Chronic pain,ZKMNUMMKYBVTFN,True,1,1,0.4140543,RECOMPUTE_FROM_CACHE (mendel/depmap/mi — no pull),False,NCT07448285
rotigotine,Alzheimer disease,KFQYTPMOWPVWEJ,True,1,1,0.40050793,RECOMPUTE_FROM_CACHE (mendel/depmap/mi — no pull),False,NCT06702124
rucaparib,Cancer,HMABYWSNWIZPAG,True,1,1,0.6770009,RECOMPUTE_FROM_CACHE (mendel/depmap/mi — no pull),False,NCT03768063
ruxolitinib,myelofibrosis,HFNKQEVNSGCOJV,True,1,1,0.70449024,RECOMPUTE_FROM_CACHE (mendel/depmap/mi — no pull),True,NCT04562389
selinexor,myelofibrosis,DEVSOMFAQLZNKR,True,1,1,0.069757864,RECOMPUTE_FROM_CACHE (mendel/depmap/mi — no pull),False,NCT04562389
selinexor,Endometrial Cancer,DEVSOMFAQLZNKR,True,1,1,0.18963279,RECOMPUTE_FROM_CACHE (mendel/depmap/mi — no pull),False,NCT05611931
selinexor,Acute Myeloid Leukemia,DEVSOMFAQLZNKR,True,1,1,0.35425055,RECOMPUTE_FROM_CACHE (mendel/depmap/mi — no pull),False,NCT06613035
simvastatin,Primary Sclerosing Cholangitis,RYMZZMVNJRMUDD,True,1,1,0.9798581,RECOMPUTE_FROM_CACHE (mendel/depmap/mi — no pull),True,NCT04133792
simvastatin,Cirrhosis,RYMZZMVNJRMUDD,True,1,1,0.9163057,RECOMPUTE_FROM_CACHE (mendel/depmap/mi — no pull),False,NCT03654053
sitagliptin,Type 1 Diabetes,MFFMDFFZMYYVKS,True,1,1,0.110008724,RECOMPUTE_FROM_CACHE (mendel/depmap/mi — no pull),False,NCT05219409
spironolactone,Rheumatoid Arthritis,LXMSZDCAJNLERA,True,1,1,0.8002449,RECOMPUTE_FROM_CACHE (mendel/depmap/mi — no pull),False,NCT05092984
sufentanil,Pain Management,GGCSSNBKKAUURC,True,1,1,0.3542331,RECOMPUTE_FROM_CACHE (mendel/depmap/mi — no pull),False,NCT06917651
sulfasalazine,Rheumatoid Arthritis,NCEXYHBECQHGNR,True,1,1,0.652903,RECOMPUTE_FROM_CACHE (mendel/depmap/mi — no pull),False,NCT03414502
sulfasalazine,Metastatic Colorectal Cancer,NCEXYHBECQHGNR,True,1,1,0.5550969,RECOMPUTE_FROM_CACHE (mendel/depmap/mi — no pull),False,NCT06134388
sunitinib,Cancer,WINHZLLDWRZWRT,True,1,1,0.9373174,RECOMPUTE_FROM_CACHE (mendel/depmap/mi — no pull),False,NCT03768063
sunitinib,renal cell carcinoma,WINHZLLDWRZWRT,True,1,1,0.9463718,RECOMPUTE_FROM_CACHE (mendel/depmap/mi — no pull),False,NCT02811861;NCT03141177
sunitinib,GIST,WINHZLLDWRZWRT,True,1,1,0.9600881,RECOMPUTE_FROM_CACHE (mendel/depmap/mi — no pull),False,NCT05734105
suvorexant,insomnia,JYTNQNCOQXFQPK,True,1,1,0.031678744,RECOMPUTE_FROM_CACHE (mendel/depmap/mi — no pull),False,NCT06655883
tadalafil,erectile dysfunction,WOXKDUGGOYFFRN,True,1,1,0.95248985,RECOMPUTE_FROM_CACHE (mendel/depmap/mi — no pull),False,NCT06805513;NCT07177326
tadalafil,Duchenne Muscular Dystrophy,WOXKDUGGOYFFRN,True,1,1,0.23724449,RECOMPUTE_FROM_CACHE (mendel/depmap/mi — no pull),False,NCT05195775
talazoparib,Prostate Cancer,HWGQMRYQVZSGDQ,True,1,1,0.52501404,RECOMPUTE_FROM_CACHE (mendel/depmap/mi — no pull),False,NCT04821622
tamoxifen,hot flashes,NKANXQFJJICGDU,True,1,1,0.5265145,RECOMPUTE_FROM_CACHE (mendel/depmap/mi — no pull),False,NCT06440967
tamoxifen,Infertility,NKANXQFJJICGDU,True,1,1,0.6218893,RECOMPUTE_FROM_CACHE (mendel/depmap/mi — no pull),True,NCT03011684
tapinarof,Atopic Dermatitis,ZISJNXNHJRQYJO,True,1,1,0.3346229,RECOMPUTE_FROM_CACHE (mendel/depmap/mi — no pull),False,NCT07265479
thalidomide,Multiple Myeloma,UEJJHQNACJXSKW,True,1,1,0.48636,RECOMPUTE_FROM_CACHE (mendel/depmap/mi — no pull),False,NCT00572169;NCT00602641;NCT03562169
thalidomide,Hepatocellular Carcinoma,UEJJHQNACJXSKW,True,1,1,0.58491653,RECOMPUTE_FROM_CACHE (mendel/depmap/mi — no pull),False,NCT07309419
ticagrelor,Ischemic Stroke,OEKWJQXRCDYSHL,True,1,1,0.0,RECOMPUTE_FROM_CACHE (mendel/depmap/mi — no pull),False,NCT06196047;NCT06202755;NCT06561867;NCT06591312;NCT06591338;NCT06591377;NCT06591390
topiramate,migraine,KJADKKWYZYXHBB,True,1,1,0.29026338,RECOMPUTE_FROM_CACHE (mendel/depmap/mi — no pull),False,NCT05748483
topotecan,SCLC,UCFGDBYHRUNTLO,True,1,1,0.9499373,RECOMPUTE_FROM_CACHE (mendel/depmap/mi — no pull),False,NCT06616532;NCT07145333
toremifene,Breast Cancer,XFCLJVABOIYOMF,True,1,1,0.59169316,RECOMPUTE_FROM_CACHE (mendel/depmap/mi — no pull),False,NCT05891093
tranexamic acid,postpartum hemorrhage,GYDJEQRTZSCIOI,True,1,1,0.95348424,RECOMPUTE_FROM_CACHE (mendel/depmap/mi — no pull),False,NCT04304625;NCT05562609
tranexamic acid,melasma,GYDJEQRTZSCIOI,True,1,1,0.95348424,RECOMPUTE_FROM_CACHE (mendel/depmap/mi — no pull),False,NCT07448415
tranexamic acid,Chronic Subdural Hematomas,GYDJEQRTZSCIOI,True,1,1,0.3076144,RECOMPUTE_FROM_CACHE (mendel/depmap/mi — no pull),False,NCT07245264
tranexamic acid,anemia,GYDJEQRTZSCIOI,True,1,1,0.902748,RECOMPUTE_FROM_CACHE (mendel/depmap/mi — no pull),False,NCT06519422
tranexamic acid,Sepsis,GYDJEQRTZSCIOI,True,1,1,0.051136516,RECOMPUTE_FROM_CACHE (mendel/depmap/mi — no pull),True,NCT04910464
travoprost,Glaucoma,MKPLKVHSHYCHOC,True,1,1,0.18547411,RECOMPUTE_FROM_CACHE (mendel/depmap/mi — no pull),False,NCT07075718;NCT07495852
trilaciclib,Bladder Cancer,PDGKHKMBHVFCMG,True,1,1,0.45317802,RECOMPUTE_FROM_CACHE (mendel/depmap/mi — no pull),False,NCT06364904
umeclidinium,COPD,FVTWTVQXNAJTQP,True,1,1,0.8846396,RECOMPUTE_FROM_CACHE (mendel/depmap/mi — no pull),False,NCT06474039
upadacitinib,Vitiligo,WYQFJHHDOKWSHR,True,1,1,0.9849855,RECOMPUTE_FROM_CACHE (mendel/depmap/mi — no pull),False,NCT06118411
upadacitinib,"Colitis, Ulcerative",WYQFJHHDOKWSHR,True,1,1,0.9775261,RECOMPUTE_FROM_CACHE (mendel/depmap/mi — no pull),False,NCT06660693
upadacitinib,juvenile idiopathic arthritis,WYQFJHHDOKWSHR,True,1,1,0.0045687305,RECOMPUTE_FROM_CACHE (mendel/depmap/mi — no pull),False,NCT05609630
upadacitinib,Systemic Lupus Erythematosus,WYQFJHHDOKWSHR,True,1,1,0.11106701,RECOMPUTE_FROM_CACHE (mendel/depmap/mi — no pull),True,NCT05843643
upadacitinib,Alopecia Areata,WYQFJHHDOKWSHR,True,1,1,0.9849855,RECOMPUTE_FROM_CACHE (mendel/depmap/mi — no pull),False,NCT06012240;NCT07023302
vemurafenib,Cancer,GPXBXXGIAQBQNI,True,1,1,0.49326268,RECOMPUTE_FROM_CACHE (mendel/depmap/mi — no pull),False,NCT03768063
vemurafenib,Non-Small Cell Lung Cancer,GPXBXXGIAQBQNI,True,1,1,0.9743974,RECOMPUTE_FROM_CACHE (mendel/depmap/mi — no pull),False,NCT03178552
venetoclax,"Leukemia, Myeloid, Acute",LQBVNQSMGBZMKD,True,1,1,0.05002561,RECOMPUTE_FROM_CACHE (mendel/depmap/mi — no pull),False,NCT06852222
venetoclax,Cancer,LQBVNQSMGBZMKD,True,1,1,0.11939871,RECOMPUTE_FROM_CACHE (mendel/depmap/mi — no pull),False,NCT03768063
vibegron,obesity,DJXRIQMCROIRCZ,True,1,1,0.6118492,RECOMPUTE_FROM_CACHE (mendel/depmap/mi — no pull),False,NCT06987383
vincristine,Follicular Lymphoma,OGWKCGZFUXNPDA,True,1,1,0.0,RECOMPUTE_FROM_CACHE (mendel/depmap/mi — no pull),False,NCT06911502;NCT07634471
vincristine,Diffuse Large B-Cell Lymphoma,OGWKCGZFUXNPDA,True,1,1,0.0,RECOMPUTE_FROM_CACHE (mendel/depmap/mi — no pull),False,NCT04529772;NCT04824092;NCT05578976;NCT06717347
zanubrutinib,Mantle Cell Lymphoma,RNOAOAWBMHREKO,True,1,1,0.97050107,RECOMPUTE_FROM_CACHE (mendel/depmap/mi — no pull),False,NCT05976763;NCT07377578
zanubrutinib,Diffuse Large B-Cell Lymphoma,RNOAOAWBMHREKO,True,1,1,0.06119409,RECOMPUTE_FROM_CACHE (mendel/depmap/mi — no pull),False,NCT06522555
Curcumin,Osteoarthritis,VFLDPWHFBUODDF,True,0,1,0.56805855,TARGET_RESOLUTION (no MOA/ChEMBL targets),False,NCT07183215
Curcumin,oral submucous fibrosis,VFLDPWHFBUODDF,True,0,1,0.45606065,TARGET_RESOLUTION (no MOA/ChEMBL targets),False,NCT06758739
L-citrulline,Sickle Cell Disease,RHGKLRLOHDJJDR,True,0,1,0.22294734,TARGET_RESOLUTION (no MOA/ChEMBL targets),False,NCT06989567
Thiamine,Heart Failure,JZRWCGZRTZMZEH,True,0,1,0.35770872,TARGET_RESOLUTION (no MOA/ChEMBL targets),False,NCT05873881
acetylcysteine,autism spectrum disorder,PWKSKIMOESPYIA,True,0,1,0.18668482,TARGET_RESOLUTION (no MOA/ChEMBL targets),False,NCT05494398;NCT05664789
acetylcysteine,Tuberculosis,PWKSKIMOESPYIA,True,0,1,0.36485866,TARGET_RESOLUTION (no MOA/ChEMBL targets),False,NCT07136987
bendamustine,Follicular Lymphoma,YTKUWDBFDASYHO,True,0,1,0.22586878,TARGET_RESOLUTION (no MOA/ChEMBL targets),False,NCT05058404;NCT06911502;NCT07634471
bendamustine,Chronic Lymphocytic Leukemia,YTKUWDBFDASYHO,True,0,1,0.1976093,TARGET_RESOLUTION (no MOA/ChEMBL targets),False,NCT02970318
bendamustine,Hodgkin Lymphoma,YTKUWDBFDASYHO,True,0,1,0.19881703,TARGET_RESOLUTION (no MOA/ChEMBL targets),False,NCT06170489
bendamustine,Mantle Cell Lymphoma,YTKUWDBFDASYHO,True,0,1,0.22964731,TARGET_RESOLUTION (no MOA/ChEMBL targets),False,NCT06363994
berberine,Hyperlipidemia,YBHILYKTIRIUTE,True,0,1,0.49947315,TARGET_RESOLUTION (no MOA/ChEMBL targets),False,NCT06782646
carboplatin,NSCLC,YAYRGNWWLMLWJE,True,0,1,0.16658017,TARGET_RESOLUTION (no MOA/ChEMBL targets),False,NCT05687266;NCT06754644
carboplatin,Non-Small Cell Lung Cancer,YAYRGNWWLMLWJE,True,0,1,0.16658017,TARGET_RESOLUTION (no MOA/ChEMBL targets),False,NCT03178552;NCT03519971;NCT03800134;NCT04035486;NCT04194944;NCT04351555;NCT04765059;NCT04956692;NCT05116462;NCT05502237;NCT05654454;NCT05668988;NCT05800015;NCT05870319;NCT06236438;NCT06382116;NCT06561386;NCT06564844;NCT06692738;NCT06711900;NCT06712316;NCT06829459;NCT07100080;NCT07131319;NCT07190248;NCT07416474;NCT07633873;NCT07642024
carboplatin,Breast Cancer,YAYRGNWWLMLWJE,True,0,1,0.16658017,TARGET_RESOLUTION (no MOA/ChEMBL targets),False,NCT01057069;NCT01646034;NCT03150576;NCT04137653;NCT04193059;NCT05159193;NCT05374512;NCT06103864;NCT06112379;NCT07057427
carboplatin,Endometrial Cancer,YAYRGNWWLMLWJE,True,0,1,0.268508,TARGET_RESOLUTION (no MOA/ChEMBL targets),False,NCT05201547;NCT05489848;NCT06952504;NCT06989112
carboplatin,Triple Negative Breast Cancer,YAYRGNWWLMLWJE,True,0,1,0.15273796,TARGET_RESOLUTION (no MOA/ChEMBL targets),False,NCT03168880;NCT04301739;NCT04722978;NCT06279364
carboplatin,Urothelial Carcinoma,YAYRGNWWLMLWJE,True,0,1,0.16658017,TARGET_RESOLUTION (no MOA/ChEMBL targets),False,NCT03967977;NCT05911295;NCT06592326
carboplatin,Esophageal Cancer,YAYRGNWWLMLWJE,True,0,1,0.16078681,TARGET_RESOLUTION (no MOA/ChEMBL targets),False,NCT07306663
carboplatin,Ovarian Cancer,YAYRGNWWLMLWJE,True,0,1,0.14720708,TARGET_RESOLUTION (no MOA/ChEMBL targets),False,NCT04520074;NCT06476184
carboplatin,Advanced Cervical Cancer,YAYRGNWWLMLWJE,True,0,1,0.15162195,TARGET_RESOLUTION (no MOA/ChEMBL targets),False,NCT07168200
carboplatin,Neoplasms,YAYRGNWWLMLWJE,True,0,1,0.10507137,TARGET_RESOLUTION (no MOA/ChEMBL targets),False,NCT03981796
cyclophosphamide,Follicular Lymphoma,CMSMOCZEIVJLDB,True,0,1,0.79338515,TARGET_RESOLUTION (no MOA/ChEMBL targets),False,NCT06284122;NCT06911502;NCT07634471
cyclophosphamide,Breast Cancer,CMSMOCZEIVJLDB,True,0,1,0.71659887,TARGET_RESOLUTION (no MOA/ChEMBL targets),False,NCT00070564;NCT00433420;NCT01057069;NCT01646034;NCT03725059;NCT04193059;NCT04290793;NCT04540692;NCT05159193;NCT06112379;NCT06996093;NCT07362914;NCT07432178
cyclophosphamide,Eosinophilic Granulomatosis With Polyangiitis,CMSMOCZEIVJLDB,True,0,1,0.65999687,TARGET_RESOLUTION (no MOA/ChEMBL targets),False,NCT05030155
cyclophosphamide,Graft-versus-host Disease (GVHD),CMSMOCZEIVJLDB,True,0,1,0.53671545,TARGET_RESOLUTION (no MOA/ChEMBL targets),False,NCT06615050
cyclophosphamide,Multiple Sclerosis,CMSMOCZEIVJLDB,True,0,1,0.81138855,TARGET_RESOLUTION (no MOA/ChEMBL targets),False,NCT03477500
cyclophosphamide,Multiple Myeloma,CMSMOCZEIVJLDB,True,0,1,0.48253056,TARGET_RESOLUTION (no MOA/ChEMBL targets),False,NCT00572169;NCT04923893;NCT05257083;NCT06045806;NCT06413498
cyclophosphamide,"Glomerulonephritis, IGA",CMSMOCZEIVJLDB,True,0,1,0.5986793,TARGET_RESOLUTION (no MOA/ChEMBL targets),False,NCT05510323
cyclophosphamide,severe aplastic anemia,CMSMOCZEIVJLDB,True,0,1,0.42403156,TARGET_RESOLUTION (no MOA/ChEMBL targets),False,NCT05600426
cyclophosphamide,Ovarian Cancer,CMSMOCZEIVJLDB,True,0,1,0.71659887,TARGET_RESOLUTION (no MOA/ChEMBL targets),False,NCT04520074
cyclophosphamide,Systemic Sclerosis,CMSMOCZEIVJLDB,True,0,1,0.42557165,TARGET_RESOLUTION (no MOA/ChEMBL targets),False,NCT07335562
cyclophosphamide,Triple Negative Breast Cancer,CMSMOCZEIVJLDB,True,0,1,0.7707682,TARGET_RESOLUTION (no MOA/ChEMBL targets),False,NCT04301739
cyclophosphamide,AL Amyloidosis,CMSMOCZEIVJLDB,True,0,1,0.4412415,TARGET_RESOLUTION (no MOA/ChEMBL targets),False,NCT04504825;NCT04512235;NCT06022939
cyclophosphamide,Vasculitis,CMSMOCZEIVJLDB,True,0,1,0.6906323,TARGET_RESOLUTION (no MOA/ChEMBL targets),False,NCT06321601
dacarbazine,Hodgkin Lymphoma,FDKXTQMXEQVLRF,True,0,1,0.5112098,TARGET_RESOLUTION (no MOA/ChEMBL targets),False,NCT04685616
diosmin,Breast Cancer,GZSOSUNBTXMUFQ,True,0,1,0.61597264,TARGET_RESOLUTION (no MOA/ChEMBL targets),False,NCT06811220
diosmin,Rheumatoid Arthritis,GZSOSUNBTXMUFQ,True,0,1,0.6974518,TARGET_RESOLUTION (no MOA/ChEMBL targets),False,NCT05756179
folic acid,Chronic Kidney Disease,OVBPIULPVIDEAO,True,0,1,0.43569258,TARGET_RESOLUTION (no MOA/ChEMBL targets),False,NCT05284656
hydroxychloroquine,Systemic Lupus Erythematosus,XXSMGPRMXLTPCZ,True,0,1,0.48278403,TARGET_RESOLUTION (no MOA/ChEMBL targets),False,NCT05799378
hydroxychloroquine,pneumonia,XXSMGPRMXLTPCZ,True,0,1,0.47453356,TARGET_RESOLUTION (no MOA/ChEMBL targets),False,NCT04381936
leucovorin,Colorectal Cancer,VVIAGPKUTFNRDU,True,0,1,0.6595417,TARGET_RESOLUTION (no MOA/ChEMBL targets),False,NCT06733038
leucovorin,Metastatic Colorectal Cancer,VVIAGPKUTFNRDU,True,0,1,0.48324373,TARGET_RESOLUTION (no MOA/ChEMBL targets),False,NCT04008030
leucovorin,Hepatocellular Carcinoma,VVIAGPKUTFNRDU,True,0,1,0.44771823,TARGET_RESOLUTION (no MOA/ChEMBL targets),False,NCT06201065
leucovorin,Neoplasms,VVIAGPKUTFNRDU,True,0,1,0.2077149,TARGET_RESOLUTION (no MOA/ChEMBL targets),False,NCT04607421
melphalan,AL Amyloidosis,SGDBTWWWUNNDEQ,True,0,1,0.35198998,TARGET_RESOLUTION (no MOA/ChEMBL targets),False,NCT06022939
melphalan,Acute Myeloid Leukemia,SGDBTWWWUNNDEQ,True,0,1,0.42416865,TARGET_RESOLUTION (no MOA/ChEMBL targets),False,NCT06613035
minocycline,Rheumatoid Arthritis,DYKFCLLONBREIL,True,0,1,0.0,TARGET_RESOLUTION (no MOA/ChEMBL targets),False,NCT03414502
minocycline,intracerebral hemorrhage,DYKFCLLONBREIL,True,0,1,0.0,TARGET_RESOLUTION (no MOA/ChEMBL targets),False,NCT07338175
minocycline,Ischaemic Stroke,DYKFCLLONBREIL,True,0,1,0.0,TARGET_RESOLUTION (no MOA/ChEMBL targets),False,NCT07526987
carboplatin,"Carcinoma, Non-Small-Cell Lung",YAYRGNWWLMLWJE,True,0,0,,TARGET_RESOLUTION (no MOA/ChEMBL targets) + OPEN_TARGETS_PULL (no disease gene module),False,NCT03456076;NCT04025879;NCT04538664;NCT04988295;NCT05298423;NCT05487391;NCT06623422;NCT06875310
hydroxychloroquine,preeclampsia,XXSMGPRMXLTPCZ,True,0,0,,TARGET_RESOLUTION (no MOA/ChEMBL targets) + OPEN_TARGETS_PULL (no disease gene module),True,NCT05287321
