ik14,source_file,run,n_metabolites,n_parent_tx,n_union_tx,n_metab_only_tx,n_parent_tx_hi,n_union_tx_hi,n_metab_only_tx_hi,breadth_expansion_hi,parent_max,parent_mean,metab_max,metab_mean,n_parent_rows,n_metab_rows
APVQOOKHDZVJEX,APVQOOKHDZVJEX_LSBIWMFESA_N_patient_0_significant_interactions.tsv,R03,158,816,22124,21308,362,12372,12010,34.1767955801105,0.9762,0.7134,1.0,0.7399,819,515407
AYXYPKUFHZROOJ,AYXYPKUFHZROOJ_ZETCQYMHSA_N_drug_patient_0_significant_interactions.tsv,R02,316,5052,18555,13503,2167,11201,9034,5.1688970927549605,0.9696,0.6931,1.0,0.7139,5089,546041
AZEXWHKOMMASPA,AZEXWHKOMMASPA_UHFFFAOYSA_N_drug_patient_0_significant_interactions.tsv,R02,309,77,31284,31207,52,20171,20119,387.90384615384613,0.9914,0.7716,1.0,0.7143,77,726515
BQJCRHHNABKAKU,BQJCRHHNABKAKU_KBQPJGBKSA_N_drug_patient_0_significant_interactions.tsv,R02,1263,38,19681,19643,29,12016,11987,414.3448275862069,0.9848,0.8782,1.0,0.7437,38,3435810
BSYNRYMUTXBXSQ,BSYNRYMUTXBXSQ_UHFFFAOYSA_N_drug_patient_0_significant_interactions.tsv,R02,174,1755,20129,18374,140,11920,11780,85.14285714285714,0.8119,0.6502,1.0,0.7098,1780,436270
CDAISMWEOUEBRE,CDAISMWEOUEBRE_GPIVLXJGSA_N_drug_patient_0_significant_interactions.tsv,R02,4,154,3232,3078,1,1016,1015,1016.0,0.7184,0.6281,0.8775,0.678,154,3342
CMSMOCZEIVJLDB,CMSMOCZEIVJLDB_UHFFFAOYSA_N_patient_0_significant_interactions.tsv,R03,58,4627,14936,10309,2303,9219,6916,4.003039513677812,0.834,0.7051,1.0,0.7273,4672,160043
CUIHSIWYWATEQL,CUIHSIWYWATEQL_UHFFFAOYSA_N_drug_patient_0_significant_interactions.tsv,R02,265,11179,28850,17671,7267,20998,13731,2.889500481629283,0.9942,0.7689,1.0,0.7517,11299,1672715
CWHUFRVAEUJCEF,CWHUFRVAEUJCEF_UHFFFAOYSA_N_patient_0_significant_interactions.tsv,R03,1391,1105,30766,29661,825,19070,18245,23.115151515151513,0.9908,0.7881,1.0,0.7595,1105,6208286
CXOXHMZGEKVPMT,CXOXHMZGEKVPMT_UHFFFAOYSA_N_drug_patient_0_significant_interactions.tsv,R02,774,4098,31318,27220,1670,18917,17247,11.327544910179641,0.8846,0.6891,1.0,0.736,4150,4579975
CZGUSIXMZVURDU,CZGUSIXMZVURDU_JZXHSEFVSA_N_drug_patient_0_significant_interactions.tsv,R02,40,348,9289,8941,174,2861,2687,16.442528735632184,0.9683,0.7239,0.9713,0.6615,364,17328
DAPFMGRCDFSUSN,DAPFMGRCDFSUSN_UHFFFAOYSA_N_patient_0_significant_interactions.tsv,R03,597,133,28577,28444,1,15939,15938,15939.0,0.7189,0.6333,1.0,0.7318,133,2493899
DBABZHXKTCFAPX,DBABZHXKTCFAPX_UHFFFAOYSA_N_drug_patient_0_significant_interactions.tsv,R02,196,229,13924,13695,125,8674,8549,69.392,0.8939,0.729,1.0,0.7406,231,727462
DDBREPKUVSBGFI,DDBREPKUVSBGFI_UHFFFAOYSA_N_drug_patient_0_significant_interactions.tsv,R02,472,545,26618,26073,192,14737,14545,76.75520833333333,0.8346,0.6823,1.0,0.7305,558,1646442
DDHVILIIHBIMQU,DDHVILIIHBIMQU_YJGQQKNPSA_L_drug_patient_0_significant_interactions.tsv,R02,0,6192,6192,0,3555,3555,0,1.0,0.9284,0.7338,0.0,0.0,6245,0
DDOOFTLHJSMHLN,DDOOFTLHJSMHLN_ZQHRPCGSSA_N_drug_patient_0_significant_interactions.tsv,R02,445,6003,13717,7714,3451,9024,5573,2.614894233555491,0.8871,0.7336,1.0,0.7594,6056,2562430
DHSUYTOATWAVLW,DHSUYTOATWAVLW_WFVMDLQDSA_N_drug_patient_0_significant_interactions.tsv,R02,720,864,16379,15515,526,10654,10128,20.254752851711025,0.9353,0.7363,1.0,0.7467,866,1792278
DKYWVDODHFEZIM,DKYWVDODHFEZIM_UHFFFAOYSA_N_patient_0_significant_interactions.tsv,R03,2400,1227,28295,27068,85,17338,17253,203.9764705882353,0.8093,0.6373,1.0,0.7368,1246,11475934
DMKSVUSAATWOCU,DMKSVUSAATWOCU_HROMYWEYSA_N_drug_patient_0_significant_interactions.tsv,R02,0,459,459,0,138,138,0,1.0,0.7774,0.6759,0.0,0.0,460,0
DOMQFIFVDIAOOT,DOMQFIFVDIAOOT_ROUUACIJSA_N_patient_0_significant_interactions.tsv,R03,1597,191,9605,9414,91,5990,5899,65.82417582417582,0.9938,0.7117,1.0,0.7444,206,1354186
DPYMFVXJLLWWEU,DPYMFVXJLLWWEU_UHFFFAOYSA_N_drug_patient_0_significant_interactions.tsv,R02,6,10,693,683,0,124,124,0.0,0.6086,0.6042,0.8188,0.6611,10,928
DTGLZDAWLRGWQN,DTGLZDAWLRGWQN_UHFFFAOYSA_N_patient_0_significant_interactions.tsv,R03,3776,5625,43749,38124,2797,26069,23272,9.320343224883803,0.9724,0.7067,1.0,0.758,5681,23194726
DUGOZIWVEXMGBE,DUGOZIWVEXMGBE_UHFFFAOYSA_N_drug_patient_0_significant_interactions.tsv,R02,554,185,23724,23539,67,13946,13879,208.1492537313433,0.8782,0.6859,1.0,0.7243,185,1719915
DYKFCLLONBREIL,DYKFCLLONBREIL_KVUCHLLUSA_N_patient_0_significant_interactions.tsv,R03,1884,0,30707,30707,0,21230,21230,0.0,0.0,0.0,1.0,0.7541,0,4533181
FBPFZTCFMRRESA,FBPFZTCFMRRESA_KVTDHHQDSA_N_drug_patient_0_significant_interactions.tsv,R02,0,5,5,0,0,0,0,0.0,0.6345,0.6139,0.0,0.0,5,0
FERIUCNNQQJTOY,FERIUCNNQQJTOY_UHFFFAOYSA_N_drug_patient_0_significant_interactions.tsv,R02,2,49,8229,8180,0,5214,5214,0.0,0.6995,0.6262,0.9898,0.7672,50,16266
FGQFOYHRJSUHMR,FGQFOYHRJSUHMR_UHFFFAOYSA_N_drug_patient_0_significant_interactions.tsv,R02,2200,6393,24142,17749,2619,15295,12676,5.840015273004964,0.9658,0.7011,1.0,0.7611,6458,16472606
FIDMEHCRMLKKPZ,FIDMEHCRMLKKPZ_YSMBQZINSA_N_drug_patient_0_significant_interactions.tsv,R02,0,8502,8502,0,5033,5033,0,1.0,0.9533,0.7429,0.0,0.0,8570,0
FJCDSQATIJKQKA,FJCDSQATIJKQKA_UHFFFAOYSA_N_drug_patient_0_significant_interactions.tsv,R02,484,401,33045,32644,122,22298,22176,182.7704918032787,0.8738,0.6806,1.0,0.7541,401,2016905
FJLBFSROUSIWMA,FJLBFSROUSIWMA_UHFFFAOYSA_N_drug_patient_0_significant_interactions.tsv,R02,111,356,15298,14942,192,9772,9580,50.895833333333336,0.911,0.7245,1.0,0.7528,356,571604
FKENQMMABCRJMK,FKENQMMABCRJMK_RITPCOANSA_N_drug_patient_0_significant_interactions.tsv,R02,162,2,12434,12432,0,7446,7446,0.0,0.6125,0.6117,1.0,0.7298,2,350208
FKMJXALNHKIDOD,FKMJXALNHKIDOD_LBPRGKRZSA_N_drug_patient_0_significant_interactions.tsv,R02,167,321,13329,13008,254,8721,8467,34.33464566929134,0.912,0.7979,1.0,0.7483,324,836931
FKRSSPOQAMALKA,FKRSSPOQAMALKA_CUPIEXAXSA_N_drug_patient_0_significant_interactions.tsv,R02,1434,340,16797,16457,112,10678,10566,95.33928571428571,0.8481,0.6802,1.0,0.7667,347,6066509
FTALBRSUTCGOEG,FTALBRSUTCGOEG_UHFFFAOYSA_N_drug_patient_0_significant_interactions.tsv,R02,10,1698,13588,11890,425,8205,7780,19.305882352941175,0.9178,0.6682,0.9992,0.7421,1714,63232
FYPMFJGVHOHGLL,FYPMFJGVHOHGLL_UHFFFAOYSA_N_drug_patient_0_significant_interactions.tsv,R02,691,1629,17986,16357,343,11106,10763,32.37900874635569,0.9189,0.6647,1.0,0.7336,1645,1290287
GBBSUAFBMRNDJC,GBBSUAFBMRNDJC_INIZCTEOSA_N_drug_patient_0_significant_interactions.tsv,R02,529,913,27426,26513,319,14273,13954,44.74294670846395,0.8832,0.6774,1.0,0.7579,957,3039570
GFHAXPJGXSQLPT,GFHAXPJGXSQLPT_VIFPVBQESA_N_drug_patient_0_significant_interactions.tsv,R02,147,356,12828,12472,60,7841,7781,130.68333333333334,0.7955,0.6559,1.0,0.7442,358,715762
GGXKWVWZWMLJEH,GGXKWVWZWMLJEH_UHFFFAOYSA_N_drug_patient_0_significant_interactions.tsv,R02,111,934,26456,25522,104,15586,15482,149.8653846153846,0.8423,0.6445,1.0,0.7456,947,214095
GHOSNRCGJFBJIB,GHOSNRCGJFBJIB_UHFFFAOYSA_N_drug_patient_0_significant_interactions.tsv,R02,0,6542,6542,0,3788,3788,0,1.0,0.9742,0.7394,0.0,0.0,6602,0
GJJFMKBJSRMPLA,GJJFMKBJSRMPLA_UHFFFAOYSA_N_drug_patient_0_significant_interactions.tsv,R02,205,62,10992,10930,55,6346,6291,115.38181818181818,0.9704,0.8374,1.0,0.7046,62,266435
GJSURZIOUXUGAL,GJSURZIOUXUGAL_UHFFFAOYSA_N_drug_patient_0_significant_interactions.tsv,R02,56,731,17000,16269,51,9549,9498,187.23529411764707,0.7776,0.6445,1.0,0.745,737,277931
GKCBAIGFKIBETG,GKCBAIGFKIBETG_UHFFFAOYSA_N_drug_patient_0_significant_interactions.tsv,R02,726,731,30097,29366,31,17378,17347,560.5806451612904,0.7843,0.6383,1.0,0.737,732,2855031
GMRQFYUYWCNGIN,GMRQFYUYWCNGIN_NKMMMXOESA_N_drug_patient_0_significant_interactions.tsv,R02,1,211,222,11,125,125,0,1.0,0.976,0.7304,0.9619,0.7163,211,197
GMVPRGQOIOIIMI,GMVPRGQOIOIIMI_DWKJAMRDSA_N_drug_patient_0_significant_interactions.tsv,R02,0,346,346,0,171,171,0,1.0,0.9865,0.7284,0.0,0.0,347,0
GOZDTZWAMGHLDY,GOZDTZWAMGHLDY_UHFFFAOYSA_L_drug_patient_0_significant_interactions.tsv,R02,0,240,240,0,18,18,0,1.0,0.7445,0.6436,0.0,0.0,243,0
GPRBEKHLDVQUJE,GPRBEKHLDVQUJE_QSWIMTSFSA_N_drug_patient_0_significant_interactions.tsv,R02,291,0,20859,20859,0,13283,13283,0.0,0.0,0.0,1.0,0.7584,0,552555
GQYIWUVLTXOXAJ,GQYIWUVLTXOXAJ_UHFFFAOYSA_N_drug_patient_0_significant_interactions.tsv,R02,201,9180,19204,10024,5821,12552,6731,2.1563305274007902,1.0,0.7697,1.0,0.7475,9249,772407
GTQPEQGDLVSFJO,GTQPEQGDLVSFJO_CXAGYDPISA_N_drug_patient_0_significant_interactions.tsv,R02,421,817,25643,24826,486,15837,15351,32.58641975308642,0.9799,0.7439,1.0,0.751,818,876587
GXJABQQUPOEUTA,GXJABQQUPOEUTA_RDJZCZTQSA_N_drug_patient_0_significant_interactions.tsv,R02,575,857,13720,12863,444,8659,8215,19.50225225225225,0.9631,0.7222,1.0,0.7441,861,2713590
GZSOSUNBTXMUFQ,GZSOSUNBTXMUFQ_YFAPSIMESA_N_drug_patient_0_significant_interactions.tsv,R02,334,2288,33455,31167,9,20161,20152,2240.1111111111113,0.7191,0.6561,1.0,0.737,2305,1765499
HBOMLICNUCNMMY,HBOMLICNUCNMMY_XLPZGREQSA_N_drug_patient_0_significant_interactions.tsv,R02,90,449,10911,10462,284,6763,6479,23.81338028169014,0.9561,0.746,1.0,0.7402,453,308424
HBUBKKRHXORPQB,HBUBKKRHXORPQB_FJFJXFQQSA_N_drug_patient_0_significant_interactions.tsv,R02,101,1345,23822,22477,466,12790,12324,27.446351931330472,0.9667,0.6871,0.9984,0.7032,1348,347519
HCDMJFOHIXMBOV,HCDMJFOHIXMBOV_UHFFFAOYSA_N_patient_0_significant_interactions.tsv,R03,945,83,24685,24602,72,15408,15336,214.0,0.9915,0.9087,1.0,0.755,114,2077322
HCYAFALTSJYZDH,HCYAFALTSJYZDH_UHFFFAOYSA_N_drug_patient_0_significant_interactions.tsv,R02,1326,305,26625,26320,82,16338,16256,199.2439024390244,0.8869,0.6724,1.0,0.722,306,3749600
HDKWFBCPLKNOCK,HDKWFBCPLKNOCK_SFHVURJKSA_N_drug_patient_0_significant_interactions.tsv,R02,85,8375,9607,1232,5386,6154,768,1.14259190493873,1.0,0.7732,1.0,0.7539,8438,296712
HLWURFKMDLAKOD,HLWURFKMDLAKOD_UHFFFAOYSA_N_drug_patient_0_significant_interactions.tsv,R02,450,5307,18262,12955,2817,10044,7227,3.5654952076677318,0.9118,0.7189,1.0,0.7637,5353,3076974
HQPVVKXJNZEAFW,HQPVVKXJNZEAFW_UHFFFAOYSA_M_drug_patient_0_significant_interactions.tsv,R02,0,3031,3031,0,1175,1175,0,1.0,0.8756,0.6864,0.0,0.0,3055,0
HWXVIOGONBBTBY,HWXVIOGONBBTBY_ONEGZZNKSA_N_drug_patient_0_significant_interactions.tsv,R02,315,0,27675,27675,0,14452,14452,0.0,0.0,0.0,1.0,0.7345,0,486398
HYIMSNHJOBLJNT,HYIMSNHJOBLJNT_UHFFFAOYSA_N_drug_patient_0_significant_interactions.tsv,R02,380,3058,20424,17366,1118,12333,11215,11.031305903398927,0.8861,0.6856,1.0,0.7432,3096,2631943
IEDVJHCEMCRBQM,IEDVJHCEMCRBQM_UHFFFAOYSA_N_patient_0_significant_interactions.tsv,R03,336,3592,34596,31004,137,21845,21708,159.45255474452554,0.8628,0.6466,1.0,0.7436,3633,1919357
IENZQIKPVFGBNW,IENZQIKPVFGBNW_UHFFFAOYSA_N_drug_patient_0_significant_interactions.tsv,R02,620,1606,38290,36684,218,25223,25005,115.70183486238533,0.9,0.655,1.0,0.7556,1629,4047938
IMONTRJLAWHYGT,IMONTRJLAWHYGT_ZCPXKWAGSA_N_drug_patient_0_significant_interactions.tsv,R02,292,3276,12913,9637,1243,7821,6578,6.292035398230088,0.9056,0.6813,1.0,0.7544,3311,1443539
IMOZEMNVLZVGJZ,IMOZEMNVLZVGJZ_QGZVFWFLSA_N_drug_patient_0_significant_interactions.tsv,R02,687,3309,23080,19771,1570,14397,12827,9.170063694267515,0.9076,0.7045,1.0,0.755,3368,3324527
INDBQLZJXZLFIT,INDBQLZJXZLFIT_UHFFFAOYSA_N_drug_patient_0_significant_interactions.tsv,R02,117,289,19518,19229,64,11246,11182,175.71875,0.8155,0.6673,1.0,0.7274,290,356540
INJOMKTZOLKMBF,INJOMKTZOLKMBF_UHFFFAOYSA_N_drug_patient_0_significant_interactions.tsv,R02,98,215,13864,13649,14,8394,8380,599.5714285714286,0.7587,0.6353,1.0,0.7401,217,386966
IRSCQMHQWWYFCW,IRSCQMHQWWYFCW_UHFFFAOYSA_N_drug_patient_0_significant_interactions.tsv,R02,12,506,3259,2753,228,683,455,2.995614035087719,0.918,0.7029,0.9989,0.6846,506,9282
ISBHYKVAFKTATD,ISBHYKVAFKTATD_SNVBAGLBSA_N_patient_0_significant_interactions.tsv,R03,2279,445,52217,51772,228,37683,37455,165.27631578947367,0.9578,0.7147,1.0,0.7537,445,9881251
ITRJWOMZKQRYTA,ITRJWOMZKQRYTA_RFZYENFJSA_N_drug_patient_0_significant_interactions.tsv,R02,644,3884,15572,11688,1489,9781,8292,6.568838146406985,0.9942,0.6847,1.0,0.7515,3919,3127309
IYDYFVUFSPQPPV,IYDYFVUFSPQPPV_PEXOCOHZSA_N_patient_0_significant_interactions.tsv,R03,1522,582,37581,36999,395,22591,22196,57.19240506329114,0.9334,0.7696,1.0,0.76,602,5429932
JAUOIFJMECXRGI,JAUOIFJMECXRGI_UHFFFAOYSA_N_drug_patient_0_significant_interactions.tsv,R02,363,524,30059,29535,140,19385,19245,138.46428571428572,0.8422,0.6697,1.0,0.7531,527,2018580
JCQLYHFGKNRPGE,JCQLYHFGKNRPGE_FCVZTGTOSA_N_drug_patient_0_significant_interactions.tsv,R02,98,12,16495,16483,7,9194,9187,1313.4285714285713,0.905,0.7996,1.0,0.7224,12,177994
JGMOKGBVKVMRFX,JGMOKGBVKVMRFX_HQZYFCCVSA_N_drug_patient_0_significant_interactions.tsv,R02,2533,32,22174,22142,30,14310,14280,477.0,0.9589,0.8585,1.0,0.7504,32,10713232
JGRXMPYUTJLTKT,JGRXMPYUTJLTKT_UHFFFAOYSA_N_drug_patient_0_significant_interactions.tsv,R02,331,388,9978,9590,232,6574,6342,28.336206896551722,0.9877,0.7406,1.0,0.7314,392,884478
JGWRKYUXBBNENE,JGWRKYUXBBNENE_UHFFFAOYSA_N_drug_patient_0_significant_interactions.tsv,R02,242,313,32051,31738,112,22734,22622,202.98214285714286,0.8091,0.6784,1.0,0.7618,317,1480233
JRWROCIMSDXGOZ,JRWROCIMSDXGOZ_UHFFFAOYSA_N_patient_0_significant_interactions.tsv,R03,367,165,17160,16995,116,10638,10522,91.70689655172414,0.9859,0.7803,1.0,0.7536,165,1528078
JTEGQNOMFQHVDC,JTEGQNOMFQHVDC_NKWVEPMBSA_N_drug_patient_0_significant_interactions.tsv,R02,11,1331,13349,12018,115,8392,8277,72.97391304347826,0.8208,0.6407,0.9991,0.7421,1339,60806
JVHXJTBJCFBINQ,JVHXJTBJCFBINQ_ADAARDCZSA_N_patient_0_significant_interactions.tsv,R03,1438,3241,20136,16895,467,12296,11829,26.329764453961456,0.7893,0.6573,1.0,0.7435,3270,8082717
JZRWCGZRTZMZEH,JZRWCGZRTZMZEH_UHFFFAOYSA_N_patient_0_significant_interactions.tsv,R03,482,6994,33654,26660,3396,21575,18179,6.353062426383981,0.9807,0.7246,1.0,0.7629,7065,2706998
KAQKFAOMNZTLHT,KAQKFAOMNZTLHT_OZUDYXHBSA_N_drug_patient_0_significant_interactions.tsv,R02,0,384,384,0,185,185,0,1.0,0.9997,0.7281,0.0,0.0,386,0
KHOITXIGCFIULA,KHOITXIGCFIULA_UHFFFAOYSA_N_drug_patient_0_significant_interactions.tsv,R02,168,2772,16008,13236,604,9566,8962,15.83774834437086,0.8182,0.6646,1.0,0.7401,2801,671275
KNAHARQHSZJURB,KNAHARQHSZJURB_UHFFFAOYSA_N_drug_patient_0_significant_interactions.tsv,R02,61,1468,14809,13341,247,9675,9428,39.17004048582996,0.7704,0.6593,1.0,0.7286,1491,169582
KPQZUUQMTUIKBP,KPQZUUQMTUIKBP_UHFFFAOYSA_N_drug_patient_0_significant_interactions.tsv,R02,118,267,17076,16809,3,9952,9949,3317.3333333333335,0.7269,0.6226,1.0,0.7427,268,475519
KPYSYYIEGFHWSV,KPYSYYIEGFHWSV_UHFFFAOYSA_N_drug_patient_0_significant_interactions.tsv,R02,339,1322,19241,17919,252,11689,11437,46.38492063492063,0.8943,0.6615,1.0,0.7405,1326,1907876
KQKPFRSPSRPDEB,KQKPFRSPSRPDEB_UHFFFAOYSA_N_drug_patient_0_significant_interactions.tsv,R02,625,772,18994,18222,311,10288,9977,33.08038585209003,0.9782,0.7007,1.0,0.7454,775,2314118
KRCQSTCYZUOBHN,KRCQSTCYZUOBHN_UHFFFAOYSA_N_drug_patient_0_significant_interactions.tsv,R02,0,8375,8375,0,5386,5386,0,1.0,1.0,0.7732,0.0,0.0,8438,0
KRNAOFGYEFKHPB,KRNAOFGYEFKHPB_ANJVHQHFSA_N_drug_patient_0_significant_interactions.tsv,R02,329,85,13312,13227,53,9034,8981,170.45283018867926,0.9929,0.7524,1.0,0.7637,85,201669
KSMAGQUYOIHWFS,KSMAGQUYOIHWFS_UHFFFAOYSA_N_drug_patient_0_significant_interactions.tsv,R02,222,739,23534,22795,130,13984,13854,107.56923076923077,0.7947,0.6614,1.0,0.7487,743,998560
KWGRBVOPPLSCSI,KWGRBVOPPLSCSI_WCBMZHEXSA_N_drug_patient_0_significant_interactions.tsv,R02,597,442,32397,31955,19,19423,19404,1022.2631578947369,0.7718,0.6355,1.0,0.7129,443,1604854
KWIUHFFTVRNATP,KWIUHFFTVRNATP_UHFFFAOYSA_O_drug_patient_0_significant_interactions.tsv,R02,40,195,9075,8880,32,2719,2687,84.96875,0.7531,0.6495,0.9713,0.6615,243,17328
KXGVEGMKQFWNSR,KXGVEGMKQFWNSR_LLQZFEROSA_N_drug_patient_0_significant_interactions.tsv,R02,0,1707,1707,0,53,53,0,1.0,0.8506,0.6407,0.0,0.0,1716,0
KXZOIWWTXOCYKR,KXZOIWWTXOCYKR_UHFFFAOYSA_M_drug_patient_0_significant_interactions.tsv,R02,0,1450,1450,0,116,116,0,1.0,0.9176,0.6364,0.0,0.0,1453,0
LAZPBGZRMVRFKY,LAZPBGZRMVRFKY_HNCPQSOCSA_N_drug_patient_0_significant_interactions.tsv,R02,0,5008,5008,0,2804,2804,0,1.0,0.9872,0.7391,0.0,0.0,5079,0
LBHLFPGPEGDCJG,LBHLFPGPEGDCJG_UHFFFAOYSA_N_drug_patient_0_significant_interactions.tsv,R02,616,165,32746,32581,117,22475,22358,192.0940170940171,0.972,0.7928,1.0,0.7597,165,3074898
LCDDAGSJHKEABN,LCDDAGSJHKEABN_MLGOLLRUSA_N_patient_0_significant_interactions.tsv,R03,1638,298,36554,36256,235,21859,21624,93.01702127659574,0.9807,0.8203,1.0,0.75,299,3244888
LCQLHJZYVOQKHU,LCQLHJZYVOQKHU_VKHMYHEASA_N_drug_patient_0_significant_interactions.tsv,R02,27,68,9262,9194,21,5502,5481,262.0,0.7634,0.6588,0.9982,0.7112,68,47573
LDCRTTXIJACKKU,LDCRTTXIJACKKU_ONEGZZNKSA_N_drug_patient_0_significant_interactions.tsv,R02,0,3,3,0,0,0,0,0.0,0.6059,0.604,0.0,0.0,3,0
LDDHMLJTFXJGPI,LDDHMLJTFXJGPI_UHFFFAOYSA_N_patient_0_significant_interactions.tsv,R03,20,1365,11050,9685,624,6883,6259,11.030448717948717,0.9238,0.7011,1.0,0.7491,1379,75967
LDEKQSIMHVQZJK,LDEKQSIMHVQZJK_CAQYMETFSA_N_drug_patient_0_significant_interactions.tsv,R02,443,8375,12356,3981,5386,7674,2288,1.4248050501299665,1.0,0.7732,1.0,0.7624,8438,2878688
LHHCSNFAOIFYRV,LHHCSNFAOIFYRV_DOVBMPENSA_N_drug_patient_0_significant_interactions.tsv,R02,471,623,17320,16697,331,11557,11226,34.91540785498489,0.9068,0.7168,1.0,0.7344,624,202428
LPQZKKCYTLCDGQ,LPQZKKCYTLCDGQ_WEDXCCLWSA_N_drug_patient_0_significant_interactions.tsv,R02,122,8537,14137,5600,5071,8865,3794,1.7481759021889174,0.9517,0.7447,1.0,0.7547,8606,515227
LVWZTYCIRDMTEY,LVWZTYCIRDMTEY_UHFFFAOYSA_N_patient_0_significant_interactions.tsv,R03,42,2393,14235,11842,795,9149,8354,11.508176100628932,0.8651,0.6757,1.0,0.7398,2420,252623
MAEIEVLCKWDQJH,MAEIEVLCKWDQJH_UHFFFAOYSA_N_drug_patient_0_significant_interactions.tsv,R02,281,363,13643,13280,175,7902,7727,45.15428571428571,0.9264,0.7183,1.0,0.7383,365,1002637
MCGSCOLBFJQGHM,MCGSCOLBFJQGHM_SCZZXKLOSA_N_drug_patient_0_significant_interactions.tsv,R02,455,1048,18255,17207,513,10303,9790,20.08382066276803,0.9935,0.7166,1.0,0.7372,1051,1369091
METKIMKYRPQLGS,METKIMKYRPQLGS_UHFFFAOYSA_N_drug_patient_0_significant_interactions.tsv,R02,368,42,22008,21966,25,12619,12594,504.76,0.9051,0.7645,1.0,0.7267,44,878786
MEZLKOACVSPNER,MEZLKOACVSPNER_GFCCVEGCSA_N_drug_patient_0_significant_interactions.tsv,R02,1144,54,33154,33100,28,19581,19553,699.3214285714286,0.9081,0.7426,1.0,0.7408,54,4705380
MJHOMTRKVMKCNE,MJHOMTRKVMKCNE_NWDGAFQWSA_N_patient_0_significant_interactions.tsv,R03,472,211,30924,30713,80,19804,19724,247.55,0.9494,0.6961,1.0,0.7515,211,1588594
MOYKHGMNXAOIAT,MOYKHGMNXAOIAT_JGWLITMVSA_N_drug_patient_0_significant_interactions.tsv,R02,0,73,73,0,31,31,0,1.0,0.8627,0.7183,0.0,0.0,73,0
MSYKRHVOOPPJKU,MSYKRHVOOPPJKU_BDAKNGLRSA_N_drug_patient_0_significant_interactions.tsv,R02,2224,290,47944,47654,28,31471,31443,1123.9642857142858,0.8106,0.66,1.0,0.7339,292,7501113
MUJMYVFVAWFUJL,MUJMYVFVAWFUJL_SNAWJCMRSA_O_drug_patient_0_significant_interactions.tsv,R02,501,1,22952,22951,0,15017,15017,0.0,0.6486,0.6486,1.0,0.7508,1,543171
MUMGGOZAMZWBJJ,MUMGGOZAMZWBJJ_DYKIIFRCSA_N_drug_patient_0_significant_interactions.tsv,R02,7,150,8545,8395,50,4004,3954,80.08,0.7875,0.6818,0.9832,0.6947,150,10607
MVFGUOIZUNYYSO,MVFGUOIZUNYYSO_UHFFFAOYSA_N_patient_0_significant_interactions.tsv,R03,2036,741,45607,44866,7,29817,29810,4259.571428571428,0.7205,0.6317,1.0,0.7277,749,7700508
NAKSIOUBFDBTSW,NAKSIOUBFDBTSW_ITMZJIMRSA_N_drug_patient_0_significant_interactions.tsv,R02,0,705,705,0,256,256,0,1.0,0.8108,0.685,0.0,0.0,709,0
NBGABHGMJVIVBW,NBGABHGMJVIVBW_QHCPKHFHSA_N_drug_patient_0_significant_interactions.tsv,R02,975,27,11426,11399,18,7228,7210,401.55555555555554,0.9961,0.8013,1.0,0.7535,27,1242713
NGBFQHCMQULJNZ,NGBFQHCMQULJNZ_UHFFFAOYSA_N_drug_patient_0_significant_interactions.tsv,R02,539,11183,27641,16458,4314,18622,14308,4.316643486323597,0.9048,0.6911,1.0,0.7472,11291,3159433
NIJJYAXOARWZEE,NIJJYAXOARWZEE_UHFFFAOYSA_N_drug_patient_0_significant_interactions.tsv,R02,693,192,21023,20831,9,12814,12805,1423.7777777777778,0.744,0.6377,1.0,0.7213,196,1504725
NLVFBUXFDBBNBW,NLVFBUXFDBBNBW_PBSUHMDJSA_N_drug_patient_0_significant_interactions.tsv,R02,250,103,12877,12774,65,8267,8202,127.18461538461538,0.9572,0.7549,1.0,0.7408,103,1059740
NOOLISFMXDJSKH,NOOLISFMXDJSKH_UHFFFAOYSA_N_drug_patient_0_significant_interactions.tsv,R02,0,31,31,0,0,0,0,0.0,0.6675,0.6282,0.0,0.0,31,0
NOQYJICHFNSIFZ,NOQYJICHFNSIFZ_DIACKHNESA_N_drug_patient_0_significant_interactions.tsv,R02,95,7005,16102,9097,3235,9201,5966,2.8442040185471407,0.9749,0.7214,0.9939,0.7069,7089,151749
NPUKDXXFDDZOKR,NPUKDXXFDDZOKR_LLVKDONJSA_N_drug_patient_0_significant_interactions.tsv,R02,414,1153,33169,32016,17,19699,19682,1158.764705882353,0.7635,0.6309,1.0,0.7297,1160,2032374
NSKJTUFFDRENDM,NSKJTUFFDRENDM_ZVGUSBNCSA_N_patient_0_significant_interactions.tsv,R03,47,7,6740,6733,0,3390,3390,0.0,0.6507,0.631,0.957,0.6822,7,48877
NXFQHRVNIOXGAQ,NXFQHRVNIOXGAQ_YCRREMRBSA_N_drug_patient_0_significant_interactions.tsv,R02,27,4198,13595,9397,2343,8874,6531,3.787451984635083,0.9722,0.7396,1.0,0.7347,4271,131284
NZWOPGCLSHLLPA,NZWOPGCLSHLLPA_UHFFFAOYSA_N_drug_patient_0_significant_interactions.tsv,R02,79,144,16491,16347,0,9269,9269,0.0,0.6677,0.6167,1.0,0.7169,149,110947
OGHNVEJMJSYVRP,OGHNVEJMJSYVRP_UHFFFAOYSA_N_patient_0_significant_interactions.tsv,R03,1842,88,45206,45118,22,31695,31673,1440.6818181818182,0.9247,0.6736,1.0,0.7286,90,5372402
OGSBUKJUDHAQEA,OGSBUKJUDHAQEA_WMCAAGNKSA_N_drug_patient_0_significant_interactions.tsv,R02,263,394,12090,11696,100,8168,8068,81.68,0.966,0.6761,1.0,0.7571,394,1112559
OIPILFWXSMYKGL,OIPILFWXSMYKGL_UHFFFAOYSA_N_drug_patient_0_significant_interactions.tsv,R02,41,455,9219,8764,127,2802,2675,22.062992125984252,0.9092,0.672,0.9713,0.6617,455,17783
OIRDTQYFTABQOQ,OIRDTQYFTABQOQ_KQYNXXCUSA_N_drug_patient_0_significant_interactions.tsv,R02,4,1363,13190,11827,475,7027,6552,14.793684210526315,0.9487,0.6857,0.9088,0.7199,1366,12088
OPXLLQIJSORQAM,OPXLLQIJSORQAM_UHFFFAOYSA_N_drug_patient_0_significant_interactions.tsv,R02,254,3270,28155,24885,903,17223,16320,19.07308970099668,0.857,0.6726,1.0,0.7274,3330,1139827
OUBCNLGXQFSTLU,OUBCNLGXQFSTLU_UHFFFAOYSA_N_drug_patient_0_significant_interactions.tsv,R02,490,3696,29207,25511,1891,16579,14688,8.767318878900053,0.9191,0.7164,1.0,0.7451,3759,2991523
OURRXQUGYQRVML,OURRXQUGYQRVML_AREMUKBSSA_N_drug_patient_0_significant_interactions.tsv,R02,352,324,28872,28548,211,17797,17586,84.34597156398104,0.9654,0.7465,1.0,0.7522,337,1255045
OZWKMVRBQXNZKK,OZWKMVRBQXNZKK_UHFFFAOYSA_N_drug_patient_0_significant_interactions.tsv,R02,682,7672,22933,15261,3960,14336,10376,3.6202020202020204,0.9818,0.7232,1.0,0.7471,7762,3036630
PIWKPBJCKXDKJR,PIWKPBJCKXDKJR_UHFFFAOYSA_N_drug_patient_0_significant_interactions.tsv,R02,6,334,6458,6124,69,3057,2988,44.30434782608695,0.7618,0.6616,0.9478,0.708,335,6378
PKCDDUHJAFVJJB,PKCDDUHJAFVJJB_VLZXCDOPSA_N_drug_patient_0_significant_interactions.tsv,R02,103,988,12187,11199,550,7330,6780,13.327272727272728,0.9578,0.7215,1.0,0.7498,1001,359794
PMRYVIKBURPHAH,PMRYVIKBURPHAH_UHFFFAOYSA_N_drug_patient_0_significant_interactions.tsv,R02,2,1341,10092,8751,73,5756,5683,78.84931506849315,0.7724,0.6399,1.0,0.769,1366,9084
PNNGXMJMUUJHAV,PNNGXMJMUUJHAV_UHFFFAOYSA_N_drug_patient_0_significant_interactions.tsv,R02,0,5402,5402,0,2987,2987,0,1.0,0.9799,0.7152,0.0,0.0,5460,0
POGQSBRIGCQNEG,POGQSBRIGCQNEG_UHFFFAOYSA_N_drug_patient_0_significant_interactions.tsv,R02,47,221,22238,22017,2,11280,11278,5640.0,0.7105,0.6234,1.0,0.7484,223,247382
PPSNFPASKFYPMN,PPSNFPASKFYPMN_SECBINFHSA_N_drug_patient_0_significant_interactions.tsv,R02,367,352,15387,15035,169,8318,8149,49.218934911242606,0.9474,0.7239,1.0,0.742,358,385446
PQJQFLNBMSCUSH,PQJQFLNBMSCUSH_SBAJWEJLSA_N_patient_0_significant_interactions.tsv,R03,1588,0,20817,20817,0,13279,13279,0.0,0.0,0.0,1.0,0.7681,0,2635305
PRMWGUBFXWROHD,PRMWGUBFXWROHD_UHFFFAOYSA_N_drug_patient_0_significant_interactions.tsv,R02,791,2400,34086,31686,302,23256,22954,77.00662251655629,0.8781,0.6567,1.0,0.7501,2450,5152178
PTKSEFOSCHHMPD,PTKSEFOSCHHMPD_UHFFFAOYSA_N_drug_patient_0_significant_interactions.tsv,R02,27,1394,14652,13258,171,9183,9012,53.70175438596491,0.8412,0.6455,1.0,0.73,1409,120544
PTOIAAWZLUQTIO,PTOIAAWZLUQTIO_GXFFZTMASA_N_drug_patient_0_significant_interactions.tsv,R02,748,466,23508,23042,109,15435,15326,141.60550458715596,0.901,0.668,1.0,0.7445,471,2723406
PURKAOJPTOLRMP,PURKAOJPTOLRMP_UHFFFAOYSA_N_drug_patient_0_significant_interactions.tsv,R02,2437,2069,44654,42585,384,33021,32637,85.9921875,0.758,0.656,1.0,0.7538,2106,12887951
PWKSKIMOESPYIA,PWKSKIMOESPYIA_BYPYZUCNSA_N_drug_patient_0_significant_interactions.tsv,R02,0,30,30,0,18,18,0,1.0,0.7713,0.6963,0.0,0.0,30,0
PWWVAXIEGOYWEE,PWWVAXIEGOYWEE_UHFFFAOYSA_N_drug_patient_0_significant_interactions.tsv,R02,1002,458,26704,26246,27,15560,15533,576.2962962962963,0.8235,0.6326,1.0,0.7284,458,4097331
QCGUSIANLFXSGE,QCGUSIANLFXSGE_GFCCVEGCSA_N_drug_patient_0_significant_interactions.tsv,R02,276,5975,20803,14828,3333,11724,8391,3.5175517551755178,0.9701,0.7277,1.0,0.7654,6032,2122681
QDGZDCVAUDNJFG,QDGZDCVAUDNJFG_FXQIFTODSA_N_patient_0_significant_interactions.tsv,R03,75,714,15106,14392,130,9564,9434,73.56923076923077,0.8551,0.6565,1.0,0.757,716,460097
QFNHIDANIVGXPE,QFNHIDANIVGXPE_FNZWTVRRSA_N_drug_patient_0_significant_interactions.tsv,R02,760,8375,22809,14434,5386,14764,9378,2.741180839212774,1.0,0.7732,1.0,0.7615,8438,3985675
QIALRBLEEWJACW,QIALRBLEEWJACW_INIZCTEOSA_N_drug_patient_0_significant_interactions.tsv,R02,1213,376,27585,27209,15,16583,16568,1105.5333333333333,0.74,0.6365,1.0,0.737,376,5979133
QIGBRXMKCJKVMJ,QIGBRXMKCJKVMJ_UHFFFAOYSA_N_drug_patient_0_significant_interactions.tsv,R02,30,146,6833,6687,3,3458,3455,1152.6666666666667,0.7023,0.6281,0.987,0.7071,147,78069
QIVUCLWGARAQIO,QIVUCLWGARAQIO_OLIXTKCUSA_N_drug_patient_0_significant_interactions.tsv,R02,475,3420,13099,9679,1328,8649,7321,6.512801204819277,0.8426,0.6834,1.0,0.7557,3455,965804
QPFYXYFORQJZEC,QPFYXYFORQJZEC_FOCLMDBBSA_N_drug_patient_0_significant_interactions.tsv,R02,20,2711,13714,11003,1147,8964,7817,7.815170008718396,0.9294,0.6906,1.0,0.7553,2747,129348
RAHBGWKEPAQNFF,RAHBGWKEPAQNFF_UHFFFAOYSA_N_drug_patient_0_significant_interactions.tsv,R02,1269,9955,42247,32292,6359,31273,24914,4.917911621324108,0.9989,0.7696,1.0,0.7587,10046,7534921
RCQXSQPPHJPGOF,RCQXSQPPHJPGOF_UHFFFAOYSA_N_drug_patient_0_significant_interactions.tsv,R02,0,1097,1097,0,542,542,0,1.0,0.9523,0.7115,0.0,0.0,1100,0
RJKFOVLPORLFTN,RJKFOVLPORLFTN_LEKSSAKUSA_N_drug_patient_0_significant_interactions.tsv,R02,8,233,3499,3266,90,1199,1109,13.322222222222223,0.7959,0.6877,0.9734,0.6675,233,5402
RKSUYBCOVNCALL,RKSUYBCOVNCALL_NTVURLEBSA_N_drug_patient_0_significant_interactions.tsv,R02,0,2353,2353,0,381,381,0,1.0,0.8067,0.6562,0.0,0.0,2362,0
RLLPVAHGXHCWKJ,RLLPVAHGXHCWKJ_UHFFFAOYSA_N_drug_patient_0_significant_interactions.tsv,R02,174,34,17772,17738,12,11023,11011,918.5833333333334,0.8097,0.697,1.0,0.7409,34,781862
RPTUSVTUFVMDQK,RPTUSVTUFVMDQK_UHFFFAOYSA_N_drug_patient_0_significant_interactions.tsv,R02,111,2179,28946,26767,259,18310,18051,70.6949806949807,0.8489,0.6488,1.0,0.7193,2222,543097
RUEYEZADQJCKGV,RUEYEZADQJCKGV_UHFFFAOYSA_N_drug_patient_0_significant_interactions.tsv,R02,1194,207,21056,20849,56,12758,12702,227.82142857142858,0.8406,0.667,1.0,0.7473,207,3895534
RYYVLZVUVIJVGH,RYYVLZVUVIJVGH_UHFFFAOYSA_N_drug_patient_0_significant_interactions.tsv,R02,2,1281,4452,3171,426,1781,1355,4.18075117370892,0.9669,0.6819,0.8461,0.6812,1283,4215
RZOBLYBZQXQGFY,RZOBLYBZQXQGFY_UHFFFAOYSA_N_drug_patient_0_significant_interactions.tsv,R02,0,8,8,0,1,1,0,1.0,0.7016,0.6428,0.0,0.0,8,0
SDUQYLNIPVEERB,SDUQYLNIPVEERB_QPPQHZFASA_N_drug_patient_0_significant_interactions.tsv,R02,21,3355,14524,11169,1257,9163,7906,7.289578361177407,0.9156,0.6844,1.0,0.7482,3394,139857
SGEIEGAXKLMUIZ,SGEIEGAXKLMUIZ_XUVDNFPMSA_N_drug_patient_0_significant_interactions.tsv,R02,764,5245,33954,28709,2034,17485,15451,8.596361848574238,0.9449,0.6859,1.0,0.7631,5292,4664539
SJZRECIVHVDYJC,SJZRECIVHVDYJC_UHFFFAOYSA_N_patient_0_significant_interactions.tsv,R03,119,40,15474,15434,0,8518,8518,0.0,0.6698,0.6261,0.9925,0.6921,40,126426
SNICXCGAKADSCV,SNICXCGAKADSCV_JTQLQIEISA_N_drug_patient_0_significant_interactions.tsv,R02,365,969,26632,25663,144,15097,14953,104.84027777777777,0.8251,0.6509,1.0,0.7292,973,1688628
SONNWYBIRXJNDC,SONNWYBIRXJNDC_VIFPVBQESA_N_drug_patient_0_significant_interactions.tsv,R02,475,404,33350,32946,63,19783,19720,314.015873015873,0.7798,0.6549,1.0,0.7113,406,1246994
SYOKIDBDQMKNDQ,SYOKIDBDQMKNDQ_XWTIBIIYSA_N_patient_0_significant_interactions.tsv,R03,2546,277,42960,42683,220,28832,28612,131.05454545454546,0.9999,0.842,1.0,0.7517,278,5268652
SYTBZMRGLBWNTM,SYTBZMRGLBWNTM_UHFFFAOYSA_N_patient_0_significant_interactions.tsv,R03,1381,287,29342,29055,10,17841,17831,1784.1,0.7809,0.6384,1.0,0.7331,294,6896379
TTZHDVOVKQGIBA,TTZHDVOVKQGIBA_IQWMDFIBSA_N_drug_patient_0_significant_interactions.tsv,R02,488,8350,15746,7396,5362,9903,4541,1.8468854904886236,0.9983,0.7724,1.0,0.7457,8413,2703721
TXEIIPDJKFWEEC,TXEIIPDJKFWEEC_UHFFFAOYSA_N_drug_patient_0_significant_interactions.tsv,R02,140,2340,14598,12258,615,9517,8902,15.47479674796748,0.8728,0.6696,1.0,0.7528,2363,906378
TYNLGDBUJLVSMA,TYNLGDBUJLVSMA_UHFFFAOYSA_N_drug_patient_0_significant_interactions.tsv,R02,685,1492,28605,27113,198,18183,17985,91.83333333333333,0.8717,0.6554,1.0,0.7518,1509,4097072
TZXKOCQBRNJULO,TZXKOCQBRNJULO_UHFFFAOYSA_N_drug_patient_0_significant_interactions.tsv,R02,57,4741,19773,15032,1415,11599,10184,8.197173144876325,0.8649,0.6749,1.0,0.7503,4807,261201
UAHFGYDRQSXQEB,UAHFGYDRQSXQEB_LEBBXHLNSA_N_drug_patient_0_significant_interactions.tsv,R02,39,5347,9317,3970,2746,5897,3151,2.1474872541879098,0.9528,0.7143,1.0,0.7521,5393,264133
UCEQXRCJXIVODC,UCEQXRCJXIVODC_PMACEKPBSA_N_drug_patient_0_significant_interactions.tsv,R02,458,1425,14925,13500,669,9364,8695,13.997010463378176,0.9697,0.7111,1.0,0.7553,1431,2815457
UCSJYZPVAKXKNQ,UCSJYZPVAKXKNQ_HZYVHMACSA_N_patient_0_significant_interactions.tsv,R03,1188,7663,17973,10310,4758,11573,6815,2.432324506094998,0.9999,0.7594,1.0,0.7214,7724,2780885
UCTRAOBQFUDCSR,UCTRAOBQFUDCSR_SECBINFHSA_N_drug_patient_0_significant_interactions.tsv,R02,125,54,15398,15344,0,8936,8936,0.0,0.6756,0.6184,1.0,0.7248,54,554145
UFBJCMHMOXMLKC,UFBJCMHMOXMLKC_UHFFFAOYSA_N_drug_patient_0_significant_interactions.tsv,R02,249,1319,16958,15639,61,10364,10303,169.9016393442623,0.7648,0.64,1.0,0.7225,1332,925427
UIAGMCDKSXEBJQ,UIAGMCDKSXEBJQ_UHFFFAOYSA_N_patient_0_significant_interactions.tsv,R03,1233,3260,22199,18939,1175,13775,12600,11.72340425531915,0.8673,0.682,1.0,0.7584,3311,8688385
UJVDJAPJQWZRFR,UJVDJAPJQWZRFR_DHIUTWEWSA_N_drug_patient_0_significant_interactions.tsv,R02,0,34,34,0,29,29,0,1.0,0.9683,0.8327,0.0,0.0,34,0
UNZIDPIPYUMVPA,UNZIDPIPYUMVPA_UHFFFAOYSA_M_drug_patient_0_significant_interactions.tsv,R02,0,3719,3719,0,1813,1813,0,1.0,0.9216,0.7126,0.0,0.0,3776,0
UOZODPSAJZTQNH,UOZODPSAJZTQNH_LSWIJEOBSA_N_drug_patient_0_significant_interactions.tsv,R02,215,1657,17485,15828,1348,11729,10381,8.701038575667656,0.9396,0.8091,1.0,0.748,1676,664383
USUZGMWDZDXMDG,USUZGMWDZDXMDG_CYBMUJFWSA_N_drug_patient_0_significant_interactions.tsv,R02,192,236,16947,16711,134,9803,9669,73.15671641791045,0.8646,0.7141,1.0,0.7424,236,707076
USZAGAREISWJDP,USZAGAREISWJDP_UHFFFAOYSA_N_drug_patient_0_significant_interactions.tsv,R02,2,4938,6093,1155,2421,3376,955,1.3944650970673276,0.9272,0.706,0.9303,0.7245,4983,6138
VIKNJXKGJWUCNN,VIKNJXKGJWUCNN_XGXHKTLJSA_N_drug_patient_0_significant_interactions.tsv,R02,450,6263,14189,7926,3643,9017,5374,2.4751578369475706,0.8985,0.7375,1.0,0.7569,6316,2512777
VJYDOJXJUCJUHL,VJYDOJXJUCJUHL_UHFFFAOYSA_N_patient_0_significant_interactions.tsv,R03,1906,479,23669,23190,302,13611,13309,45.06953642384106,0.998,0.7603,1.0,0.7417,479,6121834
VKHAHZOOUSRJNA,VKHAHZOOUSRJNA_GCNJZUOMSA_N_drug_patient_0_significant_interactions.tsv,R02,1507,32,14166,14134,32,9539,9507,298.09375,0.9897,0.8826,1.0,0.7509,32,4540855
VLCYCQAOQCDTCN,VLCYCQAOQCDTCN_UHFFFAOYSA_N_drug_patient_0_significant_interactions.tsv,R02,72,1791,12653,10862,72,7623,7551,105.875,0.7959,0.6369,0.9992,0.7223,1794,178870
VLPIATFUUWWMKC,VLPIATFUUWWMKC_UHFFFAOYSA_N_drug_patient_0_significant_interactions.tsv,R02,177,520,20725,20205,41,12319,12278,300.4634146341463,0.7721,0.644,1.0,0.7326,536,710084
VOBHXZCDAVEXEY,VOBHXZCDAVEXEY_JSGCOSHPSA_N_drug_patient_0_significant_interactions.tsv,R02,490,147,14120,13973,0,8984,8984,0.0,0.6634,0.6264,1.0,0.7451,147,2052533
VUJZFNSWCNSGDV,VUJZFNSWCNSGDV_UHFFFAOYSA_N_patient_0_significant_interactions.tsv,R03,1040,173,22827,22654,78,13123,13045,168.24358974358975,0.9413,0.7085,1.0,0.7573,174,3915541
VYFYYTLLBUKUHU,VYFYYTLLBUKUHU_UHFFFAOYSA_N_drug_patient_0_significant_interactions.tsv,R02,74,871,25338,24467,75,12180,12105,162.4,0.7948,0.6487,0.9713,0.6761,875,65419
WOFMFGQZHJDGCX,WOFMFGQZHJDGCX_ZULDAHANSA_N_drug_patient_0_significant_interactions.tsv,R02,2139,8375,19278,10903,5386,12097,6711,2.246008169327887,1.0,0.7732,1.0,0.7609,8438,13876273
WPEWQEMJFLWMLV,WPEWQEMJFLWMLV_UHFFFAOYSA_N_patient_0_significant_interactions.tsv,R03,1161,346,38031,37685,14,27422,27408,1958.7142857142858,0.8139,0.6459,1.0,0.7555,347,6008453
WRUGWIBCXHJTDG,WRUGWIBCXHJTDG_UHFFFAOYSA_L_patient_0_significant_interactions.tsv,R03,0,167,167,0,58,58,0,1.0,0.7652,0.6765,0.0,0.0,169,0
WWYNJERNGUHSAO,WWYNJERNGUHSAO_XUDSTZEESA_N_drug_patient_0_significant_interactions.tsv,R02,849,33,26404,26371,30,17007,16977,566.9,0.9809,0.8765,1.0,0.7549,33,4177295
WYWHKKSPHMUBEB,WYWHKKSPHMUBEB_UHFFFAOYSA_N_drug_patient_0_significant_interactions.tsv,R02,0,376,376,0,20,20,0,1.0,0.828,0.6354,0.0,0.0,379,0
WYWIFABBXFUGLM,WYWIFABBXFUGLM_UHFFFAOYSA_N_drug_patient_0_significant_interactions.tsv,R02,348,576,19585,19009,273,11710,11437,42.89377289377289,0.9777,0.7259,1.0,0.7564,579,1453110
WZOZEZRFJCJXNZ,WZOZEZRFJCJXNZ_ZBFHGGJFSA_N_drug_patient_0_significant_interactions.tsv,R02,526,8375,13883,5508,5386,9059,3673,1.681953212031192,1.0,0.7732,1.0,0.762,8438,3084706
XAYGBKHKBBXDAK,XAYGBKHKBBXDAK_UHFFFAOYSA_N_drug_patient_0_significant_interactions.tsv,R02,681,1259,36923,35664,427,25109,24682,58.80327868852459,0.9274,0.6836,1.0,0.757,1267,3554428
XDRYMKDFEDOLFX,XDRYMKDFEDOLFX_UHFFFAOYSA_N_drug_patient_0_significant_interactions.tsv,R02,142,272,14688,14416,217,9191,8974,42.354838709677416,0.8397,0.7638,1.0,0.7343,275,189328
XEDHVZKDSYZQBF,XEDHVZKDSYZQBF_UHFFFAOYSA_N_drug_patient_0_significant_interactions.tsv,R02,1623,4090,51836,47746,179,36627,36448,204.62011173184356,0.7891,0.6403,1.0,0.7543,4131,8483783
XEYBRNLFEZDVAW,XEYBRNLFEZDVAW_ARSRFYASSA_N_drug_patient_0_significant_interactions.tsv,R02,0,296,296,0,146,146,0,1.0,0.9975,0.7319,0.0,0.0,297,0
XFYDIVBRZNQMJC,XFYDIVBRZNQMJC_UHFFFAOYSA_N_drug_patient_0_significant_interactions.tsv,R02,29,42,13764,13722,19,8857,8838,466.1578947368421,0.929,0.7108,1.0,0.7412,42,75601
XHOLNRLADUSQLD,XHOLNRLADUSQLD_UHFFFAOYSA_N_drug_patient_0_significant_interactions.tsv,R02,460,286,17253,16967,247,10602,10355,42.92307692307692,0.9999,0.8663,1.0,0.7406,289,844957
XIQVNETUBQGFHX,XIQVNETUBQGFHX_UHFFFAOYSA_N_drug_patient_0_significant_interactions.tsv,R02,2591,266,21361,21095,86,12582,12496,146.30232558139534,0.8941,0.6829,1.0,0.745,266,10099268
XNKLLVCARDGLGL,XNKLLVCARDGLGL_JGVFFNPUSA_N_drug_patient_0_significant_interactions.tsv,R02,189,427,15432,15005,247,9465,9218,38.31983805668016,0.9389,0.7337,1.0,0.7406,431,574665
XOFYZVNMUHMLCC,XOFYZVNMUHMLCC_ZPOLXVRWSA_N_patient_0_significant_interactions.tsv,R03,1393,5371,16993,11622,2771,11263,8492,4.06459761818838,0.9706,0.7103,1.0,0.7492,5414,6351741
XPIJWUTXQAGSLK,XPIJWUTXQAGSLK_UHFFFAOYSA_N_drug_patient_0_significant_interactions.tsv,R02,2136,5481,44522,39041,1029,31658,30629,30.765792031098155,0.8999,0.6592,1.0,0.7602,5555,14046337
XPOQHMRABVBWPR,XPOQHMRABVBWPR_ZDUSSCGKSA_N_drug_patient_0_significant_interactions.tsv,R02,199,924,13211,12287,367,8147,7780,22.19891008174387,0.925,0.6991,1.0,0.7585,974,1308585
XQSPYNMVSIKCOC,XQSPYNMVSIKCOC_NTSWFWBYSA_N_drug_patient_0_significant_interactions.tsv,R02,11,580,12104,11524,50,6685,6635,133.7,0.775,0.6425,1.0,0.7469,592,63401
XSDQTOBWRPYKKA,XSDQTOBWRPYKKA_UHFFFAOYSA_N_drug_patient_0_significant_interactions.tsv,R02,16,290,3394,3104,255,1357,1102,5.32156862745098,0.9514,0.8381,0.9928,0.6847,293,3315
XSQUKJJJFZCRTK,XSQUKJJJFZCRTK_UHFFFAOYSA_N_drug_patient_0_significant_interactions.tsv,R02,0,56,56,0,0,0,0,0.0,0.6562,0.6152,0.0,0.0,56,0
XYGBKMMCQDZQOZ,XYGBKMMCQDZQOZ_UHFFFAOYSA_M_drug_patient_0_significant_interactions.tsv,R02,0,235,235,0,32,32,0,1.0,0.7888,0.6585,0.0,0.0,251,0
XYLJNLCSTIOKRM,XYLJNLCSTIOKRM_UHFFFAOYSA_N_drug_patient_0_significant_interactions.tsv,R02,54,313,17039,16726,49,10274,10225,209.6734693877551,0.7418,0.6485,1.0,0.7693,313,242558
YBHILYKTIRIUTE,YBHILYKTIRIUTE_UHFFFAOYSA_N_drug_patient_0_significant_interactions.tsv,R02,110,2024,14281,12257,538,9426,8888,17.520446096654275,0.8936,0.6713,1.0,0.7521,2050,720563
YIBOMRUWOWDFLG,YIBOMRUWOWDFLG_ONEGZZNKSA_N_drug_patient_0_significant_interactions.tsv,R02,55,8769,18185,9416,5001,11681,6680,2.335732853429314,0.9413,0.7277,1.0,0.7654,8863,419555
YOZBGTLTNGAVFU,YOZBGTLTNGAVFU_UHFFFAOYSA_N_drug_patient_0_significant_interactions.tsv,R02,66,327,8840,8513,174,5388,5214,30.96551724137931,0.9524,0.7215,0.9989,0.7214,331,66404
YTFHCXIPDIHOIA,YTFHCXIPDIHOIA_DHZHZOJOSA_N_drug_patient_0_significant_interactions.tsv,R02,244,64,9055,8991,36,5732,5696,159.22222222222223,0.8536,0.724,1.0,0.7387,64,286057
YWXYYJSYQOXTPL,YWXYYJSYQOXTPL_SLPGGIOYSA_N_drug_patient_0_significant_interactions.tsv,R02,4,30,6792,6762,0,3934,3934,0.0,0.677,0.6294,0.9831,0.7397,30,13680
ZCCUWMICIWSJIX,ZCCUWMICIWSJIX_NQJJCJBVSA_N_drug_patient_0_significant_interactions.tsv,R02,137,1680,12326,10646,1352,7973,6621,5.897189349112426,0.9901,0.8211,1.0,0.7631,1682,214388
ZDXPYRJPNDTMRX,ZDXPYRJPNDTMRX_VKHMYHEASA_N_drug_patient_0_significant_interactions.tsv,R02,82,419,25671,25252,50,12399,12349,247.98,0.8042,0.6425,0.9713,0.6753,423,73990
ZEUITGRIYCTCEM,ZEUITGRIYCTCEM_KRWDZBQOSA_N_patient_0_significant_interactions.tsv,R03,2734,67,38319,38252,57,23755,23698,416.7543859649123,0.9887,0.8285,1.0,0.7455,67,11361029
ZLHZLMOSPGACSZ,ZLHZLMOSPGACSZ_NSHDSACASA_N_drug_patient_0_significant_interactions.tsv,R02,14,1448,13770,12322,703,8663,7960,12.322901849217638,0.959,0.7099,1.0,0.7426,1455,61579
ZQGJCHHKJNSPMS,ZQGJCHHKJNSPMS_UHFFFAOYSA_L_drug_patient_0_significant_interactions.tsv,R02,0,227,227,0,29,29,0,1.0,0.8446,0.6469,0.0,0.0,227,0
ZZUFCTLCJUWOSV,ZZUFCTLCJUWOSV_UHFFFAOYSA_N_drug_patient_0_significant_interactions.tsv,R02,198,297,13376,13079,171,8414,8243,49.2046783625731,0.9637,0.7512,1.0,0.739,299,611341
